BINGO CARABOBO;1;9;8;11;2;4;20;16;25;18;24;38;41;42;34;59;49;53;57;47;68;65;66;64;67
BINGO CARABOBO;2;6;14;3;10;13;30;17;22;21;28;37;45;40;35;50;51;54;58;56;63;69;75;62;70
BINGO CARABOBO;3;15;12;5;1;7;19;27;26;23;29;43;39;33;31;48;52;60;46;55;72;61;74;73;71
BINGO CARABOBO;4;6;4;2;11;7;21;28;20;24;26;38;44;42;32;53;48;50;56;57;64;75;65;66;67
BINGO CARABOBO;5;5;14;10;15;12;18;25;17;27;30;33;35;37;45;54;47;60;59;58;63;71;62;72;69
BINGO CARABOBO;6;8;13;9;3;1;19;29;23;22;16;43;31;34;41;55;51;49;52;46;68;61;73;70;74
BINGO CARABOBO;7;14;3;11;4;13;17;29;27;19;26;34;37;43;40;58;55;57;50;53;66;72;71;73;62
BINGO CARABOBO;8;9;2;8;12;1;20;24;18;21;22;44;36;39;33;52;49;51;54;47;64;69;74;68;65
BINGO CARABOBO;9;10;5;7;15;6;23;25;28;16;30;45;31;38;42;59;46;60;56;48;70;63;61;75;67
BINGO CARABOBO;10;11;4;6;13;5;25;29;20;16;19;39;40;41;31;47;59;46;56;55;73;72;65;70;64
BINGO CARABOBO;11;8;7;12;10;1;26;27;21;22;30;34;35;32;33;49;54;57;58;53;71;62;68;61;66
BINGO CARABOBO;12;9;15;3;14;2;18;23;24;17;28;42;37;36;45;51;52;48;50;60;67;69;63;75;74
BINGO CARABOBO;13;12;13;10;15;3;23;25;21;16;22;34;35;40;33;54;50;53;47;49;65;63;70;66;69
BINGO CARABOBO;14;7;8;9;5;1;20;24;26;18;19;36;37;41;44;55;52;59;51;58;71;75;64;68;67
BINGO CARABOBO;15;11;4;6;2;14;27;29;17;28;30;42;38;39;31;48;56;46;57;60;74;73;61;72;62
BINGO CARABOBO;16;11;1;9;12;3;22;29;17;23;24;34;44;42;41;58;54;48;47;52;61;65;67;66;73
BINGO CARABOBO;17;10;7;5;4;6;21;20;28;19;27;37;35;32;38;51;57;49;56;59;63;69;74;64;75
BINGO CARABOBO;18;2;13;15;14;8;25;18;16;30;26;43;36;31;45;53;55;60;46;50;71;68;70;62;72
BINGO CARABOBO;19;5;1;13;15;9;21;22;27;19;23;37;43;40;32;55;60;49;56;57;67;70;69;61;63
BINGO CARABOBO;20;11;10;2;4;8;25;28;17;29;24;33;35;41;38;59;51;48;54;53;71;73;72;65;68
BINGO CARABOBO;21;7;14;3;6;12;18;30;16;20;26;44;36;45;31;50;52;58;46;47;74;62;64;66;75
BINGO CARABOBO;22;8;4;2;12;7;22;30;19;26;17;36;39;38;42;55;46;48;59;53;74;71;70;72;64
BINGO CARABOBO;23;9;13;5;6;11;25;18;23;29;20;32;34;43;31;52;54;58;60;51;73;69;68;65;62
BINGO CARABOBO;24;10;3;14;15;1;21;24;27;16;28;37;35;41;33;56;57;47;50;49;66;63;67;75;61
BINGO CARABOBO;25;10;9;5;4;1;30;20;18;25;21;34;41;39;40;59;53;60;55;46;68;65;70;72;66
BINGO CARABOBO;26;6;8;15;7;11;23;26;29;17;24;31;35;42;44;47;49;57;51;52;64;62;74;73;63
BINGO CARABOBO;27;13;3;12;2;14;22;28;27;16;19;43;38;37;36;58;54;50;48;56;69;71;67;75;61
BINGO CARABOBO;28;8;14;10;9;6;24;23;18;21;20;45;32;39;40;50;59;60;56;49;66;67;72;68;70
BINGO CARABOBO;29;12;11;2;3;7;28;17;25;29;19;35;37;43;44;51;54;57;47;52;75;65;71;64;73
BINGO CARABOBO;30;13;5;15;4;1;30;26;22;27;16;42;34;36;33;48;58;53;55;46;69;62;63;61;74
BINGO CARABOBO;31;9;12;1;5;11;16;25;27;26;24;44;36;40;37;49;55;58;47;54;64;73;61;65;63
BINGO CARABOBO;32;7;10;2;14;6;28;19;20;22;21;32;33;31;35;59;52;57;50;48;67;70;74;71;72
BINGO CARABOBO;33;8;13;3;4;15;29;23;17;18;30;42;41;45;34;56;60;53;46;51;75;66;62;69;68
BINGO CARABOBO;34;6;8;12;14;10;21;18;29;30;26;42;37;33;34;56;54;59;57;49;64;74;68;71;66
BINGO CARABOBO;35;11;9;5;7;13;19;25;20;23;17;41;43;39;45;58;47;50;48;52;67;73;75;62;70
BINGO CARABOBO;36;2;3;4;15;1;28;24;22;16;27;44;35;32;38;55;53;51;60;46;69;65;63;72;61
BINGO CARABOBO;37;4;7;8;14;12;28;24;22;25;29;32;40;44;42;57;48;56;59;47;72;71;73;67;65
BINGO CARABOBO;38;2;5;3;1;11;21;20;18;30;19;39;45;35;38;46;53;58;50;54;68;61;64;66;70
BINGO CARABOBO;39;6;13;10;9;15;27;16;23;17;26;34;36;37;41;60;52;51;49;55;69;74;63;62;75
BINGO CARABOBO;40;9;4;13;14;5;17;24;19;25;20;33;32;41;43;57;54;51;53;55;74;71;63;67;65
BINGO CARABOBO;41;11;12;2;6;15;21;28;18;23;22;35;31;42;39;52;56;46;48;49;73;69;68;66;75
BINGO CARABOBO;42;3;10;1;8;7;16;26;29;30;27;34;44;45;40;59;47;50;60;58;61;64;62;72;70
BINGO CARABOBO;43;11;3;10;13;1;27;19;29;17;20;43;37;44;31;48;54;58;55;56;63;66;75;74;70
BINGO CARABOBO;44;8;14;6;15;4;18;22;25;28;30;42;35;36;33;51;60;50;46;47;69;64;65;68;62
BINGO CARABOBO;45;9;5;7;2;12;26;21;23;16;24;39;32;41;45;53;52;59;57;49;72;67;71;73;61
BINGO CARABOBO;46;8;7;4;10;9;21;28;22;30;18;33;45;41;35;54;58;55;52;56;73;68;69;62;72
BINGO CARABOBO;47;14;11;13;3;2;27;29;19;26;24;43;34;39;38;59;46;47;57;50;66;65;71;70;61
BINGO CARABOBO;48;6;12;15;1;5;17;20;23;16;25;31;42;44;37;60;49;51;53;48;67;75;63;74;64
BINGO CARABOBO;49;5;8;14;13;7;29;28;21;23;19;36;34;39;40;53;52;60;55;58;61;73;72;75;65
BINGO CARABOBO;50;11;9;2;6;12;17;20;26;16;30;45;37;42;33;54;56;48;59;47;68;74;69;70;67
BINGO CARABOBO;51;1;4;10;3;15;22;24;27;25;18;41;31;35;32;50;51;57;46;49;66;62;63;71;64
BINGO CARABOBO;52;5;7;3;12;8;22;23;27;19;24;34;41;33;36;50;58;51;46;59;73;74;68;62;67
BINGO CARABOBO;53;6;9;10;1;4;20;16;28;26;17;39;32;31;43;47;60;49;54;56;70;65;75;71;69
BINGO CARABOBO;54;11;15;2;13;14;25;29;30;21;18;45;37;35;42;55;57;48;52;53;66;72;63;64;61
BINGO CARABOBO;55;10;3;2;7;5;22;26;28;21;23;32;43;39;44;58;46;53;48;55;74;69;67;70;62
BINGO CARABOBO;56;6;15;9;1;4;18;19;27;29;17;42;35;37;38;59;52;54;60;49;71;64;68;72;63
BINGO CARABOBO;57;8;13;12;14;11;16;24;20;25;30;36;31;33;45;57;56;51;50;47;61;66;65;75;73
BINGO CARABOBO;58;6;2;8;5;3;18;22;19;26;17;37;39;44;43;50;53;54;59;58;62;67;71;66;61
BINGO CARABOBO;59;13;15;11;10;7;29;27;25;16;30;32;34;41;45;55;51;52;47;49;64;69;75;63;68
BINGO CARABOBO;60;1;12;14;4;9;21;24;20;23;28;35;40;42;36;56;57;60;48;46;72;74;65;70;73
BINGO CARABOBO;61;10;15;14;7;8;17;24;28;26;30;41;43;40;39;57;56;58;54;52;64;67;74;73;71
BINGO CARABOBO;62;12;6;9;2;5;20;22;29;23;25;44;31;32;35;59;53;51;48;49;61;65;70;63;72
BINGO CARABOBO;63;11;4;1;3;13;18;19;21;27;16;36;37;34;42;55;47;50;60;46;66;68;75;62;69
BINGO CARABOBO;64;8;5;14;6;1;26;29;30;23;24;37;34;41;31;57;53;58;51;47;69;73;68;66;65
BINGO CARABOBO;65;4;9;7;11;13;16;18;28;21;20;43;40;33;38;48;59;56;50;54;72;70;61;71;75
BINGO CARABOBO;66;2;3;10;12;15;22;19;25;17;27;35;36;44;32;55;49;60;46;52;74;67;62;64;63
BINGO CARABOBO;67;5;4;8;2;12;22;23;26;24;25;35;36;39;37;54;48;53;50;49;66;69;70;73;63
BINGO CARABOBO;68;11;1;13;14;3;18;27;19;28;29;33;40;34;38;58;55;52;51;57;64;67;65;62;72
BINGO CARABOBO;69;7;15;9;6;10;21;20;17;16;30;45;43;31;44;46;56;60;47;59;75;68;71;74;61
BINGO CARABOBO;70;10;11;14;13;9;24;23;28;22;19;34;42;35;41;48;54;53;50;49;73;64;66;74;70
BINGO CARABOBO;71;12;6;4;5;2;29;27;18;26;30;36;40;38;44;55;58;46;56;51;65;71;69;68;72
BINGO CARABOBO;72;7;3;8;15;1;17;21;16;20;25;32;43;45;31;52;59;57;47;60;62;63;67;75;61
BINGO CARABOBO;73;8;12;13;11;9;24;18;22;29;28;40;38;36;44;58;56;49;51;60;66;68;72;64;63
BINGO CARABOBO;74;2;6;10;5;1;20;23;26;27;17;39;42;33;37;54;47;50;46;55;75;71;73;69;62
BINGO CARABOBO;75;4;14;7;3;15;25;16;21;30;19;41;31;35;45;53;52;57;59;48;70;65;61;74;67
BINGO CARABOBO;76;15;11;8;12;1;27;18;28;23;22;38;43;40;31;59;58;46;49;47;75;70;61;72;64
BINGO CARABOBO;77;9;7;13;10;4;21;26;25;17;29;41;33;34;35;51;56;52;60;50;62;71;63;66;74
BINGO CARABOBO;78;5;6;3;14;2;30;16;24;19;20;42;44;32;45;54;55;53;57;48;73;68;67;69;65
BINGO CARABOBO;79;8;4;13;3;15;20;18;22;24;27;39;36;32;33;56;53;46;50;48;72;67;75;65;64
BINGO CARABOBO;80;2;10;6;5;7;17;19;23;25;29;31;35;41;42;58;54;52;59;51;73;68;70;66;69
BINGO CARABOBO;81;11;14;9;12;1;21;28;30;16;26;38;37;45;34;55;47;57;60;49;63;61;62;71;74
BINGO CARABOBO;82;6;12;3;10;11;18;26;17;19;22;42;41;33;35;60;57;51;55;48;72;66;64;70;65
BINGO CARABOBO;83;8;14;2;13;4;20;21;24;25;23;31;39;34;44;54;47;50;53;46;71;67;68;73;69
BINGO CARABOBO;84;1;7;9;15;5;27;29;30;28;16;40;43;45;38;56;49;58;59;52;74;61;63;62;75
BINGO CARABOBO;85;4;10;8;2;3;27;29;30;19;25;37;42;35;40;46;53;58;60;56;65;66;63;64;68
BINGO CARABOBO;86;12;6;11;14;9;24;23;21;22;18;33;45;38;36;54;47;51;50;57;73;69;75;62;72
BINGO CARABOBO;87;5;1;7;15;13;26;17;16;28;20;32;34;31;43;52;55;49;59;48;71;67;70;74;61
BINGO CARABOBO;88;3;2;1;5;13;19;28;26;24;21;36;39;37;41;54;56;53;58;57;67;64;62;71;73
BINGO CARABOBO;89;11;12;7;14;15;27;22;20;25;17;35;38;32;33;47;51;52;49;55;72;70;65;75;69
BINGO CARABOBO;90;6;8;9;4;10;30;29;18;16;23;31;43;45;40;50;46;59;60;48;74;66;68;63;61
BINGO CARABOBO;91;10;11;7;15;3;29;25;21;28;19;36;35;32;40;47;48;57;49;51;69;72;71;62;64
BINGO CARABOBO;92;2;12;6;5;13;20;26;22;27;30;41;39;33;43;53;46;58;54;55;63;75;67;65;61
BINGO CARABOBO;93;9;14;1;4;8;24;17;23;16;18;34;31;45;38;52;56;59;60;50;73;68;70;66;74
BINGO CARABOBO;94;11;13;12;6;9;19;27;29;26;17;38;40;45;37;56;51;53;55;50;62;65;70;68;64
BINGO CARABOBO;95;3;8;2;5;10;20;24;22;23;25;33;42;35;36;60;58;47;59;46;69;72;66;67;61
BINGO CARABOBO;96;1;7;15;4;14;21;28;16;18;30;34;41;44;31;54;49;57;48;52;63;74;73;71;75
BINGO CARABOBO;97;7;2;8;13;1;29;19;20;17;18;42;40;45;33;49;57;51;46;59;67;73;68;72;65
BINGO CARABOBO;98;12;11;3;6;9;23;27;22;28;21;41;38;35;43;55;53;52;48;54;70;64;69;75;71
BINGO CARABOBO;99;14;5;10;15;4;26;30;24;16;25;36;37;34;32;56;50;58;47;60;66;62;74;63;61
BINGO CARABOBO;100;10;8;11;7;13;16;22;19;30;25;31;32;44;38;48;52;49;59;53;72;63;62;68;74
BINGO CARABOBO;101;12;1;5;6;9;26;27;24;28;20;41;39;43;42;57;56;50;58;47;66;64;61;69;71
BINGO CARABOBO;102;14;4;3;2;15;18;21;23;29;17;36;40;33;37;51;54;55;46;60;73;67;75;65;70
BINGO CARABOBO;103;1;9;10;11;3;23;17;28;27;18;43;44;38;34;56;49;57;59;55;67;68;70;61;74
BINGO CARABOBO;104;4;7;2;13;14;19;20;30;24;26;37;45;40;41;47;54;48;58;46;66;69;63;64;65
BINGO CARABOBO;105;12;8;15;5;6;22;21;29;25;16;31;39;36;35;51;53;52;50;60;71;62;73;75;72
BINGO CARABOBO;106;9;10;4;7;11;20;28;25;17;19;39;36;37;42;48;51;56;55;47;70;63;62;64;65
BINGO CARABOBO;107;14;13;12;2;8;18;23;26;21;22;44;40;34;41;54;58;49;59;52;71;67;66;72;61
BINGO CARABOBO;108;15;5;1;6;3;30;16;27;29;24;35;32;31;33;53;50;57;60;46;73;69;74;75;68
BINGO CARABOBO;109;12;4;11;6;15;29;22;27;17;20;35;41;36;34;46;52;57;55;51;66;71;72;70;68
BINGO CARABOBO;110;13;9;7;3;2;30;19;16;24;18;38;39;32;42;47;49;50;53;59;62;65;69;64;74
BINGO CARABOBO;111;8;10;1;5;14;26;25;23;28;21;44;45;31;37;56;54;58;48;60;75;63;73;67;61
BINGO CARABOBO;112;6;12;14;10;5;19;17;26;25;16;40;38;33;42;60;47;55;58;56;61;69;70;74;72
BINGO CARABOBO;113;7;13;11;3;15;23;22;21;20;27;34;41;39;35;48;50;51;53;46;66;63;68;71;64
BINGO CARABOBO;114;2;9;1;8;4;29;30;24;18;28;37;36;31;45;52;49;59;57;54;65;67;62;73;75
BINGO CARABOBO;115;2;7;13;5;9;29;17;18;21;26;32;31;37;39;60;51;46;56;49;74;67;71;65;72
BINGO CARABOBO;116;8;3;14;6;15;24;25;23;19;22;42;44;38;43;59;55;58;48;54;63;66;62;61;75
BINGO CARABOBO;117;4;10;1;11;12;27;28;20;16;30;35;40;45;33;53;52;50;47;57;69;68;70;64;73
BINGO CARABOBO;118;5;4;7;12;11;28;24;19;17;18;41;38;37;32;57;52;60;50;54;67;72;63;70;71
BINGO CARABOBO;119;1;3;8;6;14;16;21;23;22;25;42;40;34;33;58;51;56;59;46;69;74;66;75;64
BINGO CARABOBO;120;9;13;2;10;15;29;27;26;30;20;44;31;35;39;49;48;47;53;55;62;65;68;73;61
BINGO CARABOBO;121;6;3;9;14;12;27;22;28;29;26;36;39;33;43;49;52;50;56;54;66;72;70;63;64
BINGO CARABOBO;122;8;2;5;7;4;23;18;20;19;30;40;32;37;34;59;51;58;57;55;74;65;67;69;62
BINGO CARABOBO;123;10;15;13;11;1;21;24;16;25;17;41;45;42;31;48;53;46;47;60;68;71;73;61;75
BINGO CARABOBO;124;14;2;4;11;15;26;17;25;24;29;45;37;41;33;48;52;54;55;57;73;72;70;74;61
BINGO CARABOBO;125;13;5;6;7;9;28;30;19;22;21;38;35;36;43;59;56;50;49;60;63;65;68;62;64
BINGO CARABOBO;126;1;8;3;12;10;18;20;23;16;27;39;42;44;31;46;51;53;47;58;67;66;69;75;71
BINGO CARABOBO;127;8;3;1;11;9;20;24;23;29;22;35;37;39;43;58;46;57;51;50;69;73;70;62;68
BINGO CARABOBO;128;6;4;14;5;10;28;18;21;19;17;44;33;38;42;49;48;53;60;52;64;74;72;66;75
BINGO CARABOBO;129;15;13;7;12;2;16;26;27;30;25;40;45;41;31;54;59;55;47;56;67;65;61;63;71
BINGO CARABOBO;130;2;12;8;1;7;23;21;28;19;26;34;38;33;40;56;60;58;48;50;68;72;62;67;71
BINGO CARABOBO;131;11;14;15;5;3;27;25;30;22;29;37;35;45;36;51;47;54;57;49;66;70;63;73;69
BINGO CARABOBO;132;4;10;9;6;13;17;18;20;24;16;39;32;41;42;55;53;52;59;46;61;74;64;75;65
BINGO CARABOBO;133;4;12;15;5;9;27;21;28;25;19;32;45;36;42;48;55;60;53;56;68;62;70;73;65
BINGO CARABOBO;134;8;14;6;11;7;20;29;18;22;23;34;44;38;39;59;57;51;54;47;74;75;71;63;66
BINGO CARABOBO;135;3;10;1;13;2;17;30;16;24;26;35;41;40;31;49;50;52;58;46;69;64;67;72;61
BINGO CARABOBO;136;13;4;7;9;10;30;28;26;25;27;38;31;39;34;56;59;47;54;46;64;68;70;67;72
BINGO CARABOBO;137;12;2;1;11;6;21;23;24;20;17;45;36;44;41;53;50;55;58;52;75;74;63;65;61
BINGO CARABOBO;138;3;5;14;15;8;16;19;18;22;29;42;37;32;43;48;60;49;51;57;69;62;71;73;66
BINGO CARABOBO;139;3;9;10;6;1;18;20;21;17;25;42;41;34;40;58;49;47;54;59;75;68;72;73;64
BINGO CARABOBO;140;14;13;12;15;2;16;27;28;26;23;32;43;39;31;57;60;55;48;50;69;66;63;71;61
BINGO CARABOBO;141;11;4;7;5;8;19;30;24;29;22;44;38;35;45;52;53;56;51;46;74;70;62;67;65
BINGO CARABOBO;142;3;12;1;14;5;23;24;27;30;21;43;35;45;42;56;52;55;47;60;74;61;67;69;71
BINGO CARABOBO;143;7;6;4;11;13;25;20;17;18;26;33;32;44;39;53;51;48;54;57;70;73;72;63;64
BINGO CARABOBO;144;10;8;2;9;15;22;16;28;19;29;36;37;31;34;49;59;50;58;46;65;62;68;75;66
BINGO CARABOBO;145;6;8;9;14;7;30;21;29;20;25;38;40;34;36;49;57;55;54;47;73;65;74;67;66
BINGO CARABOBO;146;10;13;11;3;5;17;24;19;18;23;32;35;41;33;50;59;46;51;53;68;63;70;64;62
BINGO CARABOBO;147;4;12;1;2;15;22;27;16;26;28;37;43;31;39;60;58;48;52;56;71;72;69;61;75
BINGO CARABOBO;148;4;12;14;9;2;20;23;26;28;24;44;32;39;35;57;47;49;50;46;72;67;66;63;74
BINGO CARABOBO;149;8;3;10;13;1;27;17;18;22;25;43;41;42;38;54;48;56;52;53;68;71;61;65;70
BINGO CARABOBO;150;11;7;6;15;5;19;29;16;30;21;45;37;34;33;60;55;58;51;59;73;69;64;62;75
BINGO CARABOBO;151;12;10;6;5;13;29;23;18;21;26;44;45;41;40;57;50;52;55;59;70;71;63;69;74
BINGO CARABOBO;152;3;9;11;8;14;17;24;22;16;27;32;33;31;39;49;54;48;53;46;68;61;66;73;64
BINGO CARABOBO;153;15;1;4;7;2;28;20;19;25;30;42;37;35;43;56;51;60;58;47;72;67;65;75;62
BINGO CARABOBO;154;4;10;7;9;15;29;27;30;21;22;40;36;33;38;59;52;57;50;58;66;65;68;73;62
BINGO CARABOBO;155;13;6;12;5;14;24;18;26;25;17;44;32;35;41;47;54;48;51;60;64;63;70;74;72
BINGO CARABOBO;156;1;2;11;8;3;19;20;16;28;23;42;34;45;43;49;56;53;46;55;71;69;67;61;75
BINGO CARABOBO;157;13;10;14;11;9;25;29;21;30;23;41;33;43;31;55;52;48;51;54;66;68;70;74;61
BINGO CARABOBO;158;8;12;5;6;7;20;17;27;19;16;38;44;45;34;50;57;59;58;47;73;67;65;64;63
BINGO CARABOBO;159;1;4;3;15;2;28;18;24;26;22;37;35;32;42;49;53;60;56;46;69;62;75;71;72
BINGO CARABOBO;160;3;13;4;14;12;21;25;18;19;29;38;37;41;40;46;50;56;51;55;64;62;65;72;75
BINGO CARABOBO;161;10;2;9;6;15;26;17;24;28;16;31;39;45;42;59;49;54;53;48;73;66;67;68;63
BINGO CARABOBO;162;11;7;1;5;8;27;20;23;30;22;32;33;43;35;58;47;52;57;60;71;69;61;74;70
BINGO CARABOBO;163;12;2;10;11;6;17;27;21;28;19;42;31;34;38;54;53;52;56;60;67;65;75;72;73
BINGO CARABOBO;164;9;1;5;3;14;23;22;26;25;18;43;40;36;44;47;49;57;46;48;63;70;71;62;66
BINGO CARABOBO;165;7;13;8;4;15;24;20;29;16;30;33;45;41;39;58;55;59;51;50;64;68;74;69;61
BINGO CARABOBO;166;8;12;4;10;3;27;29;25;28;19;39;41;32;45;51;50;48;56;49;70;66;65;74;61
BINGO CARABOBO;167;11;15;6;14;7;22;20;21;24;16;44;43;33;36;58;57;52;47;60;68;62;69;71;75
BINGO CARABOBO;168;5;13;2;9;1;30;18;23;17;26;38;40;34;42;55;54;59;46;53;64;67;63;72;73
BINGO CARABOBO;169;4;3;1;12;14;21;25;19;22;27;43;35;37;38;56;48;51;46;59;68;65;64;62;69
BINGO CARABOBO;170;15;11;2;7;8;29;24;17;18;20;39;34;33;44;55;53;58;50;54;67;73;63;72;74
BINGO CARABOBO;171;10;5;6;13;9;16;23;28;26;30;40;36;32;45;49;60;52;57;47;61;70;71;75;66
BINGO CARABOBO;172;1;4;7;6;12;19;28;26;29;22;34;35;41;42;53;58;54;47;55;71;75;64;69;73
BINGO CARABOBO;173;2;9;10;13;11;24;17;21;23;20;44;33;43;37;46;50;49;56;52;61;67;65;72;74
BINGO CARABOBO;174;8;15;3;5;14;18;27;16;30;25;36;40;38;45;59;51;57;60;48;66;70;68;62;63
BINGO CARABOBO;175;2;5;4;10;11;26;22;20;16;27;45;38;34;40;55;58;60;56;46;65;71;73;68;63
BINGO CARABOBO;176;1;6;8;14;3;25;17;24;29;19;33;39;37;32;50;53;54;57;59;62;64;75;61;72
BINGO CARABOBO;177;7;12;13;9;15;18;28;30;21;23;36;35;42;44;48;49;52;51;47;70;66;74;67;69
BINGO CARABOBO;178;9;5;6;3;11;25;24;20;21;17;44;35;40;36;49;56;46;54;57;72;66;65;61;67
BINGO CARABOBO;179;4;13;12;7;2;19;26;23;29;22;39;41;32;38;48;55;52;47;60;68;69;63;73;64
BINGO CARABOBO;180;10;14;8;15;1;28;18;27;16;30;37;43;31;33;50;51;53;59;58;74;70;71;62;75
BINGO CARABOBO;181;13;10;3;6;14;30;21;18;19;29;44;43;35;34;53;54;49;47;50;74;67;68;62;71
BINGO CARABOBO;182;12;8;4;5;11;22;20;17;25;16;41;31;37;39;58;46;60;51;55;64;69;70;61;65
BINGO CARABOBO;183;15;2;9;1;7;23;24;26;27;28;38;36;33;40;52;56;48;57;59;75;72;63;73;66
BINGO CARABOBO;184;9;3;7;4;5;20;22;27;30;26;31;40;41;39;48;54;58;47;57;67;66;70;72;64
BINGO CARABOBO;185;12;6;10;13;1;23;25;17;16;24;43;33;37;32;52;53;56;50;51;69;63;71;65;74
BINGO CARABOBO;186;15;8;2;14;11;21;19;28;29;18;45;44;36;38;46;60;55;59;49;62;68;61;75;73
BINGO CARABOBO;187;8;2;6;14;12;29;28;20;27;24;39;43;40;35;49;51;52;47;46;72;69;75;73;64
BINGO CARABOBO;188;3;7;11;13;4;18;17;19;16;22;34;44;33;31;56;57;59;53;60;71;62;65;68;70
BINGO CARABOBO;189;9;15;5;1;10;26;25;30;21;23;42;37;41;32;54;48;58;50;55;63;61;67;74;66
BINGO CARABOBO;190;3;12;5;9;10;21;29;23;28;25;39;36;37;41;51;58;49;60;57;75;66;65;69;71
BINGO CARABOBO;191;13;2;7;6;14;27;30;16;24;18;43;44;34;42;48;54;52;56;50;68;62;67;73;63
BINGO CARABOBO;192;11;8;4;15;1;19;26;20;17;22;33;35;31;45;55;59;53;46;47;70;64;72;61;74
BINGO CARABOBO;193;2;1;4;12;10;29;17;26;25;18;39;31;44;41;50;49;52;56;58;74;71;70;75;72
BINGO CARABOBO;194;11;13;15;14;5;24;23;30;16;21;36;45;38;34;55;53;54;46;60;68;69;64;65;66
BINGO CARABOBO;195;6;8;7;9;3;20;28;22;19;27;42;37;43;33;51;48;47;57;59;63;73;67;61;62
BINGO CARABOBO;196;4;15;7;10;8;16;23;30;19;21;32;38;36;39;59;46;48;53;54;64;63;73;70;71
BINGO CARABOBO;197;3;6;9;13;5;28;20;27;22;25;37;41;44;45;51;58;57;49;50;68;75;74;66;65
BINGO CARABOBO;198;11;12;2;1;14;17;26;18;24;29;43;31;34;40;52;60;47;55;56;62;72;67;61;69
BINGO CARABOBO;199;12;14;9;2;11;23;21;20;25;24;32;38;40;44;53;51;52;46;60;65;70;68;73;62
BINGO CARABOBO;200;1;7;8;13;5;22;17;19;26;18;37;39;41;35;56;59;48;49;54;64;74;72;67;63
BINGO CARABOBO;201;10;6;3;15;4;28;29;27;30;16;43;42;34;33;58;50;57;55;47;66;71;75;61;69
BINGO CARABOBO;202;5;14;15;12;9;26;16;21;22;24;38;39;31;42;57;54;49;59;48;68;67;74;69;72
BINGO CARABOBO;203;7;6;10;8;2;27;23;29;18;20;40;41;36;35;46;55;53;58;60;66;61;70;63;65
BINGO CARABOBO;204;4;13;1;3;11;28;19;30;25;17;44;43;34;45;51;52;50;47;56;64;71;75;62;73
BINGO CARABOBO;205;8;9;6;11;14;28;22;19;27;30;36;37;41;45;55;47;54;48;50;71;66;72;67;69
BINGO CARABOBO;206;3;1;13;15;5;26;25;29;18;21;34;44;40;43;53;60;51;58;52;70;62;64;68;74
BINGO CARABOBO;207;4;10;12;2;7;17;23;16;24;20;35;38;32;31;59;49;56;57;46;75;73;61;65;63
BINGO CARABOBO;208;7;11;5;6;12;28;20;19;16;27;35;38;36;34;57;52;51;56;47;72;61;67;62;69
BINGO CARABOBO;209;14;9;3;8;10;29;24;18;25;21;31;45;42;33;60;50;48;53;59;65;73;75;64;68
BINGO CARABOBO;210;4;13;2;1;15;22;26;23;30;17;43;37;32;44;55;46;54;49;58;66;71;70;74;63
BINGO CARABOBO;211;14;10;8;11;4;26;21;28;23;20;39;44;34;40;52;53;56;46;48;62;71;70;69;72
BINGO CARABOBO;212;12;6;3;5;7;24;27;17;18;29;36;35;41;38;54;57;55;51;59;65;64;66;74;63
BINGO CARABOBO;213;1;13;2;9;15;22;16;25;30;19;43;37;45;31;47;50;60;58;49;68;75;73;67;61
BINGO CARABOBO;214;8;12;7;4;5;27;18;17;25;20;38;44;39;42;46;48;54;57;51;69;71;70;66;74
BINGO CARABOBO;215;6;13;3;9;11;24;21;29;22;30;32;35;36;33;53;52;55;56;59;63;67;62;73;61
BINGO CARABOBO;216;14;1;10;15;2;16;28;19;23;26;37;34;43;45;60;47;49;50;58;68;75;64;65;72
BINGO CARABOBO;217;6;10;5;4;13;28;24;20;26;19;39;33;34;36;47;57;51;50;54;75;72;61;64;71
BINGO CARABOBO;218;14;9;2;8;1;22;25;17;21;27;42;43;32;31;52;53;55;59;49;70;68;62;67;69
BINGO CARABOBO;219;11;12;7;15;3;30;16;18;23;29;35;45;44;41;56;48;46;60;58;74;65;73;63;66
BINGO CARABOBO;220;3;6;9;8;7;21;20;29;22;28;43;44;37;38;50;48;59;56;53;74;69;72;68;70
BINGO CARABOBO;221;13;11;2;4;10;24;26;19;23;27;32;40;33;34;51;54;57;52;55;63;73;64;62;66
BINGO CARABOBO;222;12;5;14;15;1;30;18;16;25;17;35;31;36;45;47;46;49;58;60;67;71;61;75;65
BINGO CARABOBO;223;9;12;13;2;7;30;23;25;24;22;34;40;41;36;50;57;48;47;49;75;66;72;69;70
BINGO CARABOBO;224;8;10;14;6;3;26;28;21;27;18;31;32;45;42;58;51;56;59;52;73;63;74;64;61
BINGO CARABOBO;225;15;4;5;1;11;20;17;29;19;16;33;37;43;35;55;60;54;46;53;65;68;67;62;71
BINGO CARABOBO;226;11;2;9;12;7;18;25;26;27;22;32;41;37;43;49;47;53;48;51;71;75;67;68;62
BINGO CARABOBO;227;1;5;4;6;13;16;28;23;20;29;36;39;34;38;59;50;52;54;56;64;70;72;66;63
BINGO CARABOBO;228;3;10;14;15;8;30;19;24;21;17;33;42;44;35;58;60;46;55;57;74;73;69;61;65
BINGO CARABOBO;229;7;9;14;5;4;17;28;25;29;18;36;41;40;38;47;53;54;56;48;68;67;70;64;62
BINGO CARABOBO;230;11;13;12;10;2;20;21;27;26;22;35;42;32;43;57;50;55;49;51;69;63;72;65;73
BINGO CARABOBO;231;8;3;6;15;1;23;24;19;30;16;31;33;37;45;59;58;52;46;60;71;74;66;75;61
BINGO CARABOBO;232;8;4;2;14;5;30;19;27;18;28;35;33;39;42;55;52;60;48;49;67;65;75;64;62
BINGO CARABOBO;233;1;13;6;7;12;26;21;17;20;29;32;34;41;40;47;50;53;51;56;66;73;74;68;71
BINGO CARABOBO;234;15;3;11;9;10;22;23;24;25;16;43;44;36;45;58;46;54;57;59;72;63;69;70;61
BINGO CARABOBO;235;11;13;5;10;12;28;20;25;17;30;37;32;39;41;52;51;56;57;58;64;63;72;61;69
BINGO CARABOBO;236;4;15;8;6;7;27;23;29;18;22;38;40;42;35;53;50;59;54;48;70;62;67;74;68
BINGO CARABOBO;237;1;9;3;14;2;19;21;26;24;16;44;31;34;45;60;46;49;55;47;73;66;75;65;71
BINGO CARABOBO;238;2;5;4;9;14;20;26;24;25;23;43;36;42;35;52;58;47;59;48;62;75;66;69;65
BINGO CARABOBO;239;7;15;3;8;6;18;21;28;29;22;34;40;39;32;51;60;57;54;53;64;63;70;68;73
BINGO CARABOBO;240;11;12;13;1;10;17;16;19;27;30;44;33;41;31;49;50;55;46;56;71;72;67;74;61
BINGO CARABOBO;241;12;11;2;3;6;18;24;23;26;22;44;38;32;43;58;47;50;59;51;65;66;64;69;70
BINGO CARABOBO;242;5;13;7;10;4;21;25;16;28;19;35;31;36;37;57;46;54;49;52;73;62;71;74;75
BINGO CARABOBO;243;8;14;15;9;1;27;17;20;30;29;45;41;33;40;48;60;56;53;55;68;63;67;61;72
BINGO CARABOBO;244;11;9;6;15;3;22;24;20;16;21;32;42;45;36;53;52;58;49;47;62;64;72;65;70
BINGO CARABOBO;245;2;10;12;5;4;27;19;30;29;23;43;35;37;33;60;57;50;55;59;73;69;63;67;68
BINGO CARABOBO;246;7;14;1;8;13;28;26;17;18;25;34;41;40;44;48;46;51;56;54;66;71;75;74;61
BINGO CARABOBO;247;14;3;4;10;12;16;20;19;28;17;39;32;33;40;48;51;57;55;49;64;74;75;62;68
BINGO CARABOBO;248;11;8;1;13;7;25;24;23;27;29;34;42;35;37;50;58;59;54;56;72;71;63;67;66
BINGO CARABOBO;249;5;15;9;2;6;22;26;21;30;18;38;41;44;31;53;47;46;52;60;65;70;69;73;61
BINGO CARABOBO;250;8;4;11;7;5;23;17;24;28;18;44;33;39;32;58;56;57;48;50;67;75;74;70;66
BINGO CARABOBO;251;13;14;9;1;12;21;20;19;26;25;36;42;45;35;46;59;60;52;55;64;71;65;63;69
BINGO CARABOBO;252;10;3;6;15;2;29;22;27;30;16;43;31;41;37;53;47;49;51;54;72;62;68;61;73
BINGO CARABOBO;253;11;2;12;15;8;26;18;25;23;27;33;44;38;32;54;59;60;55;48;67;70;65;69;75
BINGO CARABOBO;254;10;14;4;7;5;24;28;17;16;20;42;43;40;36;51;50;58;46;47;66;64;73;62;68
BINGO CARABOBO;255;3;9;13;6;1;21;29;19;22;30;34;35;37;45;56;49;52;57;53;61;63;72;71;74
BINGO CARABOBO;256;4;9;14;6;12;28;20;21;30;19;38;32;35;41;58;59;47;48;55;63;70;69;73;71
BINGO CARABOBO;257;3;1;13;5;8;23;25;24;17;27;40;42;45;43;57;51;56;50;53;75;67;61;68;72
BINGO CARABOBO;258;11;2;15;7;10;26;22;29;16;18;34;33;39;31;54;49;60;46;52;74;66;62;65;64
BINGO CARABOBO;259;6;7;12;3;2;23;25;20;21;24;34;42;45;36;52;57;58;49;54;74;69;73;75;64
BINGO CARABOBO;260;11;10;5;8;14;29;27;26;16;28;33;38;35;32;59;53;51;50;56;65;67;71;66;62
BINGO CARABOBO;261;4;1;13;15;9;22;19;17;30;18;31;37;44;41;55;46;48;60;47;68;63;70;72;61
BINGO CARABOBO;262;3;12;9;10;8;27;19;26;21;16;44;37;32;36;50;56;48;51;49;74;65;70;68;64
BINGO CARABOBO;263;11;4;2;6;14;29;24;17;28;23;45;34;35;40;53;54;58;46;47;73;62;61;63;67
BINGO CARABOBO;264;5;1;13;15;7;30;22;18;20;25;38;39;41;43;55;60;59;52;57;71;69;72;66;75
BINGO CARABOBO;265;9;13;12;14;8;28;18;22;19;29;40;38;42;33;58;56;49;50;59;64;67;75;70;69
BINGO CARABOBO;266;3;6;4;15;7;23;27;26;20;30;37;31;41;35;52;54;47;60;53;73;74;61;71;65
BINGO CARABOBO;267;10;5;2;1;11;17;21;24;16;25;39;32;34;45;55;51;48;57;46;66;63;62;72;68
BINGO CARABOBO;268;3;11;5;8;7;19;23;30;22;25;32;35;39;43;54;53;55;49;51;64;65;72;69;75
BINGO CARABOBO;269;2;9;14;13;6;24;27;20;29;21;41;34;44;45;56;58;48;47;57;70;67;73;66;62
BINGO CARABOBO;270;10;12;15;1;4;17;18;26;28;16;33;38;42;40;50;59;52;46;60;61;71;74;63;68
BINGO CARABOBO;271;5;12;3;11;2;21;20;24;28;27;34;45;37;36;58;54;47;55;49;62;73;65;71;74
BINGO CARABOBO;272;8;10;7;14;13;22;29;17;23;18;39;44;35;40;59;50;46;53;52;69;64;68;66;67
BINGO CARABOBO;273;1;15;6;4;9;26;30;19;25;16;32;42;43;31;51;57;56;48;60;75;70;63;61;72
BINGO CARABOBO;274;11;2;8;15;7;22;27;29;19;17;33;39;43;31;60;48;54;50;46;68;71;67;74;72
BINGO CARABOBO;275;6;12;10;1;5;28;23;25;24;21;42;35;36;34;57;51;56;55;49;63;69;62;73;70
BINGO CARABOBO;276;4;13;9;14;3;26;18;16;20;30;41;40;45;37;59;52;53;47;58;65;75;61;64;66
BINGO CARABOBO;277;8;14;12;5;6;19;22;24;16;21;43;34;42;37;51;58;54;47;55;74;64;65;66;69
BINGO CARABOBO;278;15;9;10;3;1;20;27;18;23;30;36;32;45;44;57;53;46;56;48;73;71;63;67;75
BINGO CARABOBO;279;11;7;13;4;2;26;28;25;17;29;35;39;31;33;59;60;52;49;50;61;68;70;62;72
BINGO CARABOBO;280;10;9;7;11;4;27;21;19;29;25;40;42;41;34;48;51;49;53;57;70;72;67;62;61
BINGO CARABOBO;281;6;8;14;3;2;16;28;24;30;17;43;31;32;37;56;46;54;58;50;68;69;71;64;66
BINGO CARABOBO;282;12;5;13;15;1;23;22;26;20;18;33;39;38;44;59;52;55;47;60;73;75;65;63;74
BINGO CARABOBO;283;13;14;10;3;9;22;18;29;21;27;42;33;31;37;49;50;55;59;51;67;70;69;74;73
BINGO CARABOBO;284;4;15;5;2;7;16;26;23;25;20;40;38;43;45;47;60;53;56;54;75;68;62;65;64
BINGO CARABOBO;285;8;6;11;12;1;24;30;19;28;17;35;34;44;32;52;57;48;58;46;66;61;63;72;71
BINGO CARABOBO;286;3;8;10;2;7;30;22;25;23;27;33;36;41;34;54;48;51;53;60;72;73;63;70;71
BINGO CARABOBO;287;4;6;14;5;9;26;21;16;20;19;35;44;42;45;49;56;59;46;47;66;65;62;67;74
BINGO CARABOBO;288;13;11;12;1;15;18;24;29;17;28;38;32;31;39;57;52;55;50;58;69;64;68;75;61
BINGO CARABOBO;289;3;11;4;8;15;22;27;17;18;20;38;36;35;44;47;54;49;48;51;65;71;74;67;64
BINGO CARABOBO;290;7;10;14;5;13;23;25;24;30;29;41;42;32;39;60;53;50;59;52;73;66;70;72;68
BINGO CARABOBO;291;2;1;6;9;12;21;26;28;16;19;40;45;34;31;56;46;55;58;57;63;62;69;75;61
BINGO CARABOBO;292;11;14;2;7;10;18;24;26;29;22;37;44;41;34;58;57;53;55;49;74;72;71;64;68
BINGO CARABOBO;293;1;3;8;6;12;21;25;23;27;19;42;35;31;40;54;59;47;56;48;62;63;61;67;69
BINGO CARABOBO;294;15;9;4;5;13;17;20;30;16;28;36;43;33;38;52;51;50;46;60;65;70;73;75;66
BINGO CARABOBO;295;9;3;8;10;14;27;21;25;23;29;33;35;41;31;52;59;53;55;51;66;62;65;72;70
BINGO CARABOBO;296;4;2;13;7;11;28;26;22;18;19;36;34;39;43;58;56;47;54;46;63;64;73;67;71
BINGO CARABOBO;297;6;12;5;1;15;17;16;24;20;30;37;42;45;32;49;48;57;60;50;74;69;61;68;75
BINGO CARABOBO;298;6;8;2;4;7;17;26;25;18;24;31;37;34;39;57;47;51;48;50;65;74;64;66;63
BINGO CARABOBO;299;14;3;5;10;15;27;30;28;29;19;44;38;36;43;52;54;59;56;49;67;75;62;68;70
BINGO CARABOBO;300;13;11;9;12;1;22;21;16;20;23;35;45;40;32;53;60;46;55;58;61;71;72;69;73
BINGO CARABOBO;301;9;14;7;2;1;25;18;24;28;20;31;40;44;35;60;47;52;54;57;61;66;68;74;71
BINGO CARABOBO;302;11;13;5;3;15;26;27;19;22;29;38;42;34;33;51;50;55;53;56;64;72;65;75;70
BINGO CARABOBO;303;4;8;12;10;6;21;17;23;30;16;37;45;32;39;48;46;58;59;49;67;62;73;69;63
BINGO CARABOBO;304;2;11;4;14;9;29;21;26;25;17;41;39;36;42;58;46;57;48;47;62;70;71;74;63
BINGO CARABOBO;305;3;8;12;15;7;22;30;16;28;19;38;44;35;33;56;59;55;53;50;67;64;75;69;65
BINGO CARABOBO;306;13;6;5;1;10;20;27;23;18;24;34;37;43;45;52;51;60;54;49;68;72;61;73;66
BINGO CARABOBO;307;6;5;13;7;10;29;20;16;19;26;36;39;32;33;51;60;55;56;47;68;62;67;75;66
BINGO CARABOBO;308;8;12;11;1;4;23;18;21;27;25;35;44;38;43;53;54;58;57;52;72;74;65;70;69
BINGO CARABOBO;309;3;9;2;14;15;28;24;22;17;30;45;42;31;37;48;50;49;46;59;71;64;73;63;61
BINGO CARABOBO;310;14;12;2;6;9;23;19;28;27;18;36;33;41;35;51;57;50;53;56;61;73;69;71;75
BINGO CARABOBO;311;4;5;8;13;11;20;21;16;17;24;37;44;43;42;48;55;47;58;60;72;63;66;67;70
BINGO CARABOBO;312;3;7;15;1;10;26;30;29;22;25;38;39;34;31;49;59;54;52;46;68;62;65;64;74
BINGO CARABOBO;313;7;15;2;8;9;21;17;22;23;24;43;32;40;36;46;60;57;49;48;62;66;64;65;70
BINGO CARABOBO;314;5;14;4;6;3;19;28;27;20;16;34;42;44;31;54;53;59;50;58;74;63;71;69;67
BINGO CARABOBO;315;10;1;11;12;13;29;26;18;30;25;39;33;45;35;51;52;55;56;47;73;75;72;68;61
BINGO CARABOBO;316;11;8;10;12;15;26;17;25;27;29;31;42;35;41;52;56;47;58;60;63;62;61;65;70
BINGO CARABOBO;317;13;3;4;2;1;18;22;24;21;19;32;44;36;45;50;49;57;55;59;72;73;74;64;66
BINGO CARABOBO;318;7;14;9;6;5;20;28;23;16;30;38;40;39;33;48;51;53;46;54;68;69;71;67;75
BINGO CARABOBO;319;9;6;2;12;11;22;25;18;23;16;43;31;33;37;52;55;51;59;58;64;65;62;70;67
BINGO CARABOBO;320;3;10;13;7;5;26;24;17;27;29;40;35;39;45;57;56;54;46;48;74;73;72;69;63
BINGO CARABOBO;321;1;8;15;14;4;21;30;20;28;19;41;34;32;44;49;53;47;50;60;71;68;75;61;66
BINGO CARABOBO;322;11;7;8;15;2;19;17;29;25;27;34;38;35;40;56;49;59;48;50;72;61;65;73;71
BINGO CARABOBO;323;5;13;10;4;12;30;28;18;22;21;42;37;45;44;52;47;55;51;58;68;64;74;63;67
BINGO CARABOBO;324;1;6;3;14;9;26;24;16;23;20;41;43;39;33;53;54;46;57;60;70;66;69;62;75
BINGO CARABOBO;325;5;1;15;12;11;22;25;28;26;19;32;34;36;43;51;52;57;56;59;67;72;74;75;66
BINGO CARABOBO;326;10;3;8;2;6;23;29;18;21;20;45;44;38;39;47;49;55;58;53;71;62;61;65;64
BINGO CARABOBO;327;4;9;13;14;7;17;27;30;24;16;35;41;40;31;48;60;50;46;54;70;63;69;68;73
BINGO CARABOBO;328;8;5;10;15;13;25;19;20;18;22;43;32;39;35;47;50;53;60;51;65;68;69;67;72
BINGO CARABOBO;329;2;9;6;14;1;27;29;28;23;24;34;40;37;41;58;52;56;48;55;74;63;66;73;61
BINGO CARABOBO;330;11;12;3;4;7;26;30;17;21;16;38;31;45;33;57;54;46;49;59;70;64;75;71;62
BINGO CARABOBO;331;3;8;10;6;15;21;18;19;16;25;41;40;37;44;57;48;47;53;50;63;71;61;70;65
BINGO CARABOBO;332;12;13;11;9;1;22;29;28;27;24;38;42;39;32;58;59;56;46;52;69;72;67;62;75
BINGO CARABOBO;333;4;5;7;2;14;17;30;23;26;20;43;31;34;45;54;60;55;49;51;74;73;68;66;64
BINGO CARABOBO;334;2;11;3;13;5;29;26;28;18;25;43;36;32;44;52;59;47;50;48;71;64;74;72;73
BINGO CARABOBO;335;6;7;1;10;4;24;21;19;27;17;35;37;31;39;56;60;51;55;46;66;69;68;75;61
BINGO CARABOBO;336;12;9;8;14;15;20;23;22;30;16;41;38;45;34;58;57;53;54;49;70;67;63;65;62
BINGO CARABOBO;337;7;2;4;10;12;26;21;18;29;30;35;44;41;33;52;47;50;51;48;66;72;62;74;69
BINGO CARABOBO;338;13;1;6;11;14;22;27;17;28;19;43;31;37;45;53;57;58;59;54;64;65;71;63;67
BINGO CARABOBO;339;8;5;15;3;9;20;24;16;23;25;42;39;32;36;56;55;60;46;49;70;68;61;73;75
BINGO CARABOBO;340;9;1;4;7;14;24;19;22;23;21;39;41;35;38;56;47;57;58;54;63;73;72;68;67
BINGO CARABOBO;341;5;12;6;11;10;27;29;17;20;28;33;45;43;42;49;55;51;50;60;61;65;74;69;71
BINGO CARABOBO;342;2;8;3;15;13;30;18;25;26;16;37;40;31;34;53;46;59;52;48;64;70;62;66;75
BINGO CARABOBO;343;3;15;5;6;10;18;27;21;25;26;33;36;37;32;48;59;55;60;49;68;69;62;73;64
BINGO CARABOBO;344;7;9;1;14;4;29;19;20;17;28;43;42;40;34;56;58;53;51;57;63;70;67;74;65
BINGO CARABOBO;345;8;2;12;13;11;24;23;22;30;16;39;35;41;38;47;52;54;46;50;72;71;66;75;61
BINGO CARABOBO;346;4;10;9;12;6;27;26;28;22;20;39;34;44;35;51;50;60;49;56;71;69;73;63;66
BINGO CARABOBO;347;3;13;1;7;11;21;16;19;18;25;42;41;36;40;57;48;55;59;54;72;67;70;62;61
BINGO CARABOBO;348;15;8;5;14;2;24;29;30;17;23;45;37;38;31;47;46;53;58;52;68;74;64;75;65
BINGO CARABOBO;349;14;10;4;7;6;26;23;22;28;24;38;37;36;41;59;50;60;48;55;70;64;67;63;66
BINGO CARABOBO;350;8;15;5;9;11;19;29;30;18;25;32;40;42;44;54;57;47;52;53;62;72;71;73;69
BINGO CARABOBO;351;2;3;12;13;1;27;17;16;21;20;35;43;45;39;51;56;46;49;58;65;75;61;68;74
BINGO CARABOBO;352;8;9;12;7;10;17;20;28;27;24;34;33;36;37;58;50;59;53;55;67;65;68;75;66
BINGO CARABOBO;353;5;14;4;1;15;25;18;21;23;30;41;31;39;35;49;52;57;56;54;62;69;70;71;72
BINGO CARABOBO;354;6;3;11;13;2;19;29;22;16;26;42;43;32;40;47;48;51;60;46;61;73;63;74;64
BINGO CARABOBO;355;13;4;15;11;2;29;24;25;18;28;31;35;40;44;56;55;54;57;50;67;64;74;69;68
BINGO CARABOBO;356;5;12;10;7;3;26;23;16;30;20;45;42;39;32;48;51;58;60;59;73;66;70;72;63
BINGO CARABOBO;357;9;6;8;14;1;22;21;27;19;17;37;38;43;34;47;52;53;49;46;71;61;75;65;62
BINGO CARABOBO;358;8;7;1;10;14;22;20;19;23;27;41;43;34;36;57;56;53;47;50;71;63;64;72;66
BINGO CARABOBO;359;11;9;3;12;13;30;28;24;26;17;37;35;33;38;48;59;54;55;46;69;62;68;61;70
BINGO CARABOBO;360;6;4;2;15;5;16;25;21;18;29;40;31;32;45;52;58;60;51;49;74;67;75;73;65
BINGO CARABOBO;361;5;14;6;1;4;25;26;20;21;27;44;37;41;38;57;47;50;59;58;67;64;73;71;75
BINGO CARABOBO;362;8;7;10;3;11;19;17;22;18;23;39;34;33;45;54;53;48;51;52;72;65;66;69;70
BINGO CARABOBO;363;12;13;15;2;9;28;29;24;30;16;35;31;32;40;55;60;49;56;46;68;74;61;62;63
BINGO CARABOBO;364;10;13;4;14;6;26;21;18;22;29;42;38;40;36;54;58;53;55;47;70;63;67;72;73
BINGO CARABOBO;365;9;5;12;3;7;23;20;27;28;25;33;35;32;43;50;49;48;56;52;75;62;74;66;69
BINGO CARABOBO;366;2;11;8;15;1;19;16;24;17;30;39;45;41;34;59;51;57;46;60;64;68;71;65;61
BINGO CARABOBO;367;8;6;7;5;14;16;21;25;20;29;37;43;35;31;60;57;55;53;56;62;63;66;64;71
BINGO CARABOBO;368;11;9;10;2;4;30;22;27;28;18;32;41;36;44;47;50;54;51;58;73;72;70;74;65
BINGO CARABOBO;369;12;13;3;15;1;23;24;26;19;17;45;38;34;39;46;48;52;59;49;67;69;61;68;75
BINGO CARABOBO;370;11;12;13;8;2;27;17;24;23;16;33;35;36;31;48;56;57;51;52;69;74;65;66;62
BINGO CARABOBO;371;5;4;14;15;1;20;22;25;29;21;41;42;43;34;58;59;47;55;53;73;75;71;61;68
BINGO CARABOBO;372;7;10;3;6;9;28;18;26;19;30;38;40;45;32;50;54;49;46;60;64;63;70;67;72
BINGO CARABOBO;373;14;11;15;3;12;28;17;27;25;23;40;39;34;44;55;56;50;48;51;73;71;74;64;62
BINGO CARABOBO;374;9;6;7;5;8;30;26;19;21;22;35;38;37;32;59;54;52;57;58;72;63;66;75;70
BINGO CARABOBO;375;13;2;10;1;4;24;20;29;16;18;41;36;45;31;53;49;46;60;47;68;65;69;61;67
BINGO CARABOBO;376;13;14;4;15;2;21;25;17;22;27;39;40;42;41;53;51;56;54;49;69;62;68;67;74
BINGO CARABOBO;377;7;5;6;1;9;28;30;18;29;23;38;35;36;31;55;57;60;50;52;70;73;66;71;63
BINGO CARABOBO;378;8;11;12;3;10;24;16;20;26;19;33;37;45;32;58;47;59;46;48;61;65;64;75;72
BINGO CARABOBO;379;10;1;7;5;4;19;25;27;20;17;37;41;42;38;50;59;48;55;54;67;65;71;64;72
BINGO CARABOBO;380;14;3;9;13;11;26;29;28;24;23;32;35;44;39;47;51;53;46;56;66;70;69;68;74
BINGO CARABOBO;381;12;2;6;15;8;18;21;22;16;30;36;45;40;31;60;52;57;49;58;73;61;62;75;63
BINGO CARABOBO;382;5;4;12;11;6;23;25;30;21;20;34;42;43;31;55;46;50;60;58;66;72;71;74;65
BINGO CARABOBO;383;8;13;14;9;3;26;22;24;18;28;40;38;35;44;56;48;47;53;49;73;67;70;64;63
BINGO CARABOBO;384;10;7;2;15;1;19;29;17;16;27;32;37;33;41;52;54;57;59;51;69;61;75;68;62
BINGO CARABOBO;385;3;4;6;8;5;29;27;25;22;28;40;44;43;37;57;55;59;60;48;73;69;64;66;67
BINGO CARABOBO;386;9;14;10;1;11;23;20;24;26;19;39;32;41;35;53;52;54;58;51;65;68;62;75;61
BINGO CARABOBO;387;12;7;13;15;2;18;17;16;30;21;45;36;34;31;46;49;56;47;50;71;74;72;63;70
BINGO CARABOBO;388;5;9;15;4;2;27;17;24;18;30;32;38;36;33;54;49;53;56;58;61;74;65;67;66
BINGO CARABOBO;389;12;7;8;13;6;23;19;22;26;28;31;37;40;44;52;47;50;51;55;63;71;69;64;75
BINGO CARABOBO;390;10;1;11;14;3;20;25;29;21;16;41;42;45;39;57;60;46;48;59;70;72;73;68;62
BINGO CARABOBO;391;13;11;6;10;2;27;29;25;17;26;40;32;38;35;59;47;50;53;60;65;71;67;64;69
BINGO CARABOBO;392;3;9;14;7;1;19;21;23;24;20;43;37;44;39;58;55;52;51;49;73;74;72;68;63
BINGO CARABOBO;393;8;4;12;15;5;28;16;22;18;30;33;34;36;41;56;48;57;54;46;70;61;66;75;62
BINGO CARABOBO;394;11;3;8;12;7;28;27;18;20;22;35;36;37;45;48;57;52;50;47;61;65;69;63;68
BINGO CARABOBO;395;6;13;2;1;9;21;29;24;26;19;43;32;38;44;54;58;55;59;60;71;72;64;74;73
BINGO CARABOBO;396;4;10;14;5;15;23;30;16;25;17;34;39;31;42;53;51;49;46;56;70;67;66;62;75
BINGO CARABOBO;397;10;12;9;13;14;28;25;22;17;19;38;40;43;32;54;50;46;55;52;75;66;71;63;70
BINGO CARABOBO;398;2;6;7;5;8;20;21;27;24;23;45;33;42;34;51;59;56;58;53;67;65;69;73;62
BINGO CARABOBO;399;15;4;11;1;3;26;30;16;18;29;36;37;44;31;49;47;57;60;48;68;64;72;74;61
BINGO CARABOBO;400;6;10;4;11;12;25;20;21;26;24;43;33;41;44;58;51;46;59;50;69;72;64;62;70
BINGO CARABOBO;401;14;8;2;5;7;27;22;30;17;16;37;36;31;38;57;49;60;48;52;71;65;66;73;74
BINGO CARABOBO;402;3;9;15;13;1;28;19;23;29;18;40;45;34;39;53;54;55;56;47;67;63;61;68;75
BINGO CARABOBO;403;3;6;8;10;13;28;25;26;23;20;38;31;43;45;58;48;49;54;55;67;66;65;64;69
BINGO CARABOBO;404;5;4;11;7;9;24;29;19;21;17;41;40;42;37;56;47;59;51;53;61;74;62;71;63
BINGO CARABOBO;405;2;14;1;15;12;18;27;22;30;16;33;44;35;32;50;52;57;46;60;73;68;72;75;70
BINGO CARABOBO;406;15;8;2;11;10;28;20;23;22;17;42;34;33;39;53;58;56;52;47;64;66;67;63;71
BINGO CARABOBO;407;5;12;7;4;9;24;26;27;18;29;31;37;41;45;50;49;57;59;54;74;72;73;68;69
BINGO CARABOBO;408;13;14;6;3;1;25;21;30;19;16;32;44;40;35;48;51;46;55;60;75;62;65;70;61
BINGO CARABOBO;409;7;10;5;2;1;26;17;30;22;20;43;37;32;39;48;57;59;58;49;68;69;72;71;73
BINGO CARABOBO;410;9;11;15;8;14;27;24;21;25;16;42;44;34;35;55;54;53;47;51;62;66;67;61;64
BINGO CARABOBO;411;6;12;3;13;4;19;28;23;29;18;36;33;45;31;50;60;52;56;46;65;75;70;74;63
BINGO CARABOBO;412;7;14;12;2;15;18;26;28;20;17;40;36;34;38;47;56;52;58;55;63;69;62;70;74
BINGO CARABOBO;413;5;13;6;1;4;25;24;21;22;29;42;33;39;37;51;57;59;50;53;61;73;71;68;75
BINGO CARABOBO;414;8;9;10;11;3;30;16;23;27;19;41;43;44;35;48;49;60;54;46;72;65;64;66;67
BINGO CARABOBO;415;11;13;3;4;9;28;21;20;19;22;38;44;32;42;52;59;50;48;54;67;73;65;66;64
BINGO CARABOBO;416;8;12;2;14;7;23;16;29;17;18;40;35;39;43;47;58;55;56;49;70;75;63;71;72
BINGO CARABOBO;417;10;5;6;15;1;26;25;27;30;24;31;34;36;33;60;57;53;46;51;69;61;74;62;68
BINGO CARABOBO;418;2;8;13;10;7;29;19;20;21;17;44;36;34;31;58;55;46;59;53;71;69;64;72;65
BINGO CARABOBO;419;3;5;12;11;14;16;24;22;28;25;32;40;45;41;47;52;50;49;54;70;73;74;67;63
BINGO CARABOBO;420;6;4;9;1;15;26;30;23;18;27;42;37;33;43;57;48;56;51;60;66;62;68;61;75
BINGO CARABOBO;421;6;8;2;5;4;19;27;28;17;30;37;42;41;44;51;53;54;56;47;63;64;71;67;69
BINGO CARABOBO;422;11;10;12;9;7;22;24;18;25;20;33;39;40;36;60;52;55;49;50;70;74;66;65;72
BINGO CARABOBO;423;14;13;1;15;3;21;26;29;16;23;38;43;45;31;58;59;48;46;57;68;62;73;75;61
BINGO CARABOBO;424;14;5;15;9;2;23;30;20;29;21;39;37;38;40;58;55;56;53;52;68;65;64;73;67
BINGO CARABOBO;425;12;8;11;1;10;25;28;17;18;27;44;43;36;34;51;54;48;47;49;62;74;71;63;72
BINGO CARABOBO;426;7;4;6;3;13;19;22;24;16;26;41;45;42;32;59;50;46;57;60;70;75;61;69;66
BINGO CARABOBO;427;9;5;12;3;13;17;23;29;27;28;39;44;32;45;47;48;52;53;54;62;65;71;73;69
BINGO CARABOBO;428;1;10;15;8;11;26;16;18;21;22;40;35;36;34;50;49;56;51;59;66;74;64;63;72
BINGO CARABOBO;429;4;14;7;6;2;24;25;30;20;19;38;33;42;43;57;58;60;46;55;67;70;68;61;75
BINGO CARABOBO;430;14;3;1;6;7;28;19;18;26;27;33;35;45;34;57;49;56;58;46;63;70;69;62;71
BINGO CARABOBO;431;11;2;10;8;5;21;25;22;24;20;32;40;39;37;60;53;55;50;48;73;68;75;67;66
BINGO CARABOBO;432;12;13;4;15;9;16;29;23;30;17;43;31;42;36;54;59;51;47;52;64;65;72;61;74
BINGO CARABOBO;433;5;10;7;8;11;22;21;23;24;17;38;32;41;37;47;51;58;49;57;65;67;72;61;66
BINGO CARABOBO;434;1;14;6;9;12;19;25;28;27;26;44;40;43;33;55;46;50;60;59;68;73;71;74;64
BINGO CARABOBO;435;13;2;3;15;4;29;20;18;30;16;42;36;34;45;54;48;52;53;56;75;69;70;62;63
BINGO CARABOBO;436;9;12;15;8;5;20;22;26;17;27;40;43;32;37;58;57;49;54;53;65;61;68;73;63
BINGO CARABOBO;437;6;4;10;2;1;19;29;28;23;30;36;42;41;34;55;52;59;56;46;75;71;66;69;70
BINGO CARABOBO;438;7;13;3;14;11;24;21;25;18;16;39;45;33;31;50;48;51;60;47;67;72;62;64;74
BINGO CARABOBO;439;11;15;14;9;10;24;16;20;26;28;44;37;45;35;55;58;50;48;56;71;62;65;66;74
BINGO CARABOBO;440;8;6;2;4;3;23;21;29;19;18;34;40;39;38;57;51;54;59;60;63;64;69;70;68
BINGO CARABOBO;441;12;5;7;13;1;27;22;25;17;30;36;41;33;42;49;46;47;53;52;73;67;72;61;75
BINGO CARABOBO;442;11;10;2;9;12;18;27;20;23;30;38;43;34;36;51;50;49;48;53;70;64;72;71;65
BINGO CARABOBO;443;15;13;6;8;3;22;26;16;21;17;44;37;42;41;46;55;56;59;52;68;75;69;66;73
BINGO CARABOBO;444;7;4;5;14;1;25;19;28;24;29;39;40;33;31;54;58;57;47;60;74;63;62;61;67
BINGO CARABOBO;445;14;1;5;4;10;23;26;28;25;29;40;44;43;36;55;56;57;52;60;71;70;67;63;72
BINGO CARABOBO;446;3;11;13;6;12;18;19;24;22;27;35;37;38;31;51;47;58;48;54;68;73;61;69;75
BINGO CARABOBO;447;9;8;2;15;7;17;21;16;30;20;45;41;42;39;49;46;53;59;50;66;65;62;74;64
BINGO CARABOBO;448;12;2;3;14;6;29;23;30;20;25;33;35;39;42;53;54;49;52;59;72;65;71;75;70
BINGO CARABOBO;449;11;13;10;1;4;16;27;24;19;21;43;41;32;36;47;58;48;56;50;62;68;61;66;73
BINGO CARABOBO;450;7;9;8;15;5;22;18;26;17;28;34;45;44;31;55;46;57;51;60;69;67;74;63;64
BINGO CARABOBO;451;13;9;11;3;2;26;20;27;22;24;35;44;34;41;52;56;50;58;47;70;73;62;66;68
BINGO CARABOBO;452;10;8;12;4;5;17;21;23;18;19;42;33;32;37;54;48;53;51;57;75;63;69;67;61
BINGO CARABOBO;453;6;1;14;15;7;25;16;29;30;28;45;40;39;31;49;59;55;60;46;64;72;74;65;71
BINGO CARABOBO;454;2;10;8;15;13;29;21;27;22;20;32;39;44;37;58;52;55;57;54;72;73;63;66;69
BINGO CARABOBO;455;1;11;12;14;4;16;26;18;30;25;42;35;33;40;59;48;53;46;49;64;61;62;65;67
BINGO CARABOBO;456;7;5;9;6;3;23;24;19;17;28;36;38;45;31;50;56;51;60;47;74;71;70;68;75
BINGO CARABOBO;457;8;4;6;7;3;26;20;21;17;28;39;37;40;32;56;49;58;53;59;69;63;72;74;73
BINGO CARABOBO;458;12;5;13;10;9;22;27;29;18;25;36;44;34;41;50;54;51;48;57;64;65;66;62;70
BINGO CARABOBO;459;1;11;14;2;15;23;19;24;30;16;43;45;31;38;46;47;60;52;55;71;68;75;61;67
BINGO CARABOBO;460;14;6;8;11;9;20;21;27;18;23;42;34;37;43;46;60;48;59;49;72;67;69;70;75
BINGO CARABOBO;461;1;4;15;10;7;28;17;16;25;29;41;35;44;32;51;56;47;58;52;65;68;73;66;63
BINGO CARABOBO;462;2;3;12;5;13;22;19;24;26;30;38;39;45;31;53;54;50;57;55;71;64;74;61;62
BINGO CARABOBO;463;14;13;5;11;4;21;18;23;27;30;43;39;33;32;49;46;53;60;47;63;69;62;65;68
BINGO CARABOBO;464;9;2;8;12;6;17;19;22;26;16;31;36;45;40;59;55;52;56;54;74;66;73;67;71
BINGO CARABOBO;465;10;3;7;1;15;28;25;24;20;29;42;37;38;41;50;57;51;48;58;72;70;64;75;61
BINGO CARABOBO;466;12;4;14;2;5;24;19;20;26;28;45;40;38;39;54;57;51;58;53;70;62;74;65;75
BINGO CARABOBO;467;3;8;6;7;10;16;25;23;22;21;35;43;44;37;49;59;48;52;56;67;72;64;66;63
BINGO CARABOBO;468;11;13;1;15;9;27;18;17;29;30;33;32;42;31;47;55;50;46;60;69;71;73;61;68
BINGO CARABOBO;469;8;2;11;4;9;18;29;17;25;21;37;43;41;45;54;50;52;51;58;71;66;73;68;70
BINGO CARABOBO;470;13;5;15;12;7;22;26;27;24;23;32;36;35;33;46;59;49;48;56;62;61;69;72;64
BINGO CARABOBO;471;3;6;10;1;14;30;19;16;28;20;42;31;44;38;60;53;47;55;57;67;65;74;63;75
BINGO CARABOBO;472;3;9;10;11;1;23;20;16;26;27;35;39;38;42;50;53;51;55;58;73;75;70;65;63
BINGO CARABOBO;473;4;6;14;2;5;17;25;24;29;28;33;40;37;41;47;49;52;54;59;64;66;67;74;61
BINGO CARABOBO;474;8;12;13;7;15;21;22;18;19;30;36;45;31;34;57;48;60;46;56;68;71;62;69;72
BINGO CARABOBO;475;4;6;2;10;3;25;21;20;28;30;32;44;33;35;53;56;50;52;54;70;63;74;64;65
BINGO CARABOBO;476;5;1;13;9;14;18;26;17;24;19;38;42;34;36;57;51;55;48;49;66;62;75;69;67
BINGO CARABOBO;477;11;8;12;15;7;29;22;27;23;16;41;40;31;39;47;58;46;59;60;72;71;68;73;61
BINGO CARABOBO;478;7;11;14;15;13;28;24;23;29;18;36;39;40;38;53;48;60;47;58;63;65;70;71;72
BINGO CARABOBO;479;9;5;8;2;4;17;25;16;22;26;44;33;45;41;49;50;54;55;52;75;62;67;73;68
BINGO CARABOBO;480;6;3;10;1;12;21;27;20;30;19;35;32;31;43;51;57;46;59;56;64;69;61;66;74
BINGO CARABOBO;481;5;10;6;7;14;22;26;29;20;24;44;32;38;40;48;53;51;60;55;63;66;69;71;62
BINGO CARABOBO;482;12;1;13;3;4;27;18;17;25;23;45;33;42;31;56;46;54;57;58;72;64;68;74;67
BINGO CARABOBO;483;9;15;8;2;11;19;28;21;30;16;43;36;35;41;52;49;50;47;59;70;73;65;75;61
BINGO CARABOBO;484;2;5;7;6;9;22;27;29;24;19;37;34;32;40;55;53;50;49;58;71;61;74;66;62
BINGO CARABOBO;485;13;1;4;8;14;17;18;20;21;16;33;43;36;31;59;47;56;46;54;65;68;75;64;70
BINGO CARABOBO;486;10;3;12;15;11;25;26;28;23;30;42;44;45;38;48;52;51;60;57;73;67;69;72;63
BINGO CARABOBO;487;14;7;11;5;6;17;25;18;28;19;40;36;43;37;51;58;55;53;50;66;67;69;72;70
BINGO CARABOBO;488;8;10;4;9;3;26;24;23;30;21;38;42;45;33;57;56;52;46;49;68;74;63;71;75
BINGO CARABOBO;489;2;12;13;1;15;16;27;22;20;29;32;39;44;31;54;48;59;60;47;65;64;61;62;73
BINGO CARABOBO;490;5;7;2;3;8;23;18;26;16;25;39;34;41;42;50;54;58;47;53;72;66;68;67;69
BINGO CARABOBO;491;14;1;4;10;11;24;29;17;22;27;35;40;38;32;49;52;59;56;48;70;74;61;71;63
BINGO CARABOBO;492;12;9;13;15;6;21;19;28;20;30;37;33;31;43;51;60;57;55;46;65;64;73;75;62
BINGO CARABOBO;493;11;4;8;6;1;20;27;29;18;25;35;45;36;34;50;53;57;59;55;63;68;64;66;62
BINGO CARABOBO;494;12;13;15;7;2;22;17;24;28;21;43;37;41;40;49;51;52;48;54;75;70;65;67;72
BINGO CARABOBO;495;5;9;10;14;3;26;16;30;19;23;42;32;44;38;46;56;58;60;47;71;74;69;61;73
BINGO CARABOBO;496;14;8;7;4;5;27;25;26;24;17;31;40;44;37;60;47;49;55;52;62;73;69;74;63
BINGO CARABOBO;497;3;9;11;2;10;19;22;23;21;28;41;32;43;36;51;53;54;50;58;71;70;66;64;68
BINGO CARABOBO;498;1;13;15;6;12;30;16;20;18;29;38;35;34;45;48;57;56;46;59;65;67;72;61;75
BINGO CARABOBO;499;6;8;14;10;1;30;27;26;16;19;39;38;34;32;58;59;53;54;60;68;61;71;70;65
BINGO CARABOBO;500;13;4;3;11;15;17;24;28;20;23;36;43;33;41;51;52;56;46;49;67;74;73;62;75
BINGO CARABOBO;501;7;9;5;12;2;29;22;21;18;25;37;42;45;44;47;57;50;48;55;64;66;69;63;72
BINGO CARABOBO;502;6;4;8;13;15;28;24;19;21;22;43;40;36;35;48;55;49;51;54;62;68;63;66;69
BINGO CARABOBO;503;7;10;11;2;1;27;29;30;17;18;45;38;44;37;46;53;60;52;57;67;71;74;64;65
BINGO CARABOBO;504;9;12;3;14;5;25;26;23;20;16;34;41;31;33;50;58;47;56;59;70;75;72;61;73
BINGO CARABOBO;505;9;4;6;14;1;17;23;27;25;24;32;35;43;39;54;52;57;47;46;74;66;75;68;71
BINGO CARABOBO;506;12;7;5;3;8;21;29;20;30;28;38;33;40;31;53;49;51;55;50;65;67;72;61;70
BINGO CARABOBO;507;10;15;2;11;13;19;18;22;26;16;41;45;42;37;58;60;56;59;48;64;63;69;73;62
BINGO CARABOBO;508;8;6;9;2;5;25;16;27;24;29;44;39;33;43;57;60;51;50;53;67;66;65;68;62
BINGO CARABOBO;509;1;10;7;11;4;30;22;23;19;17;42;38;45;35;56;54;52;59;47;75;70;63;69;71
BINGO CARABOBO;510;14;12;3;15;13;21;18;26;28;20;37;34;32;41;49;58;55;48;46;72;73;64;74;61
BINGO CARABOBO;511;7;4;14;9;10;23;22;30;25;24;37;35;39;42;55;58;53;48;50;65;67;63;71;74
BINGO CARABOBO;512;15;6;8;12;13;19;20;18;28;16;45;36;41;32;51;49;52;47;56;64;73;69;70;75
BINGO CARABOBO;513;3;5;11;2;1;29;21;17;27;26;31;43;34;44;57;46;59;54;60;66;68;72;62;61
BINGO CARABOBO;514;10;3;2;9;12;16;29;21;18;20;40;41;36;42;58;51;50;55;52;67;71;73;66;68
BINGO CARABOBO;515;7;15;5;13;4;23;22;25;27;17;44;38;33;35;53;60;49;46;47;62;63;72;74;69
BINGO CARABOBO;516;11;1;8;14;6;24;19;28;30;26;39;43;31;45;59;56;54;57;48;61;65;64;70;75
BINGO CARABOBO;517;10;13;9;7;14;24;26;18;28;20;35;31;45;38;54;51;57;53;58;67;71;66;68;62
BINGO CARABOBO;518;11;3;12;6;8;23;19;27;17;22;32;36;41;39;46;49;59;56;52;74;72;70;75;73
BINGO CARABOBO;519;5;15;1;2;4;29;21;25;16;30;37;44;33;42;48;55;47;50;60;63;65;61;64;69
BINGO CARABOBO;520;7;14;4;10;11;17;25;26;24;27;44;33;41;37;59;50;51;57;52;74;66;64;62;67
BINGO CARABOBO;521;12;15;9;3;6;20;19;21;29;18;38;42;36;40;56;49;54;46;55;71;73;65;61;68
BINGO CARABOBO;522;1;5;8;13;2;22;28;23;30;16;34;43;39;32;48;47;58;53;60;69;63;72;75;70
BINGO CARABOBO;523;13;14;2;11;6;23;25;26;21;29;39;43;35;42;57;47;56;49;59;74;68;69;62;64
BINGO CARABOBO;524;5;4;7;8;12;18;16;27;20;22;45;33;36;41;46;50;54;58;48;70;65;75;71;66
BINGO CARABOBO;525;15;3;1;9;10;19;28;30;17;24;37;38;40;32;52;53;55;60;51;67;63;72;61;73
BINGO CARABOBO;526;7;12;14;13;9;22;26;29;18;27;32;36;31;40;54;53;57;48;58;68;70;65;62;66
BINGO CARABOBO;527;5;6;4;10;2;25;21;20;30;17;44;43;45;35;50;55;47;51;56;74;64;61;69;71
BINGO CARABOBO;528;15;8;3;1;11;19;28;16;24;23;38;34;42;39;59;52;46;49;60;72;67;73;63;75
BINGO CARABOBO;529;10;8;5;12;7;26;21;25;20;23;34;43;33;39;52;46;56;55;54;62;75;65;63;72
BINGO CARABOBO;530;13;1;4;14;11;17;29;27;24;30;38;41;40;35;57;50;49;51;59;68;67;71;66;69
BINGO CARABOBO;531;6;3;15;2;9;28;18;19;16;22;37;31;45;32;48;47;53;58;60;73;70;64;74;61
BINGO CARABOBO;532;7;14;5;4;12;23;29;21;18;17;34;39;42;38;50;54;56;55;52;72;67;70;62;63
BINGO CARABOBO;533;8;11;6;9;15;22;26;28;20;16;32;35;37;44;60;48;46;57;53;71;73;61;68;66
BINGO CARABOBO;534;13;1;2;3;10;27;19;24;30;25;33;41;31;45;51;47;58;59;49;75;65;74;64;69
BINGO CARABOBO;535;1;13;4;12;5;18;16;25;26;20;36;39;37;35;48;58;55;60;47;67;72;74;70;68
BINGO CARABOBO;536;14;3;10;9;11;22;27;21;17;28;41;34;33;43;56;54;51;52;59;66;64;63;71;65
BINGO CARABOBO;537;2;7;8;15;6;24;29;23;30;19;32;40;45;31;50;53;49;57;46;69;73;62;75;61
BINGO CARABOBO;538;2;8;14;3;9;25;24;26;20;18;36;32;41;33;52;56;57;47;58;66;71;74;61;65
BINGO CARABOBO;539;4;11;13;7;10;21;29;22;16;23;43;40;34;39;59;50;48;46;55;69;70;73;75;68
BINGO CARABOBO;540;15;1;12;6;5;27;19;28;17;30;38;37;42;31;51;60;53;54;49;64;67;62;72;63
BINGO CARABOBO;541;2;14;7;10;9;30;27;19;23;21;41;37;36;34;52;58;49;56;54;73;68;74;75;62
BINGO CARABOBO;542;8;11;4;3;5;16;25;26;17;24;43;38;39;35;51;55;59;47;53;71;66;67;69;65
BINGO CARABOBO;543;13;1;6;15;12;28;20;22;29;18;31;40;32;33;57;60;48;46;50;70;63;64;72;61
BINGO CARABOBO;544;6;5;11;10;12;18;17;27;30;23;40;43;32;34;56;47;60;53;52;64;66;69;72;63
BINGO CARABOBO;545;8;1;4;3;14;22;29;24;26;19;39;36;42;37;48;57;46;50;49;65;70;73;74;68
BINGO CARABOBO;546;15;13;7;9;2;21;20;25;16;28;44;31;33;45;55;54;58;51;59;61;71;62;67;75
BINGO CARABOBO;547;5;11;8;12;15;20;27;17;30;25;31;33;39;41;53;52;51;55;48;67;75;70;68;64
BINGO CARABOBO;548;3;10;13;6;4;24;23;28;26;18;34;35;32;42;47;50;60;56;49;71;74;69;61;63
BINGO CARABOBO;549;1;2;9;14;7;19;22;21;29;16;44;36;40;45;57;58;54;46;59;72;66;65;62;73
BINGO CARABOBO;550;4;8;11;5;2;19;21;20;29;30;42;40;37;39;54;53;51;59;55;70;65;62;69;68
BINGO CARABOBO;551;13;14;6;3;1;18;25;26;27;16;38;36;34;32;50;47;58;52;60;67;75;71;73;66
BINGO CARABOBO;552;15;9;7;12;10;24;22;23;17;28;35;45;33;43;49;56;57;48;46;72;61;64;74;63
BINGO CARABOBO;553;3;2;9;14;7;23;24;17;22;26;31;35;39;41;54;58;55;50;53;64;71;74;63;68
BINGO CARABOBO;554;4;5;8;1;11;19;30;25;28;27;43;40;37;36;52;51;47;48;56;65;70;66;69;62
BINGO CARABOBO;555;13;12;10;6;15;21;20;16;18;29;45;42;44;32;60;49;59;46;57;61;72;67;73;75
BINGO CARABOBO;556;9;12;3;1;10;23;18;20;24;27;42;38;40;36;50;59;52;55;58;71;61;75;66;67
BINGO CARABOBO;557;8;5;6;13;14;19;17;25;21;22;35;39;34;31;54;51;49;57;56;69;74;68;63;70
BINGO CARABOBO;558;7;11;4;2;15;16;29;28;26;30;32;43;37;45;46;53;47;48;60;64;65;73;72;62
BINGO CARABOBO;559;3;1;9;8;10;25;21;30;24;22;42;33;40;35;46;53;55;49;52;65;71;69;66;75
BINGO CARABOBO;560;5;4;6;13;7;18;26;20;17;23;39;36;44;41;59;48;56;54;58;68;70;67;72;63
BINGO CARABOBO;561;15;11;12;2;14;28;19;29;27;16;34;32;43;45;57;51;50;60;47;62;64;74;61;73
BINGO CARABOBO;562;6;8;9;12;3;19;29;25;21;28;45;35;41;32;56;50;53;47;54;67;74;63;64;68
BINGO CARABOBO;563;7;1;13;5;10;18;20;27;23;26;39;37;40;43;55;57;51;46;49;69;70;65;73;61
BINGO CARABOBO;564;14;4;11;15;2;22;24;30;16;17;31;42;38;44;52;48;59;58;60;71;62;72;75;66
BINGO CARABOBO;565;5;12;1;15;9;28;21;29;25;23;35;34;44;33;49;51;60;47;56;70;65;62;74;71
BINGO CARABOBO;566;11;4;6;13;14;30;16;20;18;22;42;41;39;43;46;54;53;58;55;68;72;75;67;66
BINGO CARABOBO;567;3;2;8;7;10;24;19;26;27;17;31;40;32;45;50;48;57;52;59;63;64;73;69;61
BINGO CARABOBO;568;11;2;4;10;15;20;23;17;18;25;38;33;39;36;49;47;56;51;59;73;71;63;66;70
BINGO CARABOBO;569;3;13;12;8;1;24;27;19;28;21;40;32;35;44;57;54;60;53;52;64;69;65;67;74
BINGO CARABOBO;570;14;6;5;7;9;26;16;22;30;29;41;45;42;43;55;50;48;46;58;68;72;75;61;62
BINGO CARABOBO;571;4;2;9;11;8;21;26;16;29;25;32;37;38;35;49;54;58;53;48;61;74;65;63;70
BINGO CARABOBO;572;12;13;1;6;7;19;23;22;20;24;43;31;40;34;57;47;50;56;51;75;68;66;64;69
BINGO CARABOBO;573;10;14;3;15;5;27;18;28;17;30;42;33;45;36;55;59;60;46;52;72;62;71;67;73
BINGO CARABOBO;574;13;11;5;6;14;18;20;28;16;17;31;39;44;45;48;53;59;52;47;62;64;66;73;67
BINGO CARABOBO;575;4;7;1;12;8;23;24;29;26;21;38;42;35;40;60;51;58;50;46;65;70;71;63;68
BINGO CARABOBO;576;9;10;3;15;2;25;22;30;27;19;43;33;32;37;54;55;56;49;57;72;74;69;61;75
BINGO CARABOBO;577;6;5;7;2;4;27;26;28;23;30;35;34;33;42;52;50;55;47;48;64;62;70;68;69
BINGO CARABOBO;578;13;3;11;10;14;24;21;25;29;19;45;36;41;39;54;56;57;49;59;67;71;65;63;66
BINGO CARABOBO;579;8;9;1;15;12;20;17;18;22;16;31;44;32;38;51;58;46;53;60;74;72;75;61;73
BINGO CARABOBO;580;13;10;3;9;5;25;20;28;19;23;34;41;39;40;54;51;57;47;55;64;63;68;70;69
BINGO CARABOBO;581;15;12;7;14;8;27;21;26;18;22;38;43;31;36;52;46;50;49;53;66;73;61;74;71
BINGO CARABOBO;582;2;6;11;1;4;30;24;17;29;16;37;44;35;33;56;58;48;59;60;72;67;62;75;65
BINGO CARABOBO;583;2;3;9;5;14;28;17;29;20;19;42;33;40;39;51;53;55;48;52;71;62;70;72;74
BINGO CARABOBO;584;11;4;10;8;1;25;30;22;21;24;35;41;37;36;47;54;59;60;57;73;66;64;68;69
BINGO CARABOBO;585;12;15;7;13;6;27;18;23;26;16;44;45;38;31;49;50;56;46;58;63;65;67;61;75
BINGO CARABOBO;586;1;8;12;5;13;29;19;21;22;24;36;42;43;37;53;47;46;58;55;63;66;73;64;67
BINGO CARABOBO;587;7;6;11;4;10;23;18;28;27;20;38;40;35;34;48;57;54;59;49;71;61;68;75;74
BINGO CARABOBO;588;3;9;14;2;15;25;30;16;26;17;44;39;45;32;56;52;51;50;60;70;65;62;69;72
BINGO CARABOBO;589;6;13;12;15;4;28;16;20;29;26;41;42;31;39;47;58;53;46;54;68;67;69;74;65
BINGO CARABOBO;590;5;10;9;14;3;25;24;27;21;19;33;44;36;43;56;59;52;57;51;66;64;61;63;71
BINGO CARABOBO;591;11;7;8;1;2;22;17;23;18;30;38;45;34;35;55;48;50;49;60;73;72;75;62;70
BINGO CARABOBO;592;9;13;4;8;14;16;20;21;27;28;39;43;42;32;48;56;51;49;54;69;72;64;62;70
BINGO CARABOBO;593;3;1;10;12;11;29;24;18;22;19;44;37;38;35;53;59;50;57;55;71;65;68;63;67
BINGO CARABOBO;594;7;6;5;2;15;30;25;23;26;17;45;40;34;33;47;52;60;46;58;66;74;75;73;61
BINGO CARABOBO;595;12;9;11;13;5;30;28;20;27;26;41;34;32;45;48;52;56;58;60;70;68;75;73;61
BINGO CARABOBO;596;8;7;14;15;10;18;17;21;23;29;37;42;43;36;47;54;51;46;49;71;69;74;64;67
BINGO CARABOBO;597;2;4;6;3;1;25;19;22;24;16;44;35;33;31;55;57;50;53;59;66;62;72;65;63
BINGO CARABOBO;598;3;11;5;6;7;23;26;29;21;27;40;43;42;32;47;52;55;50;59;72;73;71;69;63
BINGO CARABOBO;599;2;10;8;1;12;20;28;17;19;18;36;35;41;44;57;53;51;54;48;68;64;74;70;61
BINGO CARABOBO;600;9;14;15;13;4;16;30;24;22;25;34;38;37;31;46;56;60;58;49;66;65;62;67;75
BINGO CARABOBO;601;3;2;13;8;1;18;23;22;16;24;32;33;42;34;53;54;58;57;46;62;64;68;70;75
BINGO CARABOBO;602;9;5;10;4;11;29;30;27;17;20;39;36;43;44;48;49;60;52;56;63;73;69;65;71
BINGO CARABOBO;603;6;7;14;12;15;25;26;28;21;19;41;40;38;31;50;59;51;55;47;67;61;72;74;66
BINGO CARABOBO;604;5;12;4;8;7;30;25;27;19;18;44;43;38;32;50;60;46;54;48;69;74;67;73;64
BINGO CARABOBO;605;11;10;1;9;3;24;26;28;17;21;40;42;33;34;49;53;52;59;51;70;63;66;65;71
BINGO CARABOBO;606;6;2;14;13;15;22;20;29;23;16;35;31;45;37;57;56;47;58;55;62;72;75;61;68
BINGO CARABOBO;607;10;14;9;13;2;24;18;16;17;19;44;35;37;36;60;53;54;57;50;72;67;70;71;62
BINGO CARABOBO;608;1;5;11;7;3;27;23;26;21;25;32;34;38;33;48;58;49;52;56;65;69;68;61;63
BINGO CARABOBO;609;6;12;15;4;8;30;29;20;28;22;41;43;31;45;51;47;46;55;59;66;74;73;75;64
BINGO CARABOBO;610;11;13;3;6;9;23;28;29;18;16;36;31;34;44;50;48;54;53;51;63;62;70;67;72
BINGO CARABOBO;611;4;2;1;5;8;24;17;25;21;20;39;43;37;45;57;47;52;49;56;64;68;66;61;73
BINGO CARABOBO;612;14;12;15;7;10;30;22;19;27;26;35;32;42;41;58;59;46;55;60;74;71;75;69;65
BINGO CARABOBO;613;11;8;3;6;13;20;28;22;25;29;31;39;40;43;52;58;46;49;56;73;64;66;72;74
BINGO CARABOBO;614;2;5;4;1;12;18;23;19;27;21;36;41;45;35;54;48;50;57;47;61;69;70;71;62
BINGO CARABOBO;615;14;10;9;15;7;26;30;17;24;16;42;37;44;33;53;55;51;60;59;65;67;63;68;75
BINGO CARABOBO;616;9;5;2;3;10;29;22;26;20;27;32;31;39;43;52;49;58;55;56;61;73;65;72;67
BINGO CARABOBO;617;15;4;7;6;13;18;24;17;21;25;44;40;36;38;54;53;50;51;46;66;75;70;69;64
BINGO CARABOBO;618;8;12;1;14;11;16;28;19;30;23;34;37;41;33;57;60;59;47;48;63;68;71;62;74
BINGO CARABOBO;619;3;2;10;12;15;22;28;29;18;19;39;34;41;43;47;58;49;50;51;70;73;67;66;63
BINGO CARABOBO;620;7;13;6;5;9;17;21;25;26;30;38;33;44;42;46;55;48;57;53;75;65;72;62;68
BINGO CARABOBO;621;14;8;4;1;11;16;23;24;27;20;31;37;32;36;54;60;56;52;59;74;64;69;71;61
BINGO CARABOBO;622;12;10;8;14;13;23;25;22;17;20;32;43;38;41;52;51;60;47;50;66;62;64;71;63
BINGO CARABOBO;623;3;7;2;11;9;27;16;24;19;18;40;31;35;44;54;58;48;53;46;68;72;61;75;69
BINGO CARABOBO;624;1;6;15;4;5;29;26;28;21;30;37;34;42;39;56;59;57;49;55;73;67;65;74;70
BINGO CARABOBO;625;9;13;4;15;2;19;18;20;22;28;34;32;37;38;47;51;58;49;57;62;64;63;67;70
BINGO CARABOBO;626;8;7;6;10;1;29;16;25;27;26;43;35;41;40;50;54;46;55;53;74;75;73;65;69
BINGO CARABOBO;627;11;12;5;3;14;17;21;24;23;30;33;36;31;45;52;59;60;48;56;72;66;68;61;71
BINGO CARABOBO;628;9;12;7;2;15;17;18;29;22;28;37;32;41;42;58;56;48;57;47;61;65;73;75;67
BINGO CARABOBO;629;14;11;13;3;4;23;24;19;21;27;45;38;44;36;49;46;52;59;55;68;64;72;63;66
BINGO CARABOBO;630;6;5;10;8;1;25;20;26;30;16;40;43;39;31;51;53;54;60;50;62;70;74;71;69
BINGO CARABOBO;631;7;14;9;13;5;19;29;17;26;25;45;41;37;43;47;56;59;57;50;69;65;72;74;67
BINGO CARABOBO;632;6;3;11;4;12;22;18;27;16;23;40;33;32;34;53;60;49;54;52;70;71;75;61;62
BINGO CARABOBO;633;8;2;1;15;10;21;30;20;24;28;31;38;44;35;48;58;46;51;55;64;68;63;73;66
BINGO CARABOBO;634;5;4;11;2;6;20;25;21;22;28;33;38;32;43;46;49;50;48;52;72;62;70;66;75
BINGO CARABOBO;635;9;3;12;14;10;19;26;24;30;29;31;44;36;37;56;58;53;59;47;67;73;65;68;71
BINGO CARABOBO;636;7;13;1;8;15;17;23;16;18;27;45;35;40;34;51;55;57;54;60;69;63;64;74;61
BINGO CARABOBO;637;7;1;5;12;3;17;21;23;20;25;33;39;37;31;52;48;50;47;60;69;68;64;65;73
BINGO CARABOBO;638;13;4;9;15;8;29;16;19;22;26;45;44;38;34;55;49;46;57;54;62;67;74;63;72
BINGO CARABOBO;639;11;10;14;6;2;24;18;28;27;30;35;40;32;43;58;56;53;59;51;66;71;75;70;61
BINGO CARABOBO;640;6;11;10;8;3;24;17;28;21;23;33;41;45;34;54;51;56;58;52;69;62;73;71;65
BINGO CARABOBO;641;7;9;5;13;15;29;25;20;16;30;36;38;42;37;50;48;60;53;57;70;68;75;64;72
BINGO CARABOBO;642;14;2;4;12;1;22;19;26;18;27;31;43;39;44;46;49;55;59;47;66;63;67;74;61
BINGO CARABOBO;643;9;8;11;13;10;24;26;20;17;21;44;38;43;36;48;57;47;58;56;70;73;63;66;72
BINGO CARABOBO;644;7;1;5;12;2;28;16;23;29;27;31;34;42;32;51;59;60;54;52;68;62;69;67;74
BINGO CARABOBO;645;15;6;3;4;14;25;22;18;19;30;41;35;33;40;50;46;53;55;49;71;64;65;75;61
BINGO CARABOBO;646;11;5;14;15;12;16;24;27;23;19;45;37;42;34;46;55;58;59;52;69;63;68;71;66
BINGO CARABOBO;647;13;4;6;8;2;29;28;20;26;30;40;33;31;44;56;51;54;57;53;75;73;72;70;67
BINGO CARABOBO;648;7;3;1;9;10;18;17;25;21;22;36;38;43;32;47;50;49;60;48;64;65;62;74;61
BINGO CARABOBO;649;13;3;15;7;5;17;26;25;21;22;40;38;41;33;52;47;55;58;53;67;69;62;71;65
BINGO CARABOBO;650;11;4;12;10;6;29;16;20;18;24;35;37;36;43;49;46;50;60;54;70;72;68;66;75
BINGO CARABOBO;651;2;9;8;1;14;19;27;28;30;23;45;42;31;34;56;51;57;48;59;74;64;61;73;63
BINGO CARABOBO;652;14;10;7;12;5;29;16;23;19;20;34;40;36;39;55;47;48;58;54;69;63;73;72;70
BINGO CARABOBO;653;2;1;11;8;15;30;22;21;27;24;37;44;41;45;57;50;51;52;46;64;65;68;71;61
BINGO CARABOBO;654;4;9;6;13;3;26;28;25;18;17;35;31;42;38;49;53;60;56;59;66;62;74;67;75
BINGO CARABOBO;655;13;9;4;8;3;17;23;25;29;19;42;39;35;34;54;52;58;53;50;67;65;73;75;70
BINGO CARABOBO;656;5;2;12;14;11;26;21;24;30;27;36;37;40;41;47;57;51;59;49;63;69;62;68;74
BINGO CARABOBO;657;1;15;7;10;6;18;22;16;28;20;45;38;44;43;56;46;48;60;55;64;72;61;66;71
BINGO CARABOBO;658;7;12;8;4;13;17;25;27;21;23;38;44;45;31;51;55;59;58;47;70;68;66;72;69
BINGO CARABOBO;659;10;14;2;6;9;20;29;26;28;24;42;35;36;40;48;54;56;60;50;75;67;63;65;74
BINGO CARABOBO;660;5;1;11;15;3;22;18;19;30;16;37;32;34;43;53;49;57;46;52;62;64;71;73;61
BINGO CARABOBO;661;13;5;12;7;10;20;18;21;28;23;41;31;39;44;55;58;59;50;47;63;67;72;71;74
BINGO CARABOBO;662;4;6;11;14;8;17;24;25;26;19;37;33;43;38;46;57;51;49;54;68;66;70;61;65
BINGO CARABOBO;663;9;3;2;15;1;22;29;27;30;16;32;36;45;35;60;52;56;53;48;73;62;75;69;64
BINGO CARABOBO;664;8;14;12;15;6;28;24;20;29;30;42;41;35;40;48;60;58;47;52;71;73;68;63;62
BINGO CARABOBO;665;11;10;5;7;4;19;26;25;22;23;34;36;31;33;55;53;49;51;57;61;75;67;72;74
BINGO CARABOBO;666;13;9;1;3;2;17;18;16;27;21;43;45;32;37;54;46;50;59;56;64;69;70;66;65
BINGO CARABOBO;667;8;15;12;4;7;27;25;26;18;21;39;34;32;36;56;49;57;59;48;61;68;74;64;75
BINGO CARABOBO;668;5;1;11;10;2;23;17;22;30;28;44;42;35;37;51;47;55;54;46;62;71;66;72;67
BINGO CARABOBO;669;13;14;3;6;9;19;24;16;20;29;40;38;31;33;50;58;53;60;52;65;69;63;73;70
BINGO CARABOBO;670;3;7;9;5;6;27;22;20;19;16;44;38;39;32;50;60;56;58;52;71;68;73;69;65
BINGO CARABOBO;671;1;15;10;11;13;30;23;17;21;25;36;31;37;41;51;47;48;53;54;70;63;74;72;66
BINGO CARABOBO;672;4;8;14;2;12;24;26;29;18;28;42;35;34;43;46;57;49;59;55;62;67;64;75;61
BINGO CARABOBO;673;2;7;3;5;11;25;21;26;22;23;35;38;36;40;56;60;57;52;53;61;68;67;74;70
BINGO CARABOBO;674;8;13;10;14;12;24;28;20;17;27;32;45;42;39;54;59;50;49;55;72;66;69;64;73
BINGO CARABOBO;675;9;15;4;6;1;18;29;16;30;19;41;43;31;44;58;47;46;51;48;75;71;62;63;65
BINGO CARABOBO;676;14;6;3;9;12;30;16;18;28;20;40;41;37;36;49;47;55;56;48;64;69;63;70;65
BINGO CARABOBO;677;2;7;11;8;10;23;22;27;29;21;43;35;44;45;51;53;60;58;52;74;75;72;62;67
BINGO CARABOBO;678;1;15;5;13;4;24;25;17;19;26;33;38;34;31;57;46;54;50;59;71;68;73;66;61
BINGO CARABOBO;679;11;5;4;14;15;28;18;24;23;20;37;35;38;31;51;54;49;56;53;66;67;64;72;65
BINGO CARABOBO;680;6;8;3;12;13;17;19;29;22;27;40;36;43;44;58;57;47;59;60;74;70;62;68;71
BINGO CARABOBO;681;9;7;10;2;1;25;30;21;16;26;32;42;41;39;46;50;52;55;48;73;69;61;63;75
BINGO CARABOBO;682;14;2;4;3;5;25;23;20;26;21;39;33;35;36;52;55;56;54;47;71;65;68;67;66
BINGO CARABOBO;683;11;6;13;7;8;18;24;17;29;28;34;31;43;37;53;58;57;51;48;70;63;61;64;73
BINGO CARABOBO;684;9;1;15;10;12;22;19;27;16;30;32;42;40;41;50;60;46;59;49;75;74;62;72;69
BINGO CARABOBO;685;9;2;6;4;14;19;26;17;18;16;38;44;39;37;48;56;57;59;54;66;71;70;72;67
BINGO CARABOBO;686;8;10;13;12;15;27;20;28;29;22;41;32;43;35;49;52;51;50;53;75;63;68;64;74
BINGO CARABOBO;687;3;5;7;11;1;25;30;24;21;23;40;31;36;33;47;55;58;46;60;73;62;69;65;61
BINGO CARABOBO;688;2;12;1;5;6;29;26;18;20;25;38;36;41;35;54;56;60;51;52;64;74;71;61;65
BINGO CARABOBO;689;4;8;11;3;10;21;23;24;22;28;37;43;40;33;55;50;53;48;58;73;72;68;67;62
BINGO CARABOBO;690;15;9;13;7;14;16;19;27;17;30;32;34;39;44;49;59;47;46;57;69;70;63;66;75
BINGO CARABOBO;691;13;3;6;2;1;18;25;24;20;27;39;31;42;40;53;49;47;58;50;61;65;73;64;72
BINGO CARABOBO;692;14;9;8;12;10;19;29;17;28;26;43;36;37;41;60;57;48;51;56;74;67;69;68;66
BINGO CARABOBO;693;11;7;5;15;4;21;22;16;30;23;35;38;45;32;59;54;55;46;52;70;63;75;62;71
BINGO CARABOBO;694;11;9;13;5;8;17;21;29;18;16;32;44;40;38;48;58;51;57;56;71;63;68;75;72
BINGO CARABOBO;695;1;2;4;7;6;30;20;26;24;27;34;42;33;41;49;59;47;55;60;66;69;61;65;64
BINGO CARABOBO;696;14;3;12;15;10;22;23;25;28;19;39;31;45;35;53;50;52;46;54;74;62;70;67;73
BINGO CARABOBO;697;5;13;4;6;8;29;28;18;20;19;38;36;35;43;51;54;52;48;59;64;71;72;66;67
BINGO CARABOBO;698;3;14;15;12;11;17;30;22;21;25;34;42;33;40;50;60;47;49;53;74;61;68;69;65
BINGO CARABOBO;699;7;10;1;2;9;23;24;26;16;27;32;41;39;45;55;57;58;46;56;75;70;73;63;62
BINGO CARABOBO;700;9;3;5;10;1;21;27;23;20;25;40;32;41;36;55;56;47;48;50;72;71;63;65;75
BINGO CARABOBO;701;2;8;4;7;15;28;17;16;29;19;34;33;43;38;57;52;51;54;49;70;73;67;74;66
BINGO CARABOBO;702;12;14;11;6;13;26;30;18;24;22;45;35;31;42;60;53;58;46;59;61;62;64;69;68
BINGO CARABOBO;703;5;13;8;6;10;17;21;25;22;27;32;40;42;43;55;59;56;50;52;69;70;66;73;63
BINGO CARABOBO;704;1;14;9;12;2;23;24;30;26;20;31;37;41;44;51;49;53;47;46;61;71;65;67;64
BINGO CARABOBO;705;11;7;4;3;15;19;29;18;16;28;39;34;45;33;60;54;57;58;48;74;72;62;68;75
BINGO CARABOBO;706;13;9;4;12;3;16;29;21;26;19;35;36;37;43;58;47;48;52;54;72;62;61;70;74
BINGO CARABOBO;707;2;10;6;5;14;17;23;25;30;20;31;41;39;40;55;51;59;49;46;66;65;73;75;64
BINGO CARABOBO;708;15;7;11;1;8;24;22;27;28;18;34;42;33;44;57;53;56;60;50;69;63;67;71;68
BINGO CARABOBO;709;4;12;15;11;8;26;28;19;18;25;39;34;40;44;58;54;46;53;50;66;75;67;71;74
BINGO CARABOBO;710;5;10;6;9;13;27;21;22;29;30;35;33;36;38;55;57;51;49;48;70;68;65;72;69
BINGO CARABOBO;711;2;3;14;1;7;23;20;17;24;16;43;31;32;45;56;47;59;60;52;64;62;63;73;61
BINGO CARABOBO;712;12;2;3;8;9;22;20;19;21;23;43;37;39;38;59;49;53;57;47;73;65;67;66;69
BINGO CARABOBO;713;10;4;13;7;14;30;28;29;16;25;34;32;41;31;52;48;56;50;60;70;74;63;71;72
BINGO CARABOBO;714;6;11;15;1;5;18;24;26;27;17;35;42;36;33;58;54;46;51;55;61;75;64;68;62
BINGO CARABOBO;715;13;3;2;12;7;24;23;25;20;29;41;44;35;43;47;52;51;58;48;74;67;68;63;69
BINGO CARABOBO;716;9;8;10;11;5;18;22;17;28;27;34;33;37;40;56;54;50;55;59;70;72;75;65;71
BINGO CARABOBO;717;4;6;1;14;15;19;26;30;16;21;45;31;32;38;49;57;53;60;46;66;64;73;61;62
BINGO CARABOBO;718;7;15;3;4;9;26;28;25;23;20;40;32;43;41;52;53;55;46;59;64;66;75;62;65
BINGO CARABOBO;719;14;1;12;6;10;16;22;24;30;18;36;33;35;42;51;60;54;56;57;70;69;68;73;71
BINGO CARABOBO;720;8;2;13;11;5;21;29;19;27;17;37;34;31;45;58;49;48;47;50;67;63;74;61;72
BINGO CARABOBO;721;12;13;9;15;10;20;26;18;25;16;40;42;33;38;47;55;54;52;53;71;63;72;65;74
BINGO CARABOBO;722;7;11;1;6;5;21;30;28;24;17;39;43;41;35;56;49;48;50;59;73;64;69;67;66
BINGO CARABOBO;723;4;3;14;8;2;19;27;23;29;22;37;44;31;36;58;51;60;57;46;61;68;75;70;62
BINGO CARABOBO;724;6;13;4;8;11;24;30;21;29;27;37;42;31;43;53;58;57;59;54;65;71;74;69;66
BINGO CARABOBO;725;5;10;7;14;3;17;26;18;22;20;38;39;36;41;48;50;49;60;52;73;63;64;72;67
BINGO CARABOBO;726;2;1;15;9;12;25;28;23;16;19;34;35;33;45;51;46;55;56;47;70;62;68;61;75
BINGO CARABOBO;727;1;14;10;9;3;25;23;16;18;27;40;41;38;36;53;47;48;52;51;70;61;68;74;64
BINGO CARABOBO;728;7;13;11;8;12;19;20;22;17;28;43;44;37;32;59;49;56;55;46;62;67;63;71;72
BINGO CARABOBO;729;2;5;15;6;4;29;26;24;21;30;35;33;31;45;54;60;57;58;50;73;75;69;66;65
BINGO CARABOBO;730;9;11;10;14;4;27;25;26;21;22;33;34;39;44;56;49;54;48;55;73;66;70;75;65
BINGO CARABOBO;731;3;12;8;13;15;24;30;23;20;29;40;37;38;32;59;47;60;51;50;71;72;74;64;61
BINGO CARABOBO;732;2;5;1;7;6;19;18;17;16;28;31;45;36;41;53;52;58;57;46;67;69;63;68;62
BINGO CARABOBO;733;8;5;10;7;9;27;24;22;17;25;33;43;42;45;55;47;56;49;50;69;73;63;68;66
BINGO CARABOBO;734;14;15;11;4;6;19;23;29;20;16;34;37;35;38;48;52;54;58;46;71;64;67;65;62
BINGO CARABOBO;735;2;12;3;13;1;30;26;28;18;21;44;39;31;41;57;59;60;53;51;72;75;70;74;61
BINGO CARABOBO;736;3;2;7;9;8;29;17;22;25;21;36;31;34;33;56;48;60;53;52;65;68;69;62;66
BINGO CARABOBO;737;5;12;15;13;10;24;18;26;19;28;40;45;35;38;47;55;57;58;51;67;71;72;63;75
BINGO CARABOBO;738;6;11;1;14;4;20;27;23;16;30;39;32;44;41;49;50;54;59;46;64;73;70;61;74
BINGO CARABOBO;739;4;9;2;13;3;23;29;19;26;18;34;38;41;43;55;54;53;47;58;61;69;68;64;74
BINGO CARABOBO;740;8;5;7;14;12;22;20;25;27;17;39;37;33;44;59;46;51;57;56;65;63;73;66;72
BINGO CARABOBO;741;6;10;11;1;15;28;30;16;21;24;42;35;31;45;48;60;52;50;49;70;67;62;71;75
BINGO CARABOBO;742;11;15;6;12;13;26;19;18;21;25;38;40;36;35;51;52;48;56;47;68;64;63;72;62
BINGO CARABOBO;743;4;8;10;7;5;24;30;22;27;16;31;45;42;39;57;59;55;53;58;67;70;65;71;66
BINGO CARABOBO;744;3;9;2;14;1;23;20;28;17;29;41;34;44;32;54;49;50;60;46;69;74;75;73;61
BINGO CARABOBO;745;15;1;8;13;5;23;27;17;22;28;44;42;33;34;52;56;59;49;46;62;69;72;70;67
BINGO CARABOBO;746;7;6;10;9;12;25;29;21;24;20;40;38;36;35;57;53;60;50;51;66;74;75;65;64
BINGO CARABOBO;747;11;4;14;2;3;19;26;18;16;30;43;37;45;32;55;48;58;54;47;63;68;71;61;73
BINGO CARABOBO;748;3;6;12;2;11;22;20;23;25;18;40;41;38;42;52;46;54;58;50;72;62;66;63;65
BINGO CARABOBO;749;10;5;13;14;9;21;24;28;27;29;44;39;37;33;57;60;56;48;55;68;73;64;71;74
BINGO CARABOBO;750;8;4;7;1;15;19;30;17;16;26;34;43;32;36;49;59;51;53;47;67;69;75;70;61
BINGO CARABOBO;751;9;6;7;5;8;27;19;28;26;21;45;32;43;34;59;47;49;48;52;65;70;72;68;69
BINGO CARABOBO;752;2;4;3;11;12;18;24;29;23;30;41;35;42;31;50;51;56;55;57;67;66;64;71;62
BINGO CARABOBO;753;10;14;13;1;15;16;22;20;17;25;44;40;37;33;46;58;53;60;54;61;73;75;63;74
BINGO CARABOBO;754;4;6;7;8;14;21;27;24;19;28;44;34;39;43;59;52;55;47;51;67;74;63;64;68
BINGO CARABOBO;755;5;15;10;9;2;18;22;25;20;26;37;38;36;40;57;54;50;60;48;69;70;65;73;61
BINGO CARABOBO;756;12;3;1;13;11;17;23;30;16;29;42;41;45;31;49;56;53;46;58;75;71;66;62;72
BINGO CARABOBO;757;9;8;13;1;14;23;30;28;18;16;38;34;36;33;53;54;46;49;55;71;65;67;73;70
BINGO CARABOBO;758;3;12;6;11;4;21;22;26;19;25;42;41;44;40;47;51;50;57;58;72;61;74;68;69
BINGO CARABOBO;759;5;10;7;15;2;24;20;27;29;17;31;39;45;32;59;52;60;48;56;63;64;75;66;62
BINGO CARABOBO;760;4;9;2;10;14;22;25;29;18;20;43;36;34;37;53;60;52;57;56;67;74;61;65;72
BINGO CARABOBO;761;1;8;12;3;7;21;24;28;27;26;38;31;40;32;50;47;54;49;55;63;71;64;75;66
BINGO CARABOBO;762;5;13;6;11;15;23;17;19;30;16;42;44;41;39;58;46;51;59;48;73;70;69;62;68
BINGO CARABOBO;763;7;3;5;8;6;22;23;28;30;27;44;34;37;33;59;54;46;57;52;69;67;73;63;71
BINGO CARABOBO;764;15;4;9;12;11;21;20;19;24;18;32;41;45;42;60;50;55;56;51;62;68;70;66;74
BINGO CARABOBO;765;14;2;13;1;10;17;16;25;29;26;39;43;40;31;53;49;48;47;58;72;61;65;64;75
BINGO CARABOBO;766;12;3;11;1;6;23;25;19;18;17;32;40;45;33;57;58;50;56;60;63;69;65;68;73
BINGO CARABOBO;767;10;4;14;9;7;22;26;24;21;29;38;42;34;43;55;48;47;52;59;72;64;71;66;74
BINGO CARABOBO;768;8;5;13;2;15;27;20;16;30;28;35;31;44;39;51;49;53;54;46;70;75;67;61;62
BINGO CARABOBO;769;8;7;15;6;9;19;22;30;16;23;39;32;33;40;57;55;58;48;52;66;73;67;65;64
BINGO CARABOBO;770;11;3;5;4;12;28;17;27;26;21;43;35;45;41;53;54;56;47;51;63;69;71;72;74
BINGO CARABOBO;771;13;10;2;1;14;20;25;24;18;29;37;34;31;36;46;49;60;59;50;61;70;68;75;62
BINGO CARABOBO;772;10;7;15;6;2;25;26;18;20;23;33;38;37;40;58;52;54;59;47;69;75;65;66;73
BINGO CARABOBO;773;1;11;13;5;3;17;28;21;29;16;44;32;41;43;50;57;56;55;53;70;62;71;64;74
BINGO CARABOBO;774;12;4;9;14;8;22;30;27;24;19;42;45;31;36;51;49;48;60;46;72;67;68;63;61
BINGO CARABOBO;775;13;2;4;5;14;30;28;19;24;23;44;33;31;36;50;48;56;51;54;70;61;75;63;67
BINGO CARABOBO;776;10;3;9;12;1;27;20;26;29;22;41;42;32;43;55;58;59;57;52;68;73;64;72;69
BINGO CARABOBO;777;8;15;7;11;6;16;17;21;25;18;37;40;35;45;47;49;53;60;46;62;66;71;74;65
BINGO CARABOBO;778;2;12;14;6;11;19;23;29;24;27;43;44;45;34;54;52;47;57;58;67;70;63;69;62
BINGO CARABOBO;779;1;13;5;4;9;18;16;25;26;20;36;38;37;33;49;55;56;46;59;71;74;65;73;61
BINGO CARABOBO;780;3;15;10;8;7;17;22;28;21;30;39;35;40;31;51;53;50;60;48;66;72;68;75;64
BINGO CARABOBO;781;10;11;8;13;2;19;16;28;22;21;38;45;34;43;58;57;56;49;51;68;67;73;69;71
BINGO CARABOBO;782;5;7;9;3;12;23;26;27;24;20;36;35;41;33;54;48;53;47;55;72;70;74;62;63
BINGO CARABOBO;783;6;1;4;15;14;29;30;18;17;25;44;39;32;37;60;46;59;50;52;65;66;64;75;61
BINGO CARABOBO;784;14;3;11;13;4;17;24;20;26;25;43;33;45;42;49;60;58;55;47;71;73;62;66;75
BINGO CARABOBO;785;6;2;8;12;10;27;22;21;30;23;39;35;40;31;46;57;51;56;54;64;68;74;65;63
BINGO CARABOBO;786;9;15;5;1;7;18;16;29;19;28;34;41;37;32;53;48;50;52;59;72;69;67;70;61
BINGO CARABOBO;787;13;8;6;7;2;27;28;19;29;30;31;37;34;41;48;53;57;47;59;71;73;72;70;74
BINGO CARABOBO;788;5;12;1;3;9;18;21;25;16;24;35;38;42;40;46;54;51;58;60;64;66;67;62;65
BINGO CARABOBO;789;15;10;11;14;4;22;17;23;26;20;44;39;45;33;50;55;49;52;56;63;61;68;69;75
BINGO CARABOBO;790;8;12;9;4;14;19;22;26;18;24;37;40;39;43;58;49;51;47;56;72;69;70;66;74
BINGO CARABOBO;791;13;5;11;10;2;17;25;29;21;28;32;35;33;36;55;54;53;59;52;65;62;67;63;73
BINGO CARABOBO;792;6;3;7;15;1;23;20;27;16;30;44;41;38;45;57;50;46;60;48;64;61;75;68;71
BINGO CARABOBO;793;13;11;7;8;6;28;19;24;16;26;34;41;40;42;56;50;57;52;58;74;70;75;62;71
BINGO CARABOBO;794;10;14;4;9;2;29;30;25;17;21;33;36;39;37;55;59;51;47;53;69;73;67;63;66
BINGO CARABOBO;795;12;1;5;3;15;22;20;23;27;18;38;35;44;43;48;49;54;46;60;68;61;65;64;72
BINGO CARABOBO;796;13;5;2;1;7;27;28;18;21;20;44;31;39;42;60;54;47;53;59;65;74;63;73;61
BINGO CARABOBO;797;11;10;3;8;14;26;16;23;25;19;34;37;43;40;48;50;52;57;49;69;75;64;62;68
BINGO CARABOBO;798;15;12;4;6;9;17;29;24;30;22;45;35;33;36;56;51;58;55;46;67;71;70;66;72
BINGO CARABOBO;799;9;13;8;14;4;23;18;21;16;17;34;41;42;37;56;55;58;47;53;74;69;71;73;70
BINGO CARABOBO;800;15;2;7;6;1;20;26;27;29;24;32;33;31;36;59;51;60;49;54;61;65;67;68;72
BINGO CARABOBO;801;3;11;5;10;12;25;28;30;22;19;40;38;35;43;48;50;52;57;46;63;66;64;62;75
BINGO CARABOBO;802;13;14;4;6;3;30;20;17;18;28;41;35;32;31;55;52;57;56;58;71;66;74;63;72
BINGO CARABOBO;803;5;2;1;7;9;23;29;22;24;19;40;43;38;42;51;54;53;50;60;73;64;67;62;65
BINGO CARABOBO;804;12;11;10;8;15;26;21;25;16;27;37;34;45;33;49;48;46;47;59;68;61;69;70;75
BINGO CARABOBO;805;10;12;5;4;15;23;22;20;25;27;36;38;41;39;54;52;53;56;58;64;65;67;75;72
BINGO CARABOBO;806;3;7;8;2;11;19;21;16;29;24;35;43;32;37;55;48;50;59;47;74;68;70;69;73
BINGO CARABOBO;807;6;13;9;1;14;28;30;17;26;18;31;33;42;45;51;49;46;60;57;61;62;66;71;63
BINGO CARABOBO;808;1;10;6;7;12;19;23;16;22;17;31;44;38;41;54;51;46;48;49;69;66;72;62;74
BINGO CARABOBO;809;4;8;11;13;3;20;27;26;29;25;34;36;45;42;50;53;58;59;60;68;70;67;75;65
BINGO CARABOBO;810;9;2;14;15;5;30;28;21;24;18;35;37;32;40;55;56;52;47;57;63;71;73;64;61
BINGO CARABOBO;811;9;8;11;13;2;28;19;29;24;25;40;41;33;35;53;54;57;52;55;61;64;73;71;68
BINGO CARABOBO;812;1;6;3;10;14;22;27;17;20;23;32;39;42;34;50;59;49;60;58;69;65;67;72;63
BINGO CARABOBO;813;5;12;15;7;4;21;26;16;18;30;36;45;37;44;46;51;47;56;48;70;62;74;75;66
BINGO CARABOBO;814;13;12;10;1;15;28;19;20;27;18;38;36;31;41;58;50;47;59;48;73;68;69;62;74
BINGO CARABOBO;815;6;7;9;11;5;25;29;17;22;21;34;40;43;35;52;60;56;54;51;64;63;67;66;72
BINGO CARABOBO;816;14;3;2;8;4;24;23;26;30;16;45;33;44;39;55;53;57;46;49;65;71;70;75;61
BINGO CARABOBO;817;15;4;9;2;6;25;24;16;18;28;40;37;43;42;57;55;48;58;49;74;71;70;73;75
BINGO CARABOBO;818;8;5;13;3;11;26;27;20;22;23;34;41;31;35;59;56;51;50;53;63;67;69;61;65
BINGO CARABOBO;819;12;7;1;14;10;29;30;21;19;17;39;36;45;38;52;54;47;46;60;64;72;68;66;62
BINGO CARABOBO;820;15;3;13;8;10;29;28;25;19;30;32;39;31;41;53;48;55;57;59;73;74;67;71;63
BINGO CARABOBO;821;9;7;2;11;12;26;21;17;27;20;43;36;35;44;46;58;49;52;56;65;62;70;68;69
BINGO CARABOBO;822;6;4;5;14;1;24;23;16;18;22;33;40;37;45;54;60;47;50;51;66;72;64;61;75
BINGO CARABOBO;823;4;11;10;14;9;30;19;21;16;24;35;31;36;42;57;60;51;52;47;73;68;72;75;67
BINGO CARABOBO;824;12;1;7;2;8;20;22;27;28;17;40;45;43;44;50;58;46;54;55;62;65;70;71;69
BINGO CARABOBO;825;6;5;15;3;13;26;29;23;18;25;37;32;33;39;49;59;56;53;48;66;61;64;74;63
BINGO CARABOBO;826;5;2;8;6;3;17;22;18;20;26;33;34;43;44;56;59;57;55;58;68;72;69;62;71
BINGO CARABOBO;827;7;11;1;4;14;24;23;19;27;25;31;36;35;39;51;50;46;53;54;73;67;63;64;66
BINGO CARABOBO;828;12;13;15;9;10;16;28;30;21;29;42;32;37;45;52;47;48;49;60;70;61;74;65;75
BINGO CARABOBO;829;9;14;13;6;1;27;19;17;29;20;33;35;34;43;48;50;51;47;55;66;70;61;62;71
BINGO CARABOBO;830;5;3;4;11;7;23;26;18;28;24;44;38;40;42;58;56;59;53;54;72;74;67;75;68
BINGO CARABOBO;831;12;10;2;15;8;30;25;21;16;22;45;31;41;32;57;49;52;60;46;73;64;69;63;65
BINGO CARABOBO;832;6;11;5;13;14;23;24;22;17;29;33;38;43;34;50;48;53;55;49;68;72;63;64;61
BINGO CARABOBO;833;2;4;3;8;10;19;21;18;28;20;45;42;35;32;51;60;58;54;56;67;66;65;74;62
BINGO CARABOBO;834;15;1;7;9;12;25;16;26;30;27;39;37;31;41;47;57;46;59;52;69;70;71;75;73
BINGO CARABOBO;835;13;5;8;15;9;20;22;17;29;16;38;36;40;35;54;48;53;49;51;65;69;68;73;63
BINGO CARABOBO;836;2;6;14;3;7;25;19;28;21;23;32;39;34;37;58;55;52;50;57;61;64;70;72;66
BINGO CARABOBO;837;10;4;12;11;1;24;18;27;26;30;45;31;41;44;56;47;60;46;59;71;75;67;74;62
BINGO CARABOBO;838;5;13;1;3;15;18;25;29;19;28;42;35;34;41;49;54;46;59;57;73;64;66;68;67
BINGO CARABOBO;839;2;11;6;7;12;23;24;30;17;20;37;40;39;45;52;56;47;53;50;75;62;63;61;69
BINGO CARABOBO;840;4;14;8;9;10;22;26;16;21;27;38;43;44;31;51;58;55;48;60;71;72;74;65;70
BINGO CARABOBO;841;2;7;8;9;4;28;23;26;18;19;44;42;36;43;58;55;49;50;59;75;62;67;73;66
BINGO CARABOBO;842;12;1;14;10;5;25;29;17;22;30;37;33;35;38;52;56;57;53;47;70;68;65;64;72
BINGO CARABOBO;843;6;13;3;15;11;27;20;24;16;21;41;31;39;45;46;48;51;54;60;63;71;69;61;74
BINGO CARABOBO;844;6;3;15;5;13;17;22;25;21;28;41;32;36;43;60;58;59;53;51;70;66;71;67;74
BINGO CARABOBO;845;9;8;4;2;12;26;30;27;19;29;40;35;34;37;47;55;48;56;49;69;65;72;73;64
BINGO CARABOBO;846;14;1;10;7;11;18;20;16;23;24;42;44;31;45;50;52;46;57;54;63;75;62;61;68
BINGO CARABOBO;847;8;11;5;10;2;21;19;29;30;18;32;43;40;41;56;52;59;49;46;70;66;74;64;65
BINGO CARABOBO;848;4;3;14;13;9;24;25;26;28;23;35;36;45;44;57;51;53;58;50;72;68;71;67;69
BINGO CARABOBO;849;1;15;7;12;6;20;22;27;16;17;37;34;42;33;54;47;55;60;48;61;73;75;63;62
BINGO CARABOBO;850;1;7;13;5;3;23;17;24;25;27;34;33;40;36;57;55;50;54;46;70;73;71;61;69
BINGO CARABOBO;851;2;8;11;9;12;21;18;28;26;22;32;31;37;44;47;56;49;52;60;67;64;66;68;63
BINGO CARABOBO;852;10;14;4;15;6;29;16;20;19;30;42;43;35;41;51;59;53;58;48;72;74;75;62;65
BINGO CARABOBO;853;9;1;14;13;15;21;22;24;28;19;41;32;39;44;47;54;59;49;58;64;65;70;71;73
BINGO CARABOBO;854;7;8;2;4;10;20;26;18;23;17;33;40;36;35;56;53;46;60;50;63;74;67;69;66
BINGO CARABOBO;855;5;3;6;12;11;29;27;25;16;30;45;31;42;34;57;51;52;55;48;62;72;75;68;61
BINGO CARABOBO;856;10;11;9;8;5;24;18;27;25;21;36;40;37;42;55;57;56;52;53;74;70;67;62;64
BINGO CARABOBO;857;3;6;14;4;2;28;23;20;26;29;35;39;44;41;58;48;49;51;46;65;66;72;69;68
BINGO CARABOBO;858;1;12;7;15;13;30;22;17;16;19;34;45;33;32;60;54;59;47;50;71;75;61;63;73
BINGO CARABOBO;859;8;1;13;5;10;29;25;21;28;19;37;35;33;40;58;57;52;56;59;62;66;67;71;70
BINGO CARABOBO;860;7;2;12;11;3;20;26;22;27;30;38;36;44;32;47;55;48;50;51;72;68;74;63;61
BINGO CARABOBO;861;14;9;15;4;6;16;23;24;17;18;31;43;34;39;54;53;49;46;60;73;75;69;64;65
BINGO CARABOBO;862;13;3;2;11;14;20;27;16;29;18;39;41;31;38;54;50;52;55;58;69;66;71;68;64
BINGO CARABOBO;863;7;6;12;1;5;26;21;23;24;25;40;35;34;36;49;48;56;51;57;70;63;74;73;67
BINGO CARABOBO;864;8;10;4;15;9;22;28;17;19;30;32;44;45;37;53;60;47;46;59;65;75;61;62;72
BINGO CARABOBO;865;10;4;12;1;5;17;21;22;27;28;40;37;36;41;49;56;51;46;59;72;64;67;70;65
BINGO CARABOBO;866;15;13;11;7;8;25;18;26;20;16;33;32;44;39;55;60;57;53;50;71;74;73;63;62
BINGO CARABOBO;867;14;6;9;3;2;29;24;19;23;30;42;43;35;31;52;48;47;58;54;61;75;66;68;69
BINGO CARABOBO;868;1;8;10;14;3;25;16;29;27;22;41;43;39;32;58;48;59;53;47;62;67;66;72;64
BINGO CARABOBO;869;5;7;13;12;2;24;23;20;26;18;36;34;37;38;54;52;46;56;57;70;69;65;71;74
BINGO CARABOBO;870;6;4;11;15;9;17;28;21;30;19;35;45;33;40;51;55;50;49;60;63;61;75;73;68
BINGO CARABOBO;871;8;2;3;12;4;26;20;24;23;28;32;33;36;44;50;57;49;53;52;71;72;74;65;63
BINGO CARABOBO;872;6;9;1;13;14;29;27;22;17;30;34;41;35;43;56;51;58;48;55;70;69;66;75;64
BINGO CARABOBO;873;11;10;15;7;5;21;18;16;19;25;31;42;39;38;59;54;46;47;60;67;62;73;68;61
BINGO CARABOBO;874;11;12;7;9;10;23;18;29;20;17;37;41;43;32;60;48;53;54;55;63;72;70;69;68
BINGO CARABOBO;875;15;5;13;2;1;28;19;22;30;27;36;33;44;38;56;57;47;58;50;71;65;64;66;75
BINGO CARABOBO;876;8;4;14;6;3;25;24;21;26;16;39;34;45;40;49;52;59;46;51;67;73;74;62;61
BINGO CARABOBO;877;11;3;4;12;7;24;18;27;30;19;32;39;33;44;57;48;53;51;47;70;74;73;75;69
BINGO CARABOBO;878;6;2;9;8;1;26;17;28;25;21;35;36;42;43;58;55;56;54;49;64;67;71;65;62
BINGO CARABOBO;879;10;14;5;13;15;16;20;29;22;23;31;37;41;40;59;52;60;46;50;63;68;61;66;72
BINGO CARABOBO;880;10;1;5;15;11;19;17;23;28;20;37;35;42;38;55;57;51;53;54;64;72;73;68;67
BINGO CARABOBO;881;4;9;3;12;6;26;18;29;27;16;44;34;33;45;59;46;48;60;50;62;66;74;71;65
BINGO CARABOBO;882;8;7;2;14;13;24;25;21;30;22;31;32;40;41;56;52;47;58;49;69;70;61;75;63
BINGO CARABOBO;883;10;1;8;7;12;16;19;20;23;28;43;42;37;39;53;52;48;58;50;71;64;69;63;62
BINGO CARABOBO;884;9;14;6;15;5;26;29;27;22;17;41;32;33;36;47;54;56;59;51;68;72;67;66;65
BINGO CARABOBO;885;11;13;4;3;2;24;25;21;18;30;34;35;38;40;55;46;49;57;60;73;70;75;74;61
BINGO CARABOBO;886;13;11;15;9;10;22;19;28;30;29;43;40;33;41;59;54;48;53;49;64;71;68;61;63
BINGO CARABOBO;887;3;4;5;12;6;27;26;23;20;24;36;34;39;35;55;47;52;50;51;75;66;67;70;74
BINGO CARABOBO;888;14;2;8;7;1;17;21;18;25;16;31;42;37;45;58;57;56;46;60;73;62;69;65;72
BINGO CARABOBO;889;6;10;8;13;11;19;28;18;21;20;40;43;37;33;54;56;53;59;58;63;70;68;61;64
BINGO CARABOBO;890;5;1;3;4;7;30;27;17;16;25;44;38;36;42;49;55;47;46;60;65;71;72;73;69
BINGO CARABOBO;891;9;15;14;2;12;23;24;29;22;26;39;41;45;31;50;52;57;48;51;62;67;66;75;74
BINGO CARABOBO;892;3;4;6;10;5;26;17;24;27;29;42;35;32;40;59;49;51;52;54;66;67;65;68;62
BINGO CARABOBO;893;7;11;9;12;8;28;21;23;22;20;43;38;37;31;60;57;50;48;46;64;70;73;69;63
BINGO CARABOBO;894;14;1;15;2;13;18;19;25;30;16;34;36;33;44;55;58;47;56;53;72;71;74;61;75
BINGO CARABOBO;895;7;1;15;13;9;23;27;19;25;17;42;44;45;34;47;50;46;56;54;66;73;70;63;69
BINGO CARABOBO;896;2;11;8;12;3;24;30;18;29;26;35;38;41;33;53;55;52;49;48;64;74;72;67;75
BINGO CARABOBO;897;6;10;5;4;14;22;16;20;28;21;37;32;31;43;57;59;51;60;58;68;65;71;61;62
BINGO CARABOBO;898;2;13;4;11;5;19;18;25;30;22;40;43;39;44;58;48;47;52;53;71;74;62;68;70
BINGO CARABOBO;899;8;10;6;12;14;23;21;26;17;24;41;37;36;38;54;50;57;55;51;66;64;63;69;72
BINGO CARABOBO;900;9;3;1;15;7;28;27;29;16;20;33;42;31;45;46;59;56;49;60;61;73;65;75;67
BINGO CARABOBO;901;4;3;8;6;11;25;27;19;17;24;44;36;40;33;46;48;50;57;58;69;63;68;74;65
BINGO CARABOBO;902;9;14;5;13;2;26;20;28;29;23;37;35;41;43;47;60;54;56;52;72;61;73;70;66
BINGO CARABOBO;903;7;10;1;12;15;22;18;30;21;16;34;31;39;32;51;59;53;55;49;71;64;67;75;62
BINGO CARABOBO;904;14;3;8;10;9;22;21;20;23;24;45;38;33;41;58;46;50;57;54;63;67;68;66;71
BINGO CARABOBO;905;12;4;2;13;11;17;19;29;18;27;37;43;36;42;49;56;60;48;59;65;69;73;72;74
BINGO CARABOBO;906;6;7;15;1;5;26;30;25;28;16;34;44;35;31;55;52;47;51;53;62;75;64;70;61
BINGO CARABOBO;907;8;13;1;5;14;23;24;17;29;21;44;42;35;43;47;51;50;57;48;75;67;71;62;74
BINGO CARABOBO;908;11;10;9;12;4;25;18;19;20;30;40;45;38;32;58;59;56;46;49;65;64;73;68;70
BINGO CARABOBO;909;3;6;15;2;7;22;16;28;26;27;41;37;31;36;53;55;60;54;52;69;66;63;61;72
BINGO CARABOBO;910;7;6;11;10;14;23;16;21;24;28;41;40;36;35;56;53;55;52;51;74;75;66;68;69
BINGO CARABOBO;911;15;1;12;4;8;18;29;25;17;22;39;38;34;43;46;58;50;57;59;63;67;65;71;72
BINGO CARABOBO;912;5;2;9;13;3;26;30;20;27;19;42;37;31;32;60;49;48;47;54;70;64;61;73;62
BINGO CARABOBO;913;5;14;13;6;11;21;26;20;27;16;39;43;36;38;48;56;54;55;52;66;73;72;67;65
BINGO CARABOBO;914;12;3;8;2;7;24;17;23;22;28;40;33;37;31;53;49;59;46;51;62;71;63;75;70
BINGO CARABOBO;915;15;10;4;9;1;19;29;25;30;18;34;44;35;42;58;57;47;50;60;61;68;74;69;64
BINGO CARABOBO;916;9;6;10;13;5;23;19;28;30;27;40;42;35;32;47;52;53;59;57;62;72;75;70;67
BINGO CARABOBO;917;11;3;12;1;4;17;21;22;24;25;41;38;37;43;49;56;50;46;58;74;65;68;71;64
BINGO CARABOBO;918;2;15;14;7;8;26;16;20;18;29;34;31;45;36;55;48;60;54;51;69;66;63;61;73
BINGO CARABOBO;919;1;14;4;5;2;19;16;25;22;27;40;42;38;37;54;47;49;53;56;72;65;73;64;68
BINGO CARABOBO;920;9;13;3;12;7;17;23;21;18;26;43;44;36;32;60;50;46;57;51;61;67;66;74;63
BINGO CARABOBO;921;8;10;15;11;6;28;29;24;20;30;35;33;39;31;58;55;48;59;52;70;69;71;75;62
BINGO CARABOBO;922;9;15;11;13;5;30;29;28;20;22;36;32;35;41;55;48;53;47;60;68;66;62;67;71
BINGO CARABOBO;923;3;10;12;4;8;24;19;23;21;26;33;38;39;31;51;58;50;54;52;73;72;74;64;63
BINGO CARABOBO;924;7;2;6;14;1;27;25;17;16;18;42;44;37;45;57;49;59;46;56;70;69;65;75;61
BINGO CARABOBO;925;8;5;13;11;12;16;28;20;27;22;32;41;38;42;51;57;53;55;56;63;72;74;64;66
BINGO CARABOBO;926;9;10;4;6;7;23;30;25;18;21;33;39;40;37;54;59;52;50;46;67;75;71;70;69
BINGO CARABOBO;927;1;15;14;2;3;19;26;24;17;29;43;36;31;45;47;49;58;48;60;73;65;62;68;61
BINGO CARABOBO;928;10;5;11;12;3;19;22;16;17;21;31;45;39;38;46;50;48;56;59;69;66;70;68;73
BINGO CARABOBO;929;1;8;2;13;6;30;25;28;18;24;32;37;44;40;55;49;53;52;47;72;62;74;71;65
BINGO CARABOBO;930;7;15;9;4;14;29;23;20;26;27;33;34;41;35;58;60;57;54;51;61;64;67;75;63
BINGO CARABOBO;931;14;5;6;8;11;22;18;19;27;20;39;42;45;32;59;58;56;60;50;72;69;65;74;75
BINGO CARABOBO;932;9;15;2;12;7;24;21;26;25;30;38;37;34;41;51;53;47;52;55;64;71;66;68;67
BINGO CARABOBO;933;1;10;4;3;13;17;28;23;16;29;44;35;36;43;48;49;46;54;57;62;63;73;70;61
BINGO CARABOBO;934;10;15;7;12;5;16;18;30;20;24;34;37;42;40;59;46;57;51;58;66;62;63;70;72
BINGO CARABOBO;935;13;2;9;3;6;27;28;26;22;29;41;32;44;31;52;50;47;56;54;75;69;74;68;61
BINGO CARABOBO;936;4;11;1;8;14;23;19;21;25;17;36;39;43;38;53;49;55;60;48;65;71;67;64;73
BINGO CARABOBO;937;11;9;5;15;3;28;18;20;22;26;37;44;36;39;50;49;53;55;54;69;65;64;71;75
BINGO CARABOBO;938;4;2;8;12;10;29;24;19;17;16;40;34;35;45;48;46;56;59;51;73;66;70;62;63
BINGO CARABOBO;939;1;6;13;14;7;21;23;30;27;25;38;33;43;41;52;60;57;47;58;67;68;72;74;61
BINGO CARABOBO;940;2;11;14;12;6;20;30;26;27;21;33;35;34;38;46;52;47;49;56;63;68;71;62;74
BINGO CARABOBO;941;5;9;1;7;4;17;18;22;24;23;42;44;39;32;55;58;54;60;57;67;73;72;65;66
BINGO CARABOBO;942;3;13;8;10;15;19;28;16;29;25;45;37;41;31;50;53;48;59;51;61;69;70;75;64
BINGO CARABOBO;943;7;9;10;6;11;29;19;16;26;22;43;45;40;31;58;46;48;47;52;63;68;62;74;69
BINGO CARABOBO;944;1;3;5;14;2;21;27;20;23;25;39;34;36;41;55;59;60;53;54;66;67;65;70;61
BINGO CARABOBO;945;13;4;8;15;12;24;28;30;17;18;32;38;44;37;49;57;51;56;50;71;72;73;64;75
BINGO CARABOBO;946;7;4;8;5;12;20;26;22;23;29;36;32;39;35;55;49;53;48;51;64;71;65;75;63
BINGO CARABOBO;947;3;14;11;6;2;17;21;28;18;27;38;34;40;37;56;58;54;47;60;66;68;62;72;67
BINGO CARABOBO;948;10;9;1;13;15;19;25;30;24;16;41;43;45;42;46;52;57;50;59;73;74;70;69;61
BINGO CARABOBO;949;12;8;13;14;7;21;28;24;23;20;35;36;32;31;51;52;47;59;48;68;69;70;61;71
BINGO CARABOBO;950;9;3;1;6;5;18;17;26;29;22;40;43;39;45;57;49;46;54;55;67;74;62;65;72
BINGO CARABOBO;951;11;15;4;10;2;25;19;27;30;16;41;38;37;42;56;53;58;60;50;66;63;73;64;75
BINGO CARABOBO;952;9;10;14;11;12;20;24;28;18;23;42;36;40;37;50;57;47;52;46;66;74;73;63;70
BINGO CARABOBO;953;3;8;13;7;6;19;25;29;26;21;38;31;35;44;56;53;58;51;54;61;69;64;68;67
BINGO CARABOBO;954;5;2;4;1;15;17;30;22;16;27;32;34;41;45;55;59;48;60;49;75;62;72;65;71
BINGO CARABOBO;955;7;1;5;6;4;21;22;27;29;25;33;38;36;32;59;53;54;49;48;67;65;62;63;70
BINGO CARABOBO;956;10;13;9;12;11;19;18;17;23;24;41;34;39;44;57;51;55;47;52;66;69;71;68;73
BINGO CARABOBO;957;14;3;2;15;8;16;26;28;30;20;42;45;31;43;46;58;60;56;50;74;75;61;64;72
BINGO CARABOBO;958;13;8;6;11;4;27;29;28;21;18;36;40;42;44;47;49;56;53;52;71;66;67;70;72
BINGO CARABOBO;959;7;12;14;9;2;22;23;24;19;25;37;35;31;41;57;60;58;50;55;69;63;65;74;62
BINGO CARABOBO;960;3;5;1;10;15;16;26;20;17;30;45;32;34;43;48;51;46;54;59;68;64;61;75;73
BINGO CARABOBO;961;4;3;6;14;12;21;17;26;25;16;36;43;42;39;54;51;56;60;48;63;70;65;67;66
BINGO CARABOBO;962;13;8;2;5;9;24;27;29;28;19;37;32;44;35;53;50;55;59;57;68;69;74;75;61
BINGO CARABOBO;963;10;11;7;15;1;22;23;20;30;18;45;33;31;34;49;47;52;58;46;72;64;71;73;62
BINGO CARABOBO;964;11;8;1;5;3;22;23;30;17;20;42;34;32;33;54;48;50;56;58;65;66;70;67;68
BINGO CARABOBO;965;13;7;9;14;6;28;18;26;19;25;35;37;38;39;53;47;46;55;52;74;64;69;75;73
BINGO CARABOBO;966;10;2;4;15;12;21;27;29;24;16;41;43;45;36;57;51;59;49;60;63;62;71;72;61
BINGO CARABOBO;967;13;1;10;9;6;28;26;24;21;20;38;45;40;43;47;60;48;56;54;68;73;70;67;61
BINGO CARABOBO;968;5;4;8;12;3;29;22;25;27;18;37;39;33;42;51;55;57;53;52;64;74;72;66;63
BINGO CARABOBO;969;11;2;14;15;7;19;30;23;16;17;35;34;31;41;59;50;46;58;49;71;65;69;75;62
BINGO CARABOBO;970;10;12;13;4;2;17;22;28;26;29;39;38;40;34;53;51;60;55;56;64;63;72;67;70
BINGO CARABOBO;971;1;11;5;3;9;18;25;20;23;21;32;35;31;33;46;54;57;58;47;66;69;68;74;62
BINGO CARABOBO;972;7;15;14;8;6;27;16;19;30;24;41;45;42;37;50;48;59;52;49;75;65;61;73;71
BINGO CARABOBO;973;9;6;4;8;3;27;29;25;24;28;41;42;32;36;57;50;49;51;53;64;74;72;67;70
BINGO CARABOBO;974;11;14;10;13;2;26;23;30;18;20;35;31;44;33;56;47;55;48;58;71;68;73;62;65
BINGO CARABOBO;975;1;12;7;5;15;19;17;21;16;22;40;39;37;34;59;52;60;46;54;66;63;69;75;61
BINGO CARABOBO;976;13;12;7;8;14;17;25;24;28;23;43;33;41;39;48;59;50;49;53;72;74;66;75;67
BINGO CARABOBO;977;2;10;5;4;3;26;21;30;20;16;36;42;38;44;52;58;55;56;57;70;64;68;71;63
BINGO CARABOBO;978;6;9;1;11;15;29;22;19;18;27;34;40;45;37;54;60;46;47;51;62;73;69;65;61
BINGO CARABOBO;979;4;14;11;12;6;23;20;25;22;18;31;36;34;41;52;53;57;47;48;75;71;70;69;72
BINGO CARABOBO;980;15;8;10;13;9;24;27;19;30;28;38;37;42;40;51;55;50;59;49;66;64;74;65;68
BINGO CARABOBO;981;5;2;7;3;1;21;17;29;16;26;44;39;45;33;56;54;58;60;46;67;61;62;63;73
BINGO CARABOBO;982;6;11;8;3;5;20;26;25;19;17;35;42;44;34;60;46;49;53;47;71;72;73;62;68
BINGO CARABOBO;983;7;13;2;9;12;22;16;21;28;18;38;41;43;32;51;52;50;54;57;74;69;65;61;63
BINGO CARABOBO;984;14;1;10;4;15;24;27;29;23;30;39;37;40;36;58;59;55;56;48;67;75;64;66;70
BINGO CARABOBO;985;3;7;10;9;8;20;24;19;26;28;36;33;43;44;48;53;59;58;49;67;64;69;71;65
BINGO CARABOBO;986;12;15;5;13;4;30;17;29;18;23;37;38;42;40;60;57;55;50;54;63;61;62;72;73
BINGO CARABOBO;987;11;1;6;2;14;25;27;22;16;21;41;39;45;35;51;47;56;52;46;74;68;75;70;66
BINGO CARABOBO;988;5;9;4;3;1;30;16;19;24;20;40;42;34;44;48;47;58;50;46;64;72;63;74;73
BINGO CARABOBO;989;8;10;6;14;2;27;23;18;22;26;37;45;31;32;52;55;57;53;54;71;68;67;66;70
BINGO CARABOBO;990;11;7;13;15;12;28;25;17;21;29;33;43;41;35;49;59;56;60;51;65;69;61;75;62
BINGO CARABOBO;991;1;5;6;10;8;21;29;18;19;16;35;42;43;38;56;52;58;57;49;65;71;63;74;73
BINGO CARABOBO;992;9;12;7;4;14;20;28;26;27;23;34;36;33;37;60;48;59;46;53;62;67;69;61;72
BINGO CARABOBO;993;2;11;15;3;13;24;25;30;17;22;41;44;32;39;55;50;47;51;54;75;66;68;70;64
BINGO CARABOBO;994;14;5;7;9;4;28;17;19;20;30;39;34;45;44;57;55;54;50;58;70;68;62;61;71
BINGO CARABOBO;995;13;1;2;12;11;23;26;24;18;27;36;40;33;41;51;53;56;52;59;65;69;73;67;63
BINGO CARABOBO;996;6;15;3;10;8;22;25;21;16;29;32;37;35;43;48;60;46;49;47;75;74;72;66;64
BINGO CARABOBO;997;4;6;11;3;2;22;21;18;24;26;35;40;38;37;59;50;51;53;58;61;74;62;71;68
BINGO CARABOBO;998;9;7;8;5;13;20;19;30;29;23;34;41;31;44;48;56;46;49;52;70;65;72;66;69
BINGO CARABOBO;999;1;14;12;10;15;25;28;17;16;27;43;45;32;33;55;57;54;47;60;73;67;64;63;75
BINGO CARABOBO;1000;3;12;10;7;13;20;25;19;24;18;37;36;41;44;57;54;48;50;55;67;64;72;61;66
BINGO CARABOBO;1001;9;6;2;5;1;22;21;16;30;28;34;35;42;38;53;56;49;47;51;62;71;70;63;73
BINGO CARABOBO;1002;4;14;11;15;8;23;17;27;29;26;33;45;43;32;59;46;52;58;60;69;75;65;68;74
BINGO CARABOBO;1003;12;8;1;7;6;21;27;18;22;19;40;34;42;43;51;52;56;55;57;74;72;67;70;63
BINGO CARABOBO;1004;14;9;13;5;2;17;24;20;26;29;38;33;39;37;53;50;58;54;48;69;64;65;71;61
BINGO CARABOBO;1005;10;15;3;4;11;25;28;16;23;30;45;32;36;31;59;49;46;60;47;68;62;73;75;66
BINGO CARABOBO;1006;12;1;13;4;14;26;19;16;25;24;45;33;31;38;52;57;54;50;47;71;69;74;63;73
BINGO CARABOBO;1007;6;7;9;10;8;20;23;29;17;28;39;42;41;35;51;60;58;55;53;72;68;61;75;65
BINGO CARABOBO;1008;11;2;5;15;3;21;22;27;18;30;44;34;43;36;46;49;48;59;56;62;66;67;64;70
BINGO CARABOBO;1009;5;6;11;10;13;25;24;23;26;19;42;36;39;35;51;55;58;52;57;70;72;69;73;74
BINGO CARABOBO;1010;4;14;7;9;3;18;21;29;20;16;43;38;40;33;53;50;46;59;56;63;66;67;68;75
BINGO CARABOBO;1011;8;12;2;1;15;28;30;27;22;17;45;44;31;37;47;49;54;60;48;61;65;71;62;64
BINGO CARABOBO;1012;15;12;9;3;6;24;25;22;29;26;40;43;31;38;52;51;58;48;56;69;68;63;70;71
BINGO CARABOBO;1013;7;11;13;5;4;21;18;28;27;17;35;44;42;36;54;50;55;60;53;73;67;66;74;72
BINGO CARABOBO;1014;8;1;10;2;14;23;20;16;19;30;32;41;34;45;46;57;49;47;59;65;64;62;61;75
BINGO CARABOBO;1015;3;7;6;11;10;29;18;17;26;30;38;31;33;39;53;55;47;60;59;68;64;66;69;63
BINGO CARABOBO;1016;12;8;5;13;9;22;27;21;23;25;35;41;42;43;46;54;56;49;50;73;72;75;71;70
BINGO CARABOBO;1017;2;15;14;1;4;19;24;20;28;16;40;44;36;45;58;52;51;57;48;67;61;65;62;74
BINGO CARABOBO;1018;9;5;12;15;10;21;29;27;18;22;41;37;44;43;51;50;49;57;58;73;72;67;63;62
BINGO CARABOBO;1019;14;3;11;8;6;19;17;30;23;20;42;33;35;39;53;48;54;46;55;71;65;61;74;64
BINGO CARABOBO;1020;4;1;2;7;13;25;24;26;28;16;34;32;31;36;52;59;56;60;47;68;75;70;69;66
BINGO CARABOBO;1021;3;9;1;6;14;23;16;18;30;20;34;39;35;43;59;46;48;58;51;63;66;62;73;67
BINGO CARABOBO;1022;5;15;13;8;4;21;25;28;29;19;45;44;40;33;54;53;49;56;57;71;70;64;74;69
BINGO CARABOBO;1023;7;2;11;10;12;26;24;17;27;22;41;42;36;31;50;52;55;60;47;65;68;72;75;61
BINGO CARABOBO;1024;2;8;6;12;4;19;27;20;29;21;41;37;40;31;57;58;47;52;49;75;67;66;70;68
BINGO CARABOBO;1025;3;15;13;5;9;22;24;18;28;30;32;34;36;39;53;59;56;50;54;73;65;72;69;71
BINGO CARABOBO;1026;11;1;14;10;7;16;26;17;23;25;38;35;43;33;55;48;51;46;60;64;63;61;62;74
BINGO CARABOBO;1027;3;2;6;12;7;27;28;23;24;26;38;32;35;39;51;57;50;56;47;73;62;67;72;64
BINGO CARABOBO;1028;14;8;15;1;9;17;16;18;21;19;36;41;33;34;58;53;52;49;55;65;68;74;69;61
BINGO CARABOBO;1029;10;5;13;11;4;22;30;25;29;20;45;42;40;31;54;60;48;59;46;66;75;63;70;71
BINGO CARABOBO;1030;8;2;14;15;12;17;24;18;26;21;31;39;34;38;48;54;60;47;46;72;63;68;66;64
BINGO CARABOBO;1031;1;9;7;10;4;20;16;25;22;19;33;35;42;37;51;52;56;58;59;73;74;71;70;75
BINGO CARABOBO;1032;11;5;6;13;3;29;30;27;28;23;36;41;44;32;49;55;53;50;57;67;65;61;69;62
BINGO CARABOBO;1033;13;2;4;5;15;23;29;18;21;17;42;40;43;35;54;55;48;49;58;74;62;69;72;71
BINGO CARABOBO;1034;12;6;1;11;3;26;30;28;22;16;39;33;44;34;47;51;53;50;59;63;64;65;61;75
BINGO CARABOBO;1035;7;9;8;10;14;20;19;24;25;27;37;38;41;36;60;52;56;46;57;67;66;70;68;73
BINGO CARABOBO;1036;12;5;7;10;9;16;22;28;21;24;45;33;36;41;49;58;59;54;55;70;69;64;61;67
BINGO CARABOBO;1037;3;4;13;11;14;20;27;23;29;30;40;34;43;44;57;47;52;53;60;65;75;63;68;62
BINGO CARABOBO;1038;8;1;6;15;2;18;19;17;25;26;39;42;31;38;48;50;46;56;51;66;72;73;74;71
BINGO CARABOBO;1039;7;15;5;13;6;21;19;23;27;26;43;40;33;32;53;59;51;50;60;62;73;66;63;68
BINGO CARABOBO;1040;10;14;9;8;3;17;18;22;28;24;35;37;41;42;55;52;48;56;54;71;65;70;67;69
BINGO CARABOBO;1041;11;4;1;2;12;20;29;25;16;30;39;36;38;45;47;57;58;46;49;74;72;64;61;75
BINGO CARABOBO;1042;11;2;8;15;7;18;23;29;26;24;39;40;45;31;53;56;46;50;47;62;66;64;70;74
BINGO CARABOBO;1043;6;10;12;14;4;20;30;17;19;16;35;41;42;37;58;54;60;59;51;67;72;63;61;73
BINGO CARABOBO;1044;1;5;9;3;13;21;27;25;28;22;34;36;33;43;48;52;49;55;57;65;69;71;68;75
BINGO CARABOBO;1045;9;15;13;6;10;20;22;24;16;21;38;43;44;33;50;56;46;53;60;74;69;72;70;73
BINGO CARABOBO;1046;4;8;11;12;5;19;26;27;17;30;32;40;37;36;48;59;52;49;55;64;63;71;68;65
BINGO CARABOBO;1047;2;3;7;14;1;25;28;18;29;23;45;34;41;35;51;54;57;47;58;75;62;66;61;67
BINGO CARABOBO;1048;11;10;9;6;2;23;17;22;18;28;37;32;45;39;48;50;47;52;56;64;67;70;63;62
BINGO CARABOBO;1049;12;14;3;8;7;20;30;26;24;21;44;35;34;33;55;60;59;51;57;61;75;65;68;74
BINGO CARABOBO;1050;13;5;4;1;15;16;19;29;27;25;31;41;36;43;49;58;46;54;53;66;72;73;71;69
BINGO CARABOBO;1051;8;9;5;13;4;26;29;24;27;18;34;33;45;37;56;46;52;57;48;64;68;66;71;72
BINGO CARABOBO;1052;14;1;15;10;2;21;23;19;25;28;44;42;35;38;59;55;50;53;51;73;69;65;74;67
BINGO CARABOBO;1053;12;7;11;3;6;30;17;16;20;22;41;40;32;36;58;60;49;54;47;62;75;70;61;63
BINGO CARABOBO;1054;10;14;7;13;2;25;18;20;19;24;39;33;37;31;50;56;57;59;51;66;65;72;63;67
BINGO CARABOBO;1055;12;8;1;6;15;29;22;27;17;28;32;42;34;36;54;55;47;48;49;70;68;62;69;64
BINGO CARABOBO;1056;5;3;9;4;11;26;30;16;21;23;35;38;43;44;60;52;53;58;46;71;74;75;61;73
BINGO CARABOBO;1057;14;8;6;12;4;28;17;21;24;23;40;34;35;36;57;50;59;56;58;63;66;70;61;68
BINGO CARABOBO;1058;10;13;11;2;9;26;18;16;27;25;38;41;45;37;54;46;55;52;53;75;67;72;69;64
BINGO CARABOBO;1059;3;15;1;7;5;20;29;19;22;30;39;43;31;44;47;51;60;49;48;62;74;71;65;73
BINGO CARABOBO;1060;6;9;10;8;12;28;18;20;16;25;41;40;38;36;49;50;59;55;47;64;69;68;73;65
BINGO CARABOBO;1061;5;7;14;13;1;23;24;22;30;27;32;34;43;37;54;57;60;53;51;74;61;72;63;66
BINGO CARABOBO;1062;3;11;4;2;15;21;26;17;29;19;31;39;44;33;48;52;56;46;58;70;71;75;67;62
BINGO CARABOBO;1063;11;4;8;13;3;27;28;16;17;21;37;38;44;41;51;58;57;46;59;72;68;70;62;75
BINGO CARABOBO;1064;9;14;10;2;6;22;23;20;26;30;31;36;43;33;49;48;54;56;52;66;67;64;71;73
BINGO CARABOBO;1065;7;5;12;15;1;25;29;19;18;24;32;40;45;35;55;53;60;47;50;74;65;63;61;69
BINGO CARABOBO;1066;6;8;5;9;10;20;28;29;19;27;43;40;39;31;58;60;50;49;52;74;67;65;66;72
BINGO CARABOBO;1067;2;7;4;13;12;30;17;18;25;16;38;45;32;37;51;55;53;48;59;73;68;69;70;61
BINGO CARABOBO;1068;14;11;3;15;1;23;22;26;21;24;35;41;44;36;57;54;47;56;46;64;63;75;71;62
BINGO CARABOBO;1069;3;10;4;11;9;30;28;16;20;26;36;32;38;34;46;49;59;47;57;63;68;67;70;66
BINGO CARABOBO;1070;5;1;14;12;7;18;25;19;23;21;44;37;42;41;53;51;52;50;54;74;65;75;62;61
BINGO CARABOBO;1071;13;8;6;2;15;29;24;22;17;27;40;31;33;45;48;56;58;60;55;72;64;73;71;69
BINGO CARABOBO;1072;2;5;4;14;10;17;30;20;19;25;33;38;37;39;55;56;50;52;53;67;74;75;66;69
BINGO CARABOBO;1073;3;11;12;1;9;16;28;18;29;22;43;34;44;40;57;58;48;47;54;72;62;71;68;65
BINGO CARABOBO;1074;13;7;15;6;8;23;24;27;26;21;41;42;35;45;59;51;49;60;46;73;70;63;61;64
BINGO CARABOBO;1075;8;9;12;10;13;18;23;26;28;29;39;37;45;32;50;59;54;57;48;69;62;67;74;72
BINGO CARABOBO;1076;7;15;11;3;6;25;20;19;30;24;34;43;36;42;55;56;60;53;49;64;70;61;66;73
BINGO CARABOBO;1077;5;2;4;14;1;27;16;22;17;21;41;44;31;35;52;51;47;46;58;65;68;75;63;71
BINGO CARABOBO;1078;11;10;13;3;6;21;17;26;24;30;35;32;33;42;59;58;50;53;48;72;74;61;64;66
BINGO CARABOBO;1079;8;7;2;12;5;29;28;23;25;27;40;36;37;34;55;60;52;51;56;63;68;71;70;62
BINGO CARABOBO;1080;15;14;4;1;9;18;20;19;22;16;31;41;38;44;46;54;49;47;57;65;73;67;75;69
BINGO CARABOBO;1081;11;12;14;3;1;23;19;22;25;26;34;37;32;43;49;47;60;52;56;65;68;66;73;62
BINGO CARABOBO;1082;10;6;5;7;13;29;20;28;18;16;39;45;41;35;48;54;59;50;58;69;72;63;70;64
BINGO CARABOBO;1083;9;8;4;2;15;30;24;17;27;21;42;36;40;33;51;53;46;57;55;75;61;67;74;71
BINGO CARABOBO;1084;11;8;10;12;14;18;23;16;19;22;38;34;42;33;52;48;55;50;53;70;69;67;71;62
BINGO CARABOBO;1085;6;13;9;7;5;30;21;26;20;29;37;36;45;40;59;60;54;51;46;63;65;66;72;73
BINGO CARABOBO;1086;2;15;4;1;3;25;28;27;24;17;43;39;44;41;56;49;57;58;47;74;68;64;61;75
BINGO CARABOBO;1087;6;4;7;1;2;22;26;21;27;19;43;45;32;36;46;55;52;47;59;63;65;62;70;61
BINGO CARABOBO;1088;9;14;13;11;10;28;17;24;16;20;38;33;37;42;58;56;57;53;51;72;71;67;75;68
BINGO CARABOBO;1089;5;8;15;12;3;25;30;23;29;18;40;34;39;31;54;50;48;49;60;66;69;73;74;64
BINGO CARABOBO;1090;8;4;5;9;11;25;23;30;24;27;31;35;32;40;51;58;53;57;59;62;67;70;71;72
BINGO CARABOBO;1091;13;6;2;12;3;28;18;21;26;22;42;39;33;36;49;47;54;48;56;66;63;69;61;65
BINGO CARABOBO;1092;10;14;7;1;15;17;19;20;29;16;37;38;43;41;52;50;46;60;55;73;64;74;68;75
BINGO CARABOBO;1093;2;12;11;9;14;21;24;27;23;17;37;33;35;42;53;49;56;48;50;65;70;66;67;73
BINGO CARABOBO;1094;13;4;6;15;1;22;28;18;25;20;44;43;36;38;54;57;46;52;47;64;69;74;62;63
BINGO CARABOBO;1095;7;8;5;10;3;29;19;26;16;30;32;41;39;45;55;59;51;58;60;71;75;68;61;72
BINGO CARABOBO;1096;5;10;13;4;2;20;23;24;22;25;32;37;44;39;51;59;48;56;47;69;64;66;65;68
BINGO CARABOBO;1097;7;12;9;3;6;29;16;18;27;30;40;43;38;42;55;49;53;58;52;73;61;63;67;71
BINGO CARABOBO;1098;14;8;11;15;1;26;19;21;17;28;41;33;45;31;54;50;60;46;57;74;72;62;70;75
BINGO CARABOBO;1099;6;11;13;9;3;24;21;17;30;22;37;36;33;41;53;58;56;48;57;68;62;65;74;69
BINGO CARABOBO;1100;2;4;1;7;14;28;23;20;25;18;43;39;35;44;50;51;49;54;59;73;75;70;64;63
BINGO CARABOBO;1101;10;12;15;5;8;27;26;19;29;16;34;40;38;31;55;47;52;46;60;66;67;61;72;71
BINGO CARABOBO;1102;14;8;6;3;9;19;23;27;29;24;40;32;42;39;48;50;58;46;59;65;66;61;74;73
BINGO CARABOBO;1103;7;10;5;13;4;22;18;30;21;28;31;45;41;34;53;52;56;49;54;69;71;70;67;68
BINGO CARABOBO;1104;15;11;1;2;12;16;20;17;25;26;35;37;33;43;51;47;57;55;60;72;63;75;62;64
BINGO CARABOBO;1105;7;8;9;14;5;29;23;27;22;24;33;36;44;35;54;48;51;50;49;67;74;63;71;66
BINGO CARABOBO;1106;10;12;13;3;6;17;25;28;21;30;45;32;38;41;53;58;52;56;46;62;70;75;68;69
BINGO CARABOBO;1107;2;15;4;11;1;26;18;20;16;19;37;34;43;31;55;57;59;60;47;72;65;64;73;61
BINGO CARABOBO;1108;2;10;12;15;7;18;27;30;17;23;43;36;44;39;59;55;52;53;49;71;68;69;64;63
BINGO CARABOBO;1109;13;11;5;8;3;25;16;21;20;22;34;33;35;37;57;50;60;56;51;73;74;62;70;61
BINGO CARABOBO;1110;9;14;6;1;4;24;28;26;19;29;45;31;40;42;47;54;48;46;58;72;65;67;75;66
BINGO CARABOBO;1111;9;7;13;11;3;30;24;18;22;16;45;32;43;39;54;51;48;53;47;64;72;65;61;70
BINGO CARABOBO;1112;14;15;2;1;8;20;25;19;29;26;35;37;34;42;58;57;52;49;56;68;73;71;63;69
BINGO CARABOBO;1113;4;12;6;5;10;23;21;27;17;28;33;41;31;44;46;55;59;50;60;67;74;66;75;62
BINGO CARABOBO;1114;15;6;7;9;11;22;21;23;18;16;43;38;35;40;47;55;50;54;57;74;72;62;71;63
BINGO CARABOBO;1115;8;2;5;13;3;19;27;29;17;25;32;36;42;37;58;49;56;60;53;68;65;67;73;69
BINGO CARABOBO;1116;1;14;10;4;12;26;24;28;30;20;44;34;45;41;46;48;52;59;51;70;66;64;75;61
BINGO CARABOBO;1117;12;8;9;13;11;27;25;18;22;19;38;39;34;37;48;55;50;53;56;61;69;71;62;64
BINGO CARABOBO;1118;10;7;2;4;5;29;24;30;20;28;36;43;44;33;54;58;60;49;51;74;68;67;73;72
BINGO CARABOBO;1119;6;14;3;15;1;16;21;17;26;23;41;31;42;45;52;46;57;47;59;75;66;65;63;70
BINGO CARABOBO;1120;5;6;1;13;12;20;23;16;17;28;36;45;33;32;46;53;48;56;59;69;67;70;62;71
BINGO CARABOBO;1121;10;3;11;4;7;26;21;24;18;27;39;35;40;37;54;55;60;49;51;65;72;73;75;68
BINGO CARABOBO;1122;14;9;15;8;2;30;25;29;19;22;31;41;44;34;58;57;52;50;47;63;74;64;61;66
BINGO CARABOBO;1123;15;5;3;13;4;16;26;27;20;23;32;36;43;37;57;58;52;54;49;68;65;61;71;64
BINGO CARABOBO;1124;7;1;6;14;10;22;19;25;24;30;39;35;34;40;48;56;50;55;53;70;63;66;69;73
BINGO CARABOBO;1125;8;11;9;2;12;18;28;29;21;17;31;38;41;44;59;60;51;47;46;75;67;74;72;62
BINGO CARABOBO;1126;9;8;2;4;10;24;28;27;16;21;43;37;44;32;58;59;55;50;53;66;73;72;64;68
BINGO CARABOBO;1127;5;7;11;15;3;23;30;25;26;19;31;45;39;40;51;47;56;57;48;70;63;69;62;71
BINGO CARABOBO;1128;1;12;13;14;6;18;22;29;17;20;41;36;42;35;54;52;46;60;49;75;65;74;61;67
BINGO CARABOBO;1129;12;7;13;8;10;18;27;22;24;21;31;33;38;35;59;48;57;52;53;65;68;67;64;72
BINGO CARABOBO;1130;11;9;15;5;14;25;20;29;28;26;36;45;44;41;47;49;56;54;58;70;75;71;73;74
BINGO CARABOBO;1131;1;2;3;6;4;23;19;17;30;16;39;34;37;42;50;55;46;60;51;66;61;63;62;69
BINGO CARABOBO;1132;12;15;11;6;14;17;27;24;26;20;36;33;35;32;56;52;49;50;57;65;66;71;75;61
BINGO CARABOBO;1133;4;10;13;3;5;28;22;29;25;23;38;41;37;45;54;53;48;58;55;64;68;63;73;62
BINGO CARABOBO;1134;2;9;8;1;7;21;18;19;30;16;42;31;44;40;59;46;51;60;47;70;72;67;69;74
BINGO CARABOBO;1135;12;14;13;10;11;24;28;26;20;30;35;41;33;43;54;60;57;55;59;62;65;67;66;74
BINGO CARABOBO;1136;7;5;2;8;15;16;27;21;22;25;32;36;44;37;48;51;58;47;50;61;63;75;64;71
BINGO CARABOBO;1137;6;3;4;1;9;23;17;19;18;29;40;34;42;31;53;52;46;49;56;72;70;69;73;68
BINGO CARABOBO;1138;13;6;7;3;11;22;26;17;18;25;38;43;44;39;56;49;48;58;59;72;63;62;64;68
BINGO CARABOBO;1139;15;10;5;2;1;28;30;23;27;19;41;42;31;34;50;57;53;47;51;65;66;61;71;75
BINGO CARABOBO;1140;9;4;8;14;12;21;29;20;16;24;35;40;33;45;60;55;54;52;46;70;73;69;67;74
BINGO CARABOBO;1141;5;2;8;1;12;26;30;25;23;21;38;37;32;41;52;54;48;47;50;70;67;64;71;66
BINGO CARABOBO;1142;10;7;6;14;15;28;24;17;27;16;34;39;35;43;57;51;60;59;46;63;69;73;74;72
BINGO CARABOBO;1143;4;11;3;13;9;18;19;22;20;29;44;45;31;42;49;58;56;53;55;65;62;68;61;75
BINGO CARABOBO;1144;10;4;9;5;6;18;22;21;26;17;36;44;33;31;49;56;48;60;54;73;72;64;63;70
BINGO CARABOBO;1145;13;11;15;12;2;25;28;29;27;20;40;37;39;43;51;52;57;47;50;66;69;67;68;75
BINGO CARABOBO;1146;3;7;8;1;14;23;30;19;24;16;34;45;41;42;55;58;46;53;59;65;71;62;74;61
BINGO CARABOBO;1147;10;2;8;6;5;21;26;27;29;24;32;36;39;35;57;52;55;48;54;71;69;74;62;67
BINGO CARABOBO;1148;9;13;1;7;4;19;17;18;23;25;34;41;31;43;47;50;51;59;49;64;66;68;65;72
BINGO CARABOBO;1149;11;12;3;15;14;16;20;28;30;22;42;45;44;33;58;53;56;46;60;73;61;70;63;75
BINGO CARABOBO;1150;13;11;5;12;7;18;23;26;19;20;44;41;42;45;49;60;48;59;57;75;66;65;69;74
BINGO CARABOBO;1151;8;15;1;10;4;24;21;22;17;28;38;36;34;40;55;47;54;50;56;68;62;67;64;70
BINGO CARABOBO;1152;3;6;2;9;14;25;29;16;30;27;43;32;31;39;52;53;51;58;46;72;61;71;63;73
BINGO CARABOBO;1153;3;4;6;8;5;29;17;30;25;24;39;42;41;35;56;54;58;59;48;71;68;63;65;66
BINGO CARABOBO;1154;9;14;10;1;11;22;20;23;27;19;38;31;40;37;52;51;55;57;53;64;67;75;73;74
BINGO CARABOBO;1155;12;7;13;15;2;21;26;18;28;16;45;33;32;44;47;50;46;60;49;72;62;61;70;69
BINGO CARABOBO;1156;9;7;14;3;1;25;21;28;19;18;32;38;36;33;52;47;54;46;50;74;73;64;70;71
BINGO CARABOBO;1157;11;6;5;12;13;24;17;23;27;29;31;42;39;44;60;56;53;55;51;68;62;65;63;72
BINGO CARABOBO;1158;10;2;4;15;8;20;26;30;22;16;40;41;45;37;57;59;48;49;58;67;69;75;61;66
BINGO CARABOBO;1159;12;10;13;2;7;17;21;18;24;19;41;33;40;39;50;52;54;58;49;70;61;73;65;68
BINGO CARABOBO;1160;6;1;4;8;14;26;20;25;27;23;35;37;44;38;48;55;51;53;57;72;74;71;66;67
BINGO CARABOBO;1161;5;11;9;15;3;28;30;22;29;16;34;32;43;45;47;59;56;46;60;62;64;69;75;63
BINGO CARABOBO;1162;15;6;11;13;2;21;20;27;26;24;38;37;39;33;55;49;59;57;53;65;69;72;66;71
BINGO CARABOBO;1163;1;12;4;3;9;17;25;18;23;28;32;34;35;45;60;54;51;56;47;64;68;75;62;63
BINGO CARABOBO;1164;7;8;10;5;14;29;16;19;30;22;40;42;41;31;58;52;48;46;50;74;67;61;73;70
BINGO CARABOBO;1165;12;13;11;15;1;20;18;29;24;23;42;41;32;36;47;58;54;48;53;65;63;70;68;74
BINGO CARABOBO;1166;5;8;9;4;6;22;21;26;27;25;40;35;33;39;52;51;49;55;59;72;71;73;62;66
BINGO CARABOBO;1167;7;14;2;10;3;28;17;19;16;30;45;34;44;37;60;50;57;46;56;69;67;75;61;64
BINGO CARABOBO;1168;10;11;5;2;4;20;24;23;27;28;32;36;44;33;57;49;52;50;55;71;73;64;63;70
BINGO CARABOBO;1169;7;3;13;14;12;29;22;17;19;26;41;39;37;40;48;58;46;53;54;69;66;67;74;65
BINGO CARABOBO;1170;9;15;6;1;8;21;16;18;25;30;42;45;43;31;59;60;51;56;47;62;72;68;75;61
BINGO CARABOBO;1171;11;7;8;10;15;17;28;19;30;26;38;33;37;41;60;49;50;55;47;75;73;72;70;71
BINGO CARABOBO;1172;14;12;3;13;1;23;25;21;20;16;36;35;42;40;52;57;51;58;48;67;64;66;62;68
BINGO CARABOBO;1173;9;4;6;2;5;18;24;27;29;22;44;39;45;32;56;59;46;53;54;63;69;65;74;61
BINGO CARABOBO;1174;8;2;11;6;4;17;23;18;22;16;37;43;42;32;48;53;51;47;57;71;72;70;68;62
BINGO CARABOBO;1175;15;7;3;14;5;24;19;21;28;20;33;36;40;44;58;56;55;59;60;74;69;65;61;63
BINGO CARABOBO;1176;10;1;9;13;12;30;29;26;27;25;34;31;38;39;52;54;49;46;50;67;75;73;64;66
BINGO CARABOBO;1177;13;8;4;15;7;25;30;27;19;24;38;31;41;34;60;53;55;56;59;74;75;64;69;65
BINGO CARABOBO;1178;12;11;5;1;6;17;29;26;16;21;35;37;43;39;51;50;48;57;47;68;73;72;66;67
BINGO CARABOBO;1179;2;3;10;9;14;23;20;28;18;22;40;42;45;36;58;52;46;49;54;70;62;71;61;63
BINGO CARABOBO;1180;3;10;4;13;11;28;27;22;30;26;40;41;31;33;51;46;50;56;54;67;73;69;62;66
BINGO CARABOBO;1181;1;9;2;14;12;17;19;25;29;18;37;43;34;45;49;55;58;52;48;70;65;64;63;71
BINGO CARABOBO;1182;5;15;6;7;8;21;20;24;23;16;32;39;38;35;47;53;59;60;57;72;75;68;74;61
BINGO CARABOBO;1183;3;7;11;10;2;24;17;16;29;28;33;40;38;32;58;50;56;60;49;64;69;61;65;62
BINGO CARABOBO;1184;1;6;12;5;14;18;26;19;21;27;31;44;35;39;57;47;55;52;59;67;68;63;72;71
BINGO CARABOBO;1185;9;4;13;15;8;22;30;20;23;25;42;43;36;45;53;51;48;54;46;74;70;73;75;66
BINGO CARABOBO;1186;9;13;4;3;7;24;29;21;22;19;40;34;33;44;55;52;58;57;48;72;70;63;65;74
BINGO CARABOBO;1187;15;2;5;1;8;26;16;28;23;18;38;43;35;41;53;46;59;56;60;64;62;67;61;66
BINGO CARABOBO;1188;12;11;14;6;10;20;27;17;25;30;32;45;39;31;51;47;50;49;54;69;71;68;73;75
BINGO CARABOBO;1189;11;4;12;1;15;29;23;24;27;25;33;38;37;40;47;49;51;53;58;64;62;65;63;67
BINGO CARABOBO;1190;5;7;6;3;10;20;22;17;18;26;36;43;34;31;56;57;55;50;52;69;72;66;68;71
BINGO CARABOBO;1191;9;8;14;13;2;19;21;28;16;30;35;39;32;42;59;60;48;46;54;70;73;61;75;74
BINGO CARABOBO;1192;10;9;4;7;13;18;26;16;19;24;37;35;43;44;59;54;49;48;47;67;75;66;61;69
BINGO CARABOBO;1193;11;5;12;14;6;28;17;29;22;21;33;34;42;36;50;51;58;56;52;64;63;70;73;71
BINGO CARABOBO;1194;3;2;1;15;8;25;30;23;20;27;31;40;32;45;57;53;46;55;60;68;72;74;62;65
BINGO CARABOBO;1195;9;5;12;3;7;18;24;29;21;22;39;44;40;37;46;47;52;53;54;73;62;67;68;64
BINGO CARABOBO;1196;11;4;10;6;8;20;26;28;17;25;35;36;38;42;50;58;55;51;60;74;69;65;63;72
BINGO CARABOBO;1197;14;1;2;15;13;23;27;30;19;16;33;32;43;45;56;57;48;59;49;70;71;66;75;61
BINGO CARABOBO;1198;7;3;1;6;5;28;20;27;22;23;33;35;44;34;57;48;55;56;46;72;65;69;62;68
BINGO CARABOBO;1199;12;2;11;9;8;17;21;25;26;19;36;40;39;38;59;53;58;50;49;71;70;75;61;67
BINGO CARABOBO;1200;13;14;4;10;15;16;24;18;30;29;45;31;32;42;54;60;47;52;51;64;66;73;63;74
BINGO CARABOBO;1201;12;2;5;10;13;26;24;23;27;16;38;32;41;37;50;54;47;52;60;65;66;64;69;67
BINGO CARABOBO;1202;6;3;11;9;4;18;20;25;22;28;43;33;35;36;53;49;55;48;51;63;73;72;74;62
BINGO CARABOBO;1203;8;14;7;1;15;29;21;19;17;30;45;42;40;34;59;46;58;56;57;71;68;70;61;75
BINGO CARABOBO;1204;12;14;3;11;9;23;27;24;17;22;32;42;31;37;53;52;59;49;56;70;74;64;69;73
BINGO CARABOBO;1205;8;7;10;4;2;18;29;26;21;28;41;44;43;36;57;55;60;58;47;71;67;62;65;66
BINGO CARABOBO;1206;5;15;6;1;13;25;30;16;19;20;35;33;40;34;51;48;50;54;46;63;75;68;61;72
BINGO CARABOBO;1207;15;10;9;13;14;20;24;27;28;17;38;45;32;37;57;59;51;49;56;71;63;66;68;69
BINGO CARABOBO;1208;1;11;4;7;5;26;21;30;25;23;36;42;33;44;55;52;60;46;48;73;72;75;61;62
BINGO CARABOBO;1209;2;8;12;3;6;18;29;16;22;19;41;31;43;35;47;54;53;58;50;70;65;67;64;74
BINGO CARABOBO;1210;12;13;4;10;5;20;29;21;18;25;33;38;44;41;54;52;59;57;60;73;66;67;65;62
BINGO CARABOBO;1211;8;7;2;6;14;17;22;19;26;23;31;37;43;45;53;50;55;58;48;72;63;75;70;61
BINGO CARABOBO;1212;11;3;9;15;1;27;24;28;30;16;35;39;32;34;49;51;47;56;46;68;71;74;69;64
BINGO CARABOBO;1213;8;10;13;5;11;26;28;30;25;17;43;34;32;41;59;58;60;55;48;65;74;70;66;67
BINGO CARABOBO;1214;4;12;2;14;7;20;23;16;18;21;40;33;37;44;54;50;51;49;47;72;61;64;73;63
BINGO CARABOBO;1215;6;3;9;15;1;27;22;29;19;24;42;39;45;35;53;52;46;56;57;75;71;68;62;69
BINGO CARABOBO;1216;2;8;6;13;10;20;27;17;23;21;37;38;41;31;56;50;53;57;47;74;67;63;66;64
BINGO CARABOBO;1217;3;5;4;9;11;26;24;30;22;28;32;34;36;40;51;48;59;52;58;70;69;73;65;72
BINGO CARABOBO;1218;14;1;7;12;15;25;19;18;16;29;39;33;43;35;55;49;60;46;54;68;62;71;75;61
BINGO CARABOBO;1219;2;12;6;13;10;22;23;29;16;18;39;34;41;32;55;60;53;47;50;74;63;68;71;73
BINGO CARABOBO;1220;4;5;14;3;7;26;28;27;25;30;36;40;33;37;58;51;52;49;57;72;62;66;65;75
BINGO CARABOBO;1221;9;8;1;11;15;17;20;24;19;21;44;42;45;31;56;48;59;46;54;67;61;64;70;69
BINGO CARABOBO;1222;8;1;14;13;12;17;24;18;26;25;45;38;42;34;47;56;59;46;58;61;64;63;67;65
BINGO CARABOBO;1223;15;7;9;10;3;20;30;22;19;21;40;35;37;43;49;52;57;51;53;66;62;68;69;71
BINGO CARABOBO;1224;4;2;6;5;11;27;28;16;23;29;36;33;44;31;54;60;50;48;55;74;73;72;70;75
BINGO CARABOBO;1225;7;3;5;6;2;28;23;22;19;29;37;35;39;31;55;53;47;51;57;74;62;70;72;71
BINGO CARABOBO;1226;11;4;13;9;8;21;27;17;20;30;38;44;42;33;48;52;50;49;54;63;64;65;61;69
BINGO CARABOBO;1227;15;10;12;1;14;25;18;24;16;26;36;43;32;40;56;58;59;46;60;75;68;67;66;73
BINGO CARABOBO;1228;8;1;3;6;14;18;19;26;25;28;39;45;43;40;47;59;48;53;49;72;67;62;64;69
BINGO CARABOBO;1229;7;11;9;2;12;24;16;30;21;27;37;33;42;32;51;57;46;60;52;70;71;74;66;61
BINGO CARABOBO;1230;15;13;5;4;10;20;17;29;22;23;35;38;44;31;54;55;50;58;56;65;75;73;63;68
BINGO CARABOBO;1231;1;9;14;7;15;19;17;21;26;22;42;39;31;32;48;60;52;58;53;63;64;71;73;61
BINGO CARABOBO;1232;5;4;11;13;10;24;25;28;16;30;34;37;36;38;51;55;50;57;54;69;67;75;68;72
BINGO CARABOBO;1233;3;8;2;12;6;23;27;18;20;29;41;35;43;44;47;56;59;46;49;74;66;65;62;70
BINGO CARABOBO;1234;7;14;1;5;6;19;18;21;26;28;35;45;36;38;48;56;52;50;47;71;69;67;73;72
BINGO CARABOBO;1235;4;9;12;13;3;23;17;16;20;30;33;39;40;32;58;53;57;60;49;62;66;75;64;63
BINGO CARABOBO;1236;8;10;15;2;11;22;27;25;24;29;31;44;41;42;51;55;54;46;59;68;70;74;61;65
BINGO CARABOBO;1237;8;11;12;4;7;19;17;21;27;30;38;44;37;42;56;52;53;60;51;71;61;67;63;66
BINGO CARABOBO;1238;14;3;9;6;2;29;20;22;23;18;45;34;32;41;55;50;48;47;57;73;64;72;70;68
BINGO CARABOBO;1239;13;15;1;10;5;25;24;16;28;26;35;39;43;40;46;54;58;49;59;69;74;65;62;75
BINGO CARABOBO;1240;3;4;5;7;2;17;29;24;19;21;44;34;32;40;50;52;49;55;58;72;74;70;65;63
BINGO CARABOBO;1241;8;10;14;6;1;18;26;27;30;25;33;38;36;39;46;51;48;54;59;64;62;75;69;66
BINGO CARABOBO;1242;12;11;13;9;15;22;23;16;20;28;37;35;31;42;53;57;56;47;60;67;71;61;68;73
BINGO CARABOBO;1243;3;10;7;14;6;27;23;24;17;19;35;34;37;33;52;55;49;51;57;73;66;62;67;68
BINGO CARABOBO;1244;1;15;9;5;11;22;30;20;28;21;38;36;43;44;59;54;48;56;53;69;64;61;71;65
BINGO CARABOBO;1245;8;12;2;4;13;18;25;16;26;29;39;42;31;32;50;58;47;46;60;74;72;70;75;63
BINGO CARABOBO;1246;8;11;14;7;9;18;28;27;25;16;40;43;42;35;52;48;46;50;57;68;69;74;66;67
BINGO CARABOBO;1247;3;1;10;5;12;29;21;24;23;26;39;38;36;34;59;58;49;51;53;71;73;63;61;72
BINGO CARABOBO;1248;15;4;13;6;2;22;30;20;17;19;41;33;31;44;55;47;56;54;60;65;62;64;70;75
BINGO CARABOBO;1249;7;4;14;1;9;26;17;21;27;23;39;42;40;43;59;51;48;58;54;62;64;68;75;66
BINGO CARABOBO;1250;11;13;12;3;2;25;16;30;22;24;33;34;31;35;53;57;50;52;56;73;67;70;63;71
BINGO CARABOBO;1251;8;15;6;5;10;18;20;28;29;19;37;44;45;32;55;49;46;60;47;72;65;69;61;74
BINGO CARABOBO;1252;6;8;10;9;12;21;27;28;24;19;40;36;34;42;53;54;49;48;57;69;74;65;71;66
BINGO CARABOBO;1253;15;3;5;2;7;17;18;20;26;23;33;35;44;41;51;56;47;55;46;68;70;67;73;62
BINGO CARABOBO;1254;4;1;13;14;11;25;29;30;16;22;31;45;43;32;58;59;50;60;52;61;72;64;75;63
BINGO CARABOBO;1255;4;11;1;9;12;22;16;24;19;25;44;41;35;43;59;52;48;47;46;71;70;73;75;72
BINGO CARABOBO;1256;2;5;15;8;13;26;27;21;29;28;42;38;36;40;49;60;54;53;57;65;68;62;74;63
BINGO CARABOBO;1257;10;7;6;3;14;20;17;18;30;23;45;33;32;37;56;55;58;51;50;61;69;66;67;64
BINGO CARABOBO;1258;10;11;5;3;7;27;21;23;19;28;43;37;38;39;52;56;60;48;54;70;63;66;67;73
BINGO CARABOBO;1259;15;9;8;14;6;29;17;20;25;30;36;31;33;40;53;57;47;46;55;74;65;68;69;62
BINGO CARABOBO;1260;12;4;13;1;2;24;18;26;16;22;41;44;45;35;58;50;51;59;49;64;71;72;75;61
BINGO CARABOBO;1261;14;5;9;6;2;27;20;17;22;29;39;34;40;36;53;55;59;52;49;66;70;67;74;72
BINGO CARABOBO;1262;12;4;10;3;7;25;21;26;18;24;42;35;44;41;60;54;51;50;56;63;71;64;65;75
BINGO CARABOBO;1263;11;8;1;13;15;16;23;19;28;30;31;33;45;32;47;48;57;58;46;68;61;73;69;62
BINGO CARABOBO;1264;9;4;5;14;13;18;30;21;19;26;39;33;32;41;54;57;49;58;52;63;75;72;61;65
BINGO CARABOBO;1265;7;8;11;3;10;22;24;27;23;28;43;34;45;38;56;59;60;53;47;73;71;68;66;64
BINGO CARABOBO;1266;2;12;1;6;15;16;25;29;20;17;37;40;31;35;51;48;46;55;50;70;74;62;69;67
BINGO CARABOBO;1267;12;13;5;2;1;22;27;28;21;24;45;43;40;38;50;53;47;48;55;68;62;73;64;74
BINGO CARABOBO;1268;14;10;8;3;7;23;17;16;20;29;39;34;37;42;46;51;56;57;60;75;67;71;61;72
BINGO CARABOBO;1269;15;4;11;6;9;18;30;26;19;25;41;35;31;44;52;59;54;49;58;69;66;63;70;65
BINGO CARABOBO;1270;12;10;14;3;7;21;18;27;29;28;32;44;40;38;58;57;50;53;56;68;75;65;69;70
BINGO CARABOBO;1271;13;8;9;2;4;26;30;17;20;22;33;42;34;43;48;54;49;55;60;67;72;74;63;64
BINGO CARABOBO;1272;5;1;15;6;11;23;24;19;25;16;39;31;35;45;51;59;46;52;47;66;61;71;62;73
BINGO CARABOBO;1273;13;14;1;6;8;16;29;20;18;19;35;38;33;43;52;50;49;55;53;74;66;61;69;73
BINGO CARABOBO;1274;5;12;10;11;9;30;23;27;24;22;42;36;41;34;59;56;57;58;47;75;63;67;68;65
BINGO CARABOBO;1275;7;3;2;4;15;17;28;25;21;26;31;44;40;45;51;54;60;46;48;72;71;70;64;62
BINGO CARABOBO;1276;9;6;8;2;14;27;18;22;20;24;43;31;39;37;59;49;55;47;51;70;71;69;75;68
BINGO CARABOBO;1277;10;13;15;12;7;26;19;21;28;23;36;34;41;44;53;52;58;48;56;66;67;62;65;64
BINGO CARABOBO;1278;3;11;4;1;5;30;17;25;29;16;35;42;38;32;60;50;46;57;54;73;72;74;63;61
BINGO CARABOBO;1279;10;7;3;13;4;25;17;24;19;23;33;44;32;37;53;55;51;60;48;63;64;75;68;71
BINGO CARABOBO;1280;11;2;6;9;12;20;21;27;16;22;40;34;45;36;49;46;50;56;52;69;65;73;74;70
BINGO CARABOBO;1281;1;8;5;15;14;28;30;29;18;26;35;42;38;31;54;59;47;58;57;62;66;67;72;61
BINGO CARABOBO;1282;7;14;13;6;9;29;24;16;26;28;32;31;43;34;50;58;57;47;59;63;67;70;65;64
BINGO CARABOBO;1283;11;4;10;3;12;30;25;17;20;22;36;33;39;45;56;53;48;54;51;74;73;62;68;75
BINGO CARABOBO;1284;1;2;8;15;5;23;27;18;21;19;44;35;38;37;55;49;46;60;52;69;72;66;71;61
BINGO CARABOBO;1285;12;8;6;5;11;20;22;28;23;16;35;41;40;33;50;46;53;49;47;62;67;63;64;71
BINGO CARABOBO;1286;10;2;13;14;15;21;29;30;19;27;42;36;34;37;52;59;56;55;51;69;72;68;74;73
BINGO CARABOBO;1287;7;1;9;4;3;25;18;24;17;26;31;44;45;43;60;57;58;48;54;65;70;61;66;75
BINGO CARABOBO;1288;5;6;10;15;14;27;30;16;28;17;40;44;36;32;51;57;56;49;59;69;61;73;71;66
BINGO CARABOBO;1289;2;7;11;3;9;24;23;19;25;29;42;34;43;37;48;58;60;52;55;70;75;62;72;74
BINGO CARABOBO;1290;12;4;8;1;13;26;20;21;18;22;38;31;33;45;53;50;54;47;46;65;64;68;67;63
BINGO CARABOBO;1291;9;6;8;5;14;21;22;23;19;27;37;41;34;42;52;57;51;58;53;70;64;63;73;74
BINGO CARABOBO;1292;2;3;15;1;11;30;28;20;17;18;44;45;40;35;56;48;49;54;59;71;72;68;65;62
BINGO CARABOBO;1293;12;7;13;4;10;29;25;24;26;16;31;36;32;39;60;46;47;50;55;66;61;67;75;69
BINGO CARABOBO;1294;3;8;15;10;13;19;16;21;24;18;37;39;41;38;58;59;52;60;53;65;67;62;74;61
BINGO CARABOBO;1295;11;4;2;7;1;20;23;25;29;28;45;43;36;44;47;50;57;48;51;71;64;73;66;68
BINGO CARABOBO;1296;12;9;6;14;5;22;27;30;26;17;32;40;34;35;54;49;56;55;46;69;63;72;70;75
BINGO CARABOBO;1297;13;11;7;12;9;29;22;27;23;24;40;42;33;38;54;48;51;50;52;69;61;65;63;73
BINGO CARABOBO;1298;5;10;14;4;3;16;28;25;21;30;37;36;35;41;53;47;59;46;57;68;70;72;66;67
BINGO CARABOBO;1299;2;6;15;1;8;26;19;17;20;18;44;32;45;31;55;56;58;60;49;74;64;71;75;62
BINGO CARABOBO;1300;8;10;1;2;9;22;28;20;17;16;33;39;42;37;60;49;51;50;47;71;66;70;62;63
BINGO CARABOBO;1301;4;11;5;13;6;21;18;24;27;25;32;35;41;43;56;53;48;58;55;61;67;69;74;65
BINGO CARABOBO;1302;14;15;12;3;7;26;19;30;29;23;45;31;44;36;54;59;52;57;46;75;68;72;64;73
BINGO CARABOBO;1303;3;1;4;12;6;17;29;22;23;25;34;37;41;40;56;52;50;54;58;66;63;67;64;61
BINGO CARABOBO;1304;8;10;11;9;13;26;16;19;30;24;45;38;35;43;59;57;51;49;46;74;68;65;71;69
BINGO CARABOBO;1305;2;7;14;5;15;21;20;27;18;28;32;44;36;31;48;53;60;47;55;72;73;70;75;62
BINGO CARABOBO;1306;1;10;11;13;4;19;25;26;21;18;44;32;40;34;54;58;52;57;51;71;69;73;74;63
BINGO CARABOBO;1307;14;6;9;5;7;22;29;23;17;24;42;39;33;36;53;47;59;55;50;67;66;70;72;68
BINGO CARABOBO;1308;12;15;3;2;8;27;20;28;30;16;37;35;31;38;60;56;48;49;46;62;65;75;61;64
BINGO CARABOBO;1309;13;10;4;14;12;23;27;19;24;20;44;40;38;37;50;56;47;54;52;72;65;71;73;74
BINGO CARABOBO;1310;11;7;3;2;5;16;26;28;17;25;32;41;39;42;49;55;59;53;60;68;69;70;75;66
BINGO CARABOBO;1311;15;1;6;8;9;29;30;18;21;22;35;43;34;36;57;51;48;46;58;67;62;63;64;61
BINGO CARABOBO;1312;7;6;8;10;11;17;30;24;27;20;43;32;36;37;54;46;51;59;58;63;65;73;64;71
BINGO CARABOBO;1313;5;4;12;9;2;26;21;22;25;18;42;34;39;35;53;55;60;48;56;69;74;70;72;67
BINGO CARABOBO;1314;14;13;1;15;3;23;16;28;29;19;41;44;33;40;50;49;52;47;57;61;68;62;66;75
BINGO CARABOBO;1315;13;4;1;12;3;18;25;30;19;28;35;36;42;44;51;52;50;59;55;69;75;70;67;64
BINGO CARABOBO;1316;6;14;5;11;10;27;24;22;21;29;34;37;32;40;53;56;47;57;49;71;66;63;68;73
BINGO CARABOBO;1317;7;8;9;2;15;20;23;26;17;16;43;33;31;39;54;58;48;60;46;62;65;61;74;72
BINGO CARABOBO;1318;4;8;12;5;10;19;21;20;24;25;42;40;31;34;50;51;47;56;58;69;65;61;68;74
BINGO CARABOBO;1319;6;2;11;7;3;28;17;18;23;27;33;35;44;43;55;52;60;46;53;73;66;62;67;71
BINGO CARABOBO;1320;9;14;13;15;1;22;30;16;29;26;41;39;38;32;54;49;57;59;48;70;63;72;75;64
BINGO CARABOBO;1321;5;3;10;14;7;22;23;17;21;25;44;33;38;39;53;57;55;49;52;62;69;72;70;61
BINGO CARABOBO;1322;4;13;2;9;12;26;20;30;18;19;37;36;34;45;46;60;54;56;59;71;63;73;66;67
BINGO CARABOBO;1323;8;6;11;15;1;27;28;16;24;29;31;41;35;40;58;48;51;47;50;68;74;75;64;65
BINGO CARABOBO;1324;6;9;14;12;5;16;27;28;22;26;36;32;37;41;49;57;50;51;54;65;70;69;61;62
BINGO CARABOBO;1325;4;1;7;11;13;20;19;24;21;23;44;31;40;35;56;55;53;59;58;72;64;73;67;71
BINGO CARABOBO;1326;8;2;3;10;15;18;29;17;30;25;38;45;34;43;47;60;46;48;52;66;68;74;75;63
BINGO CARABOBO;1327;8;6;7;5;9;30;23;18;22;21;40;32;39;34;59;51;52;50;55;67;71;69;65;74
BINGO CARABOBO;1328;2;15;3;12;4;17;25;20;27;28;38;36;44;45;56;58;48;49;57;62;68;70;72;64
BINGO CARABOBO;1329;10;13;11;14;1;16;26;24;19;29;43;41;33;42;60;53;47;54;46;61;66;75;63;73
BINGO CARABOBO;1330;5;7;8;3;12;22;26;23;29;20;39;44;33;38;56;50;51;59;49;74;67;71;63;68
BINGO CARABOBO;1331;15;13;14;9;6;18;19;27;24;25;32;45;37;42;53;60;57;48;47;69;66;65;73;61
BINGO CARABOBO;1332;1;10;4;11;2;21;28;16;17;30;34;40;31;43;52;46;55;58;54;75;70;62;64;72
BINGO CARABOBO;1333;8;10;4;3;13;27;19;26;30;25;38;39;32;45;53;54;49;52;48;74;69;66;71;67
BINGO CARABOBO;1334;2;11;9;1;6;17;28;23;20;22;37;31;43;34;56;55;51;59;57;64;61;65;75;72
BINGO CARABOBO;1335;12;15;7;14;5;24;21;29;16;18;35;33;44;36;50;47;60;46;58;68;70;62;63;73
BINGO CARABOBO;1336;14;5;6;12;3;20;29;19;21;25;34;42;39;38;54;47;55;49;58;68;75;66;70;73
BINGO CARABOBO;1337;2;13;11;9;1;26;28;18;27;22;43;35;36;45;56;52;59;53;50;65;72;67;64;61
BINGO CARABOBO;1338;15;7;4;8;10;24;17;23;30;16;37;31;44;32;57;60;46;48;51;71;63;62;69;74
BINGO CARABOBO;1339;3;8;14;2;11;23;28;19;17;29;44;34;45;40;55;47;50;46;57;68;66;71;70;62
BINGO CARABOBO;1340;13;12;9;1;4;22;18;20;16;21;33;37;31;35;51;56;54;49;52;67;74;72;69;61
BINGO CARABOBO;1341;6;7;10;15;5;27;26;25;24;30;38;41;39;42;58;53;59;60;48;65;73;63;75;64
BINGO CARABOBO;1342;6;4;5;7;14;16;19;26;29;28;41;33;39;37;47;53;58;51;55;71;73;72;61;66
BINGO CARABOBO;1343;3;8;10;2;13;18;21;22;27;23;32;36;44;42;52;57;50;49;60;65;74;67;75;63
BINGO CARABOBO;1344;15;12;11;1;9;24;30;20;17;25;45;31;34;40;48;54;59;46;56;68;69;64;70;62
BINGO CARABOBO;1345;8;6;9;3;5;27;26;21;24;30;41;33;34;35;53;51;55;59;58;62;73;67;65;66
BINGO CARABOBO;1346;10;12;2;4;13;25;22;23;29;19;40;43;37;44;49;56;60;48;46;71;72;69;64;68
BINGO CARABOBO;1347;11;7;14;15;1;18;17;28;16;20;32;31;36;45;52;54;50;57;47;61;74;75;63;70
BINGO CARABOBO;1348;6;3;11;4;5;21;17;25;23;27;34;40;39;41;60;50;55;59;57;66;67;70;72;71
BINGO CARABOBO;1349;14;13;9;15;10;29;24;28;20;22;38;42;31;36;53;48;51;49;56;63;73;61;65;62
BINGO CARABOBO;1350;7;8;12;2;1;16;30;26;19;18;37;44;35;33;58;52;47;54;46;74;69;64;75;68
BINGO CARABOBO;1351;9;12;2;6;3;17;21;18;24;22;44;36;43;41;54;56;58;50;53;73;64;71;65;69
BINGO CARABOBO;1352;13;5;11;10;4;28;20;19;30;27;37;42;38;33;52;59;60;47;57;67;62;68;74;72
BINGO CARABOBO;1353;7;14;8;1;15;16;25;26;23;29;45;31;39;40;49;51;48;46;55;63;66;70;61;75
BINGO CARABOBO;1354;4;2;8;14;7;22;26;27;28;30;41;40;43;44;56;55;54;49;47;68;64;72;62;71
BINGO CARABOBO;1355;10;9;12;6;13;19;18;25;20;29;32;34;38;37;52;50;46;53;57;63;69;73;67;66
BINGO CARABOBO;1356;3;5;15;11;1;16;21;23;17;24;31;42;36;35;51;48;60;59;58;65;74;70;75;61
BINGO CARABOBO;1357;3;5;2;7;11;24;27;23;18;16;35;37;42;34;52;48;58;51;57;73;71;63;69;61
BINGO CARABOBO;1358;10;1;4;8;13;17;30;19;26;25;43;39;44;36;60;49;56;47;59;64;62;72;70;65
BINGO CARABOBO;1359;9;12;14;6;15;28;22;21;29;20;32;40;45;38;55;54;50;53;46;66;67;68;74;75
BINGO CARABOBO;1360;13;3;8;6;11;21;25;24;20;22;33;38;31;39;54;46;50;48;55;73;61;67;66;65
BINGO CARABOBO;1361;9;5;15;2;4;23;18;28;16;29;35;45;43;42;59;51;57;49;60;68;75;64;69;71
BINGO CARABOBO;1362;1;7;14;12;10;26;17;19;30;27;34;32;36;44;58;47;53;56;52;63;74;62;70;72
BINGO CARABOBO;1363;8;14;1;12;6;18;20;16;25;27;36;45;39;31;54;59;48;50;51;67;65;66;64;68
BINGO CARABOBO;1364;3;4;9;7;10;29;26;22;24;19;38;41;44;37;53;58;56;49;52;61;63;70;72;62
BINGO CARABOBO;1365;5;13;2;15;11;21;28;30;17;23;43;35;34;32;60;46;55;57;47;69;73;71;74;75
BINGO CARABOBO;1366;10;4;13;11;6;28;16;20;26;18;32;36;44;35;49;54;57;52;47;62;69;70;66;74
BINGO CARABOBO;1367;2;8;5;3;9;25;19;23;27;29;39;40;38;42;59;51;50;53;46;63;72;67;65;61
BINGO CARABOBO;1368;12;7;1;15;14;24;22;17;21;30;33;43;41;45;58;60;55;48;56;71;73;68;75;64
BINGO CARABOBO;1369;14;12;7;4;10;28;19;18;25;16;42;36;45;34;50;58;47;48;53;69;71;74;63;65
BINGO CARABOBO;1370;2;6;3;11;1;24;27;23;29;26;40;31;37;38;54;55;57;49;56;68;64;61;75;67
BINGO CARABOBO;1371;13;9;8;5;15;20;22;21;30;17;35;41;32;44;51;46;59;60;52;70;73;66;72;62
BINGO CARABOBO;1372;10;2;9;4;3;24;20;29;21;19;41;43;36;38;57;58;59;49;55;73;64;72;66;69
BINGO CARABOBO;1373;8;7;13;5;12;25;26;17;23;27;31;35;40;42;54;47;46;53;56;62;70;65;63;68
BINGO CARABOBO;1374;11;6;14;15;1;28;22;16;30;18;44;34;32;39;50;51;60;48;52;61;74;67;71;75
BINGO CARABOBO;1375;11;14;4;7;9;27;22;26;28;24;37;38;41;39;56;55;58;47;53;75;70;72;73;69
BINGO CARABOBO;1376;10;3;12;8;1;25;20;21;23;16;33;44;32;43;59;51;54;46;49;62;65;64;71;68
BINGO CARABOBO;1377;5;13;6;15;2;19;29;30;18;17;36;40;42;34;60;57;52;48;50;74;63;67;66;61
BINGO CARABOBO;1378;14;2;7;9;5;24;28;29;27;25;39;34;31;42;46;51;56;55;47;66;65;73;63;68
BINGO CARABOBO;1379;13;12;10;8;11;18;23;19;16;30;33;41;32;43;53;59;48;58;50;72;64;61;74;69
BINGO CARABOBO;1380;4;3;6;1;15;22;17;26;21;20;36;40;37;38;52;49;57;60;54;70;71;67;75;62
BINGO CARABOBO;1381;7;10;3;14;13;21;29;22;26;28;34;36;35;39;52;50;46;49;56;75;73;74;66;67
BINGO CARABOBO;1382;4;5;6;2;11;30;18;27;23;17;37;41;31;38;55;47;51;58;48;69;63;71;70;62
BINGO CARABOBO;1383;12;9;8;15;1;20;24;19;16;25;45;43;44;32;54;57;53;60;59;64;65;61;72;68
BINGO CARABOBO;1384;11;5;15;1;12;24;18;23;25;30;41;32;40;44;51;48;49;47;50;71;68;67;61;70
BINGO CARABOBO;1385;7;8;10;9;3;20;27;19;22;21;31;33;42;39;58;59;55;56;57;69;63;75;65;64
BINGO CARABOBO;1386;6;14;13;2;4;28;17;26;16;29;34;35;45;38;46;54;53;60;52;74;66;72;62;73
BINGO CARABOBO;1387;15;13;6;2;5;27;19;29;17;20;38;33;40;42;50;59;49;52;51;68;71;65;66;62
BINGO CARABOBO;1388;11;3;10;4;8;18;23;25;26;30;39;32;44;43;47;56;58;54;48;73;64;72;75;69
BINGO CARABOBO;1389;12;7;9;1;14;28;21;16;24;22;31;36;37;41;46;55;57;60;53;63;70;67;61;74
BINGO CARABOBO;1390;10;8;6;12;11;19;22;27;20;25;34;32;43;33;48;54;47;52;56;64;67;69;75;66
BINGO CARABOBO;1391;2;15;5;7;1;29;18;26;23;17;45;37;40;35;58;49;53;50;59;71;68;73;70;62
BINGO CARABOBO;1392;4;9;13;14;3;30;16;21;28;24;42;44;38;31;55;57;51;46;60;65;61;72;63;74
BINGO CARABOBO;1393;11;15;6;2;5;22;21;17;19;16;45;42;38;39;49;53;46;50;57;65;66;64;68;72
BINGO CARABOBO;1394;12;3;9;10;4;20;24;29;18;30;31;36;41;40;48;55;60;54;56;69;71;70;74;62
BINGO CARABOBO;1395;8;13;14;7;1;25;26;27;23;28;34;35;33;43;59;51;58;47;52;61;73;67;63;75
BINGO CARABOBO;1396;13;1;11;5;4;21;23;27;17;26;41;42;34;36;47;59;52;54;56;73;62;71;70;63
BINGO CARABOBO;1397;3;6;8;9;10;29;28;30;22;16;38;31;32;40;57;55;58;48;49;67;65;74;69;72
BINGO CARABOBO;1398;12;15;7;2;14;24;20;25;18;19;35;43;44;45;51;53;46;60;50;68;66;64;61;75
BINGO CARABOBO;1399;7;14;2;6;8;22;25;27;29;28;32;43;38;44;53;56;59;57;54;69;65;63;66;74
BINGO CARABOBO;1400;9;4;10;1;12;23;19;24;17;20;41;34;33;35;46;50;55;47;60;62;61;68;70;73
BINGO CARABOBO;1401;5;13;11;15;3;26;18;21;16;30;37;42;31;36;52;49;51;48;58;72;67;71;64;75
BINGO CARABOBO;1402;10;9;1;14;2;26;16;27;25;20;41;32;33;39;51;53;59;57;58;68;72;70;65;74
BINGO CARABOBO;1403;5;7;13;4;12;28;29;24;18;21;43;35;40;44;50;49;54;47;52;73;63;61;64;67
BINGO CARABOBO;1404;8;3;11;15;6;30;19;23;22;17;36;38;37;31;56;46;48;55;60;66;75;62;71;69
BINGO CARABOBO;1405;11;14;2;9;15;28;17;19;26;30;44;35;39;34;55;51;53;58;49;66;71;68;67;74
BINGO CARABOBO;1406;6;12;4;10;3;25;16;20;21;23;33;36;37;43;59;52;50;54;47;62;64;73;63;75
BINGO CARABOBO;1407;13;7;1;8;5;27;24;18;22;29;45;32;41;38;57;48;46;56;60;69;70;72;65;61
BINGO CARABOBO;1408;6;11;2;9;4;29;23;27;21;18;33;34;37;41;57;53;56;60;54;61;69;65;64;75
BINGO CARABOBO;1409;7;10;5;12;14;24;26;30;20;19;42;43;31;39;46;55;50;59;49;67;68;72;63;71
BINGO CARABOBO;1410;3;13;8;15;1;22;17;25;16;28;32;44;36;35;51;58;48;52;47;73;70;66;62;74
BINGO CARABOBO;1411;9;10;12;14;13;18;26;22;20;23;41;35;42;34;57;50;55;51;59;67;69;73;62;68
BINGO CARABOBO;1412;5;8;2;4;11;29;19;17;24;25;37;32;43;45;49;58;47;56;48;72;74;65;64;71
BINGO CARABOBO;1413;7;3;1;6;15;27;21;16;28;30;39;33;31;40;52;54;46;60;53;70;63;75;66;61
BINGO CARABOBO;1414;12;6;15;14;11;22;20;25;23;16;41;34;39;31;51;54;57;58;55;72;71;63;65;61
BINGO CARABOBO;1415;1;5;8;9;3;27;28;17;26;29;38;40;36;43;59;48;50;52;53;70;68;69;73;74
BINGO CARABOBO;1416;7;2;10;13;4;21;19;18;24;30;33;32;37;42;56;49;47;46;60;66;67;64;75;62
BINGO CARABOBO;1417;3;8;5;6;2;28;23;22;19;29;36;34;39;37;57;51;48;53;47;75;62;70;63;72
BINGO CARABOBO;1418;11;15;10;9;4;21;24;18;27;17;32;35;33;42;49;55;58;52;46;64;69;68;67;74
BINGO CARABOBO;1419;12;13;7;1;14;26;16;25;30;20;44;43;41;45;60;59;56;50;54;66;73;65;71;61
BINGO CARABOBO;1420;11;8;6;12;14;22;24;16;27;26;34;40;42;44;54;52;55;49;47;75;69;70;71;62
BINGO CARABOBO;1421;7;5;2;15;4;30;20;19;25;17;41;35;31;43;50;58;46;56;59;68;67;73;63;66
BINGO CARABOBO;1422;3;10;13;1;9;23;28;21;29;18;33;32;36;37;57;60;51;53;48;72;64;61;74;65
BINGO CARABOBO;1423;10;3;14;5;15;29;27;28;19;22;40;36;32;33;51;49;56;59;57;64;63;72;74;75
BINGO CARABOBO;1424;1;8;2;11;7;21;17;18;25;24;45;34;31;37;52;48;50;55;47;68;66;73;65;69
BINGO CARABOBO;1425;12;9;4;13;6;26;30;20;16;23;42;35;41;43;53;54;60;58;46;62;70;71;67;61
BINGO CARABOBO;1426;12;3;13;4;6;23;18;19;25;27;44;35;36;37;58;60;54;53;56;70;69;73;63;62
BINGO CARABOBO;1427;5;8;10;14;1;24;22;21;26;20;33;42;43;41;55;48;50;49;59;68;65;67;74;72
BINGO CARABOBO;1428;2;11;7;9;15;28;16;29;17;30;38;40;34;31;47;57;51;52;46;61;66;71;75;64
BINGO CARABOBO;1429;3;9;4;12;1;25;22;24;17;26;32;38;45;36;56;46;48;54;51;66;62;69;70;71
BINGO CARABOBO;1430;10;11;2;13;7;28;18;19;20;30;42;39;33;44;50;57;60;58;49;73;68;63;67;75
BINGO CARABOBO;1431;5;15;14;8;6;23;29;21;27;16;40;41;31;35;55;47;52;53;59;64;72;65;61;74
BINGO CARABOBO;1432;2;3;1;5;7;20;18;28;23;24;39;38;41;45;57;50;49;52;47;70;63;75;68;71
BINGO CARABOBO;1433;4;9;13;15;14;29;25;26;30;16;40;42;37;43;54;59;55;56;46;69;67;72;62;65
BINGO CARABOBO;1434;8;11;12;10;6;21;22;19;17;27;36;35;44;31;60;53;51;48;58;66;61;73;64;74
BINGO CARABOBO;1435;3;10;7;14;4;27;20;19;26;28;35;44;45;33;55;54;49;51;59;69;67;66;72;68
BINGO CARABOBO;1436;1;12;8;6;13;17;16;23;18;22;36;32;41;38;46;58;52;50;53;70;64;74;63;65
BINGO CARABOBO;1437;5;9;11;15;2;25;30;24;29;21;40;42;31;43;48;56;47;57;60;62;75;73;61;71
BINGO CARABOBO;1438;11;9;13;6;14;22;17;30;28;24;43;45;44;41;58;54;52;51;47;63;66;71;68;64
BINGO CARABOBO;1439;8;7;2;3;5;23;25;19;21;26;33;39;34;36;55;57;46;48;50;70;73;65;67;74
BINGO CARABOBO;1440;15;4;10;12;1;20;27;16;18;29;32;38;42;31;60;53;59;56;49;69;61;72;62;75
BINGO CARABOBO;1441;4;9;5;7;13;29;16;20;26;25;36;38;39;35;47;51;49;58;54;71;62;61;69;65
BINGO CARABOBO;1442;10;14;11;2;1;24;28;23;18;21;32;31;43;45;55;59;52;53;57;70;66;73;64;74
BINGO CARABOBO;1443;8;12;6;3;15;27;19;17;30;22;44;40;42;33;46;50;56;48;60;75;68;63;67;72
BINGO CARABOBO;1444;13;5;3;9;12;25;27;28;23;18;40;41;37;31;53;57;48;49;56;72;63;73;65;66
BINGO CARABOBO;1445;2;7;6;4;8;20;21;19;24;22;35;33;44;45;59;52;46;54;47;69;70;68;71;61
BINGO CARABOBO;1446;10;1;14;15;11;26;29;16;17;30;34;43;42;32;55;58;51;60;50;67;74;64;75;62
BINGO CARABOBO;1447;11;3;5;13;14;17;22;29;16;23;39;36;43;37;57;54;51;50;48;63;64;66;72;73
BINGO CARABOBO;1448;6;7;2;12;1;19;20;30;25;18;34;32;42;44;55;53;59;52;47;67;70;65;68;74
BINGO CARABOBO;1449;4;8;9;15;10;26;27;21;28;24;31;45;41;35;49;56;58;60;46;71;69;61;62;75
BINGO CARABOBO;1450;1;5;14;11;12;23;28;25;16;27;41;34;35;37;54;55;56;59;49;66;74;63;64;69
BINGO CARABOBO;1451;7;6;3;8;9;22;26;17;20;21;44;40;36;43;50;52;58;57;48;70;65;62;67;73
BINGO CARABOBO;1452;10;4;13;2;15;18;29;30;19;24;42;33;32;45;51;60;47;53;46;61;71;72;75;68
BINGO CARABOBO;1453;11;9;14;10;5;17;24;30;23;18;36;41;31;44;51;56;55;58;53;65;69;61;62;73
BINGO CARABOBO;1454;2;3;7;15;1;27;22;19;21;28;39;38;34;35;49;52;54;48;50;67;68;64;66;74
BINGO CARABOBO;1455;6;13;8;12;4;20;25;26;16;29;40;43;32;45;47;57;59;46;60;70;72;63;71;75
BINGO CARABOBO;1456;5;8;11;3;13;24;20;17;27;18;40;38;36;31;58;52;55;47;48;63;71;68;70;74
BINGO CARABOBO;1457;6;9;12;2;1;28;16;19;30;22;33;44;43;39;51;49;57;54;59;75;73;67;66;62
BINGO CARABOBO;1458;10;4;14;15;7;25;29;21;23;26;35;41;34;42;53;60;56;50;46;64;65;61;72;69
BINGO CARABOBO;1459;14;3;7;10;9;27;29;28;22;26;34;33;44;42;46;55;53;50;48;69;71;64;70;73
BINGO CARABOBO;1460;5;11;8;15;6;21;17;19;30;20;45;39;40;32;59;57;60;49;56;74;65;61;62;75
BINGO CARABOBO;1461;2;4;12;13;1;24;16;25;18;23;38;41;43;35;54;51;47;58;52;66;63;68;72;67
BINGO CARABOBO;1462;8;13;1;2;6;29;18;25;28;26;42;32;41;39;48;58;51;56;55;72;63;68;61;66
BINGO CARABOBO;1463;9;10;4;7;5;24;27;21;23;30;34;44;35;40;50;46;52;47;49;65;70;73;75;67
BINGO CARABOBO;1464;14;3;12;15;11;19;20;17;22;16;33;37;31;36;57;53;54;60;59;62;69;71;64;74
BINGO CARABOBO;1465;7;8;12;14;13;18;24;27;28;26;34;33;37;43;50;53;51;55;48;64;71;67;74;75
BINGO CARABOBO;1466;9;10;15;6;5;23;17;21;19;30;42;36;40;35;47;58;60;46;59;61;63;68;70;66
BINGO CARABOBO;1467;11;2;1;3;4;16;20;25;29;22;41;32;39;44;52;56;54;57;49;73;65;69;62;72
BINGO CARABOBO;1468;1;12;14;4;10;20;25;23;18;24;44;35;42;38;56;55;48;53;57;67;73;72;69;63
BINGO CARABOBO;1469;9;6;3;5;15;29;22;21;17;27;45;41;33;37;46;54;58;47;52;62;64;71;70;66
BINGO CARABOBO;1470;11;7;13;8;2;16;26;28;30;19;34;36;31;43;59;49;50;60;51;74;68;75;65;61
BINGO CARABOBO;1471;4;12;8;6;2;25;20;24;19;26;44;37;39;40;58;56;52;47;50;70;69;67;74;63
BINGO CARABOBO;1472;11;7;3;10;13;18;21;28;23;29;43;33;38;41;55;54;51;48;60;62;72;65;73;64
BINGO CARABOBO;1473;5;9;15;14;1;27;16;22;17;30;45;32;31;36;46;57;53;49;59;71;68;75;61;66
BINGO CARABOBO;1474;12;11;7;15;5;21;20;26;17;25;37;43;44;42;51;54;58;57;56;62;65;64;74;70
BINGO CARABOBO;1475;6;10;4;2;14;28;27;30;19;22;32;41;39;31;59;53;50;55;52;61;63;71;72;73
BINGO CARABOBO;1476;13;3;9;1;8;29;23;24;18;16;45;33;40;34;48;46;47;49;60;68;69;67;75;66
BINGO CARABOBO;1477;13;12;2;11;4;22;20;27;17;26;39;34;38;42;53;57;48;59;55;70;63;71;64;67
BINGO CARABOBO;1478;10;8;5;7;9;25;19;21;28;29;33;41;43;37;58;47;54;52;50;62;61;74;66;68
BINGO CARABOBO;1479;6;14;1;3;15;16;24;23;18;30;35;40;44;31;60;49;51;56;46;72;69;73;75;65
BINGO CARABOBO;1480;3;7;6;12;11;30;27;26;24;25;35;43;38;37;52;58;59;49;57;67;63;65;64;69
BINGO CARABOBO;1481;14;10;5;1;4;20;23;28;18;29;33;34;44;31;47;51;53;56;54;70;72;61;62;68
BINGO CARABOBO;1482;13;9;15;2;8;21;22;19;16;17;39;45;36;41;50;48;55;60;46;74;73;66;75;71
BINGO CARABOBO;1483;7;4;2;14;9;27;28;26;23;17;44;34;39;32;49;55;53;60;50;68;62;61;70;75
BINGO CARABOBO;1484;11;10;8;6;3;29;24;18;22;25;38;37;33;40;57;56;54;58;47;64;71;67;63;66
BINGO CARABOBO;1485;12;13;5;15;1;16;21;19;20;30;31;41;35;45;51;52;59;46;48;69;65;72;74;73
BINGO CARABOBO;1486;1;9;12;11;2;20;21;24;28;23;39;31;42;37;50;49;53;58;56;65;67;62;64;68
BINGO CARABOBO;1487;4;5;14;7;10;25;16;17;26;27;44;36;33;34;52;51;46;48;55;72;63;61;70;69
BINGO CARABOBO;1488;15;8;6;3;13;29;19;22;18;30;41;40;45;32;57;54;60;59;47;73;71;75;66;74
BINGO CARABOBO;1489;1;10;7;4;2;17;23;30;22;27;45;33;38;42;47;56;53;54;59;61;69;62;71;63
BINGO CARABOBO;1490;14;5;6;13;8;21;19;18;16;25;41;44;31;40;60;52;50;55;48;74;72;68;66;65
BINGO CARABOBO;1491;15;12;9;3;11;24;28;26;29;20;32;39;34;36;57;51;46;49;58;70;73;64;67;75
BINGO CARABOBO;1492;10;9;1;4;8;17;23;28;22;20;32;38;41;37;58;47;49;50;46;72;69;73;67;64
BINGO CARABOBO;1493;3;7;5;6;13;25;24;29;19;18;33;35;36;39;59;52;48;56;53;71;63;62;66;61
BINGO CARABOBO;1494;12;14;11;2;15;26;27;21;30;16;45;43;44;40;54;57;51;55;60;74;70;68;65;75
BINGO CARABOBO;1495;5;3;9;8;14;17;29;23;30;22;41;42;39;38;51;59;58;48;47;62;68;74;66;70
BINGO CARABOBO;1496;4;12;10;6;11;27;16;19;28;24;44;45;37;33;56;52;57;55;50;67;72;63;75;69
BINGO CARABOBO;1497;7;13;1;15;2;25;21;20;18;26;35;34;40;31;53;54;46;60;49;73;71;65;61;64
BINGO CARABOBO;1498;9;11;3;6;13;18;27;28;22;24;44;41;34;38;49;57;47;56;54;69;67;71;75;73
BINGO CARABOBO;1499;10;4;5;14;15;19;23;16;30;20;35;32;31;40;59;48;58;55;52;64;65;74;63;72
BINGO CARABOBO;1500;2;7;1;8;12;29;17;26;21;25;42;37;45;33;53;51;46;50;60;66;70;62;68;61
BINGO CARABOBO;1501;11;6;15;12;10;19;30;23;29;24;33;36;34;38;58;50;55;47;49;61;66;71;72;69
BINGO CARABOBO;1502;3;4;14;9;13;25;22;20;26;21;41;45;31;32;54;57;59;46;52;67;75;63;70;68
BINGO CARABOBO;1503;5;1;8;2;7;17;27;18;16;28;37;42;44;39;53;56;60;48;51;65;64;62;73;74
BINGO CARABOBO;1504;1;2;12;13;11;29;18;24;26;22;34;36;40;39;57;49;46;55;48;65;73;75;68;66
BINGO CARABOBO;1505;9;3;6;7;4;25;17;23;21;16;44;37;33;32;56;50;51;53;47;67;71;70;72;61
BINGO CARABOBO;1506;14;10;5;15;8;28;30;20;27;19;45;41;43;31;58;59;54;60;52;64;69;63;62;74
BINGO CARABOBO;1507;3;15;8;9;12;25;17;21;28;20;39;43;36;41;57;56;55;49;60;74;68;67;69;65
BINGO CARABOBO;1508;11;5;7;2;1;24;22;18;29;23;32;45;35;33;47;50;53;46;59;72;66;63;71;73
BINGO CARABOBO;1509;10;13;14;6;4;30;16;19;26;27;34;42;40;31;51;48;52;58;54;64;62;70;75;61
BINGO CARABOBO;1510;4;3;12;1;10;19;21;18;24;28;41;43;34;32;49;50;47;54;46;68;64;74;67;73
BINGO CARABOBO;1511;5;8;11;7;9;26;17;20;29;22;33;35;36;45;57;58;56;53;59;69;72;65;70;63
BINGO CARABOBO;1512;14;2;15;6;13;27;23;25;16;30;31;42;44;40;52;51;55;60;48;66;71;62;61;75
BINGO CARABOBO;1513;5;3;10;1;8;20;25;30;19;26;43;32;36;38;50;55;57;54;59;74;72;62;75;65
BINGO CARABOBO;1514;11;4;9;14;6;23;27;21;22;24;39;42;40;37;53;49;58;48;47;64;69;61;68;67
BINGO CARABOBO;1515;12;13;7;15;2;18;28;17;16;29;44;35;45;33;56;51;52;46;60;66;70;71;63;73
BINGO CARABOBO;1516;4;7;1;14;8;26;18;20;22;29;41;40;39;42;50;58;51;55;47;70;75;64;66;67
BINGO CARABOBO;1517;9;3;10;11;12;19;17;24;25;23;38;37;36;31;54;59;53;60;52;69;74;72;65;63
BINGO CARABOBO;1518;6;2;5;13;15;21;28;16;27;30;33;45;43;44;49;48;56;57;46;68;71;61;62;73
BINGO CARABOBO;1519;8;6;5;7;9;16;24;18;17;27;35;37;33;39;49;53;54;52;56;70;74;62;73;66
BINGO CARABOBO;1520;2;4;10;3;13;23;29;20;28;21;32;41;34;31;59;58;48;57;60;65;67;71;72;68
BINGO CARABOBO;1521;12;15;11;14;1;22;30;26;25;19;45;43;38;42;50;46;51;55;47;63;69;61;75;64
BINGO CARABOBO;1522;4;6;7;11;2;25;24;26;21;29;32;37;43;33;54;53;58;48;52;62;63;67;66;70
BINGO CARABOBO;1523;12;5;14;13;9;19;23;28;20;27;41;42;39;40;59;56;51;47;50;72;71;68;75;64
BINGO CARABOBO;1524;15;8;3;10;1;18;22;16;30;17;45;34;31;44;49;55;57;46;60;61;73;69;65;74
BINGO CARABOBO;1525;11;13;1;4;9;25;18;24;28;26;40;36;31;44;55;56;48;50;47;74;68;69;73;66
BINGO CARABOBO;1526;12;8;5;2;7;16;30;27;19;23;37;43;42;32;58;60;59;53;54;67;63;62;72;61
BINGO CARABOBO;1527;6;15;10;14;3;21;20;22;29;17;33;45;41;34;52;51;46;49;57;70;71;64;65;75
BINGO CARABOBO;1528;15;5;13;6;10;24;27;16;20;28;33;32;34;44;46;59;53;48;57;67;74;75;64;70
BINGO CARABOBO;1529;9;2;4;12;3;26;29;21;19;25;45;36;39;41;52;50;55;51;49;62;63;69;73;65
BINGO CARABOBO;1530;14;7;11;1;8;23;22;18;17;30;35;37;40;43;54;58;47;60;56;72;68;66;71;61
BINGO CARABOBO;1531;2;11;1;4;3;29;23;28;30;24;32;36;44;37;48;50;49;58;55;67;64;70;68;74
BINGO CARABOBO;1532;7;15;13;6;8;19;17;18;25;22;41;42;33;45;46;54;59;51;57;63;72;65;62;75
BINGO CARABOBO;1533;12;9;14;5;10;21;20;26;27;16;39;31;38;34;47;56;60;52;53;69;71;61;66;73
BINGO CARABOBO;1534;8;6;14;3;9;18;21;28;17;26;40;33;44;32;52;53;60;50;55;65;71;63;67;64
BINGO CARABOBO;1535;13;11;7;4;15;16;19;22;24;29;37;42;34;39;58;48;47;54;51;62;72;73;66;70
BINGO CARABOBO;1536;2;1;5;10;12;20;30;25;23;27;35;38;31;45;57;56;49;59;46;74;69;61;75;68
BINGO CARABOBO;1537;14;5;7;13;12;17;26;20;21;28;35;42;41;33;51;49;48;59;50;70;73;66;64;65
BINGO CARABOBO;1538;2;9;11;10;3;22;23;27;25;18;38;37;34;45;53;54;56;58;57;63;67;75;69;71
BINGO CARABOBO;1539;4;8;6;15;1;24;30;19;29;16;36;43;31;40;47;52;60;46;55;72;62;61;68;74
BINGO CARABOBO;1540;5;9;14;7;15;23;24;17;21;26;36;41;40;42;55;50;58;48;51;70;66;71;72;73
BINGO CARABOBO;1541;12;1;11;3;13;18;22;16;27;29;38;43;34;44;47;56;54;53;52;61;67;63;69;65
BINGO CARABOBO;1542;8;10;2;6;4;19;28;20;25;30;45;31;39;32;60;57;49;59;46;64;74;62;75;68
BINGO CARABOBO;1543;13;15;9;8;4;23;29;26;17;30;38;41;40;44;47;52;54;46;50;68;65;73;74;62
BINGO CARABOBO;1544;2;7;14;5;10;21;25;19;27;22;34;39;42;36;51;60;48;49;57;66;70;75;69;64
BINGO CARABOBO;1545;3;11;1;6;12;28;24;16;20;18;33;35;31;43;53;56;55;59;58;63;71;67;61;72
BINGO CARABOBO;1546;4;13;14;6;12;19;24;28;25;18;39;32;33;38;59;56;50;46;47;73;62;69;74;67
BINGO CARABOBO;1547;2;1;8;7;10;26;23;17;20;29;40;42;37;36;53;49;51;54;55;72;64;70;68;71
BINGO CARABOBO;1548;3;5;15;11;9;21;22;27;16;30;43;45;31;41;48;57;58;60;52;66;61;65;63;75
BINGO CARABOBO;1549;2;4;3;7;5;16;19;29;24;22;35;36;32;42;55;51;50;59;46;68;66;72;67;70
BINGO CARABOBO;1550;9;10;11;13;1;23;17;26;21;25;34;33;39;44;56;49;54;48;57;71;73;61;64;63
BINGO CARABOBO;1551;15;8;12;6;14;27;28;20;18;30;41;45;37;38;60;47;58;52;53;74;69;75;62;65
BINGO CARABOBO;1552;7;3;12;14;4;20;27;19;30;17;35;38;36;34;53;49;48;54;58;67;69;71;68;62
BINGO CARABOBO;1553;6;2;11;9;1;16;28;23;26;22;31;43;42;39;57;47;55;46;51;65;74;64;72;66
BINGO CARABOBO;1554;15;5;10;13;8;18;21;29;25;24;40;45;44;32;60;52;50;59;56;63;73;75;70;61
BINGO CARABOBO;1555;9;4;2;11;6;25;24;16;23;17;40;44;33;39;47;51;54;48;59;73;62;61;68;69
BINGO CARABOBO;1556;8;7;5;10;12;20;22;28;30;27;31;36;38;41;60;53;50;57;52;74;63;65;71;70
BINGO CARABOBO;1557;14;3;13;1;15;21;19;29;26;18;43;42;45;37;58;49;55;56;46;67;66;72;64;75
BINGO CARABOBO;1558;11;14;10;6;7;24;27;29;21;28;33;36;37;40;54;59;47;57;51;71;65;66;70;61
BINGO CARABOBO;1559;8;15;4;5;9;26;19;23;16;22;43;34;41;42;49;50;52;58;53;69;63;64;73;68
BINGO CARABOBO;1560;1;12;13;2;3;25;17;20;18;30;45;44;31;35;55;56;60;46;48;67;62;75;72;74
BINGO CARABOBO;1561;4;3;13;14;11;25;28;26;20;17;42;35;33;36;58;59;51;47;50;73;69;72;62;64
BINGO CARABOBO;1562;15;2;9;1;8;19;22;18;23;27;32;37;43;40;52;53;49;48;57;63;74;66;71;65
BINGO CARABOBO;1563;5;7;10;12;6;29;24;21;30;16;41;34;45;44;54;60;56;55;46;68;61;70;67;75
BINGO CARABOBO;1564;13;5;1;15;12;26;29;18;20;19;43;42;40;41;50;60;46;52;58;65;74;70;66;62
BINGO CARABOBO;1565;3;4;9;7;11;25;30;21;24;16;35;38;37;39;57;48;56;49;53;69;63;67;64;75
BINGO CARABOBO;1566;14;10;2;6;8;22;17;27;28;23;36;31;44;32;51;59;54;55;47;72;68;71;61;73
BINGO CARABOBO;1567;7;11;14;3;9;28;22;24;23;30;42;34;35;45;54;47;56;57;49;72;66;69;63;62
BINGO CARABOBO;1568;6;10;1;13;5;29;20;21;25;27;40;39;31;32;53;48;55;59;51;67;70;74;75;73
BINGO CARABOBO;1569;8;2;12;15;4;17;19;26;18;16;36;41;33;43;50;58;52;60;46;64;68;65;71;61
BINGO CARABOBO;1570;10;14;4;7;3;28;18;29;27;24;40;36;45;44;52;50;55;60;51;74;69;62;66;75
BINGO CARABOBO;1571;11;9;8;12;2;23;19;25;22;30;37;39;33;32;47;49;53;54;48;63;67;70;72;65
BINGO CARABOBO;1572;13;15;1;5;6;21;16;20;17;26;41;35;43;31;57;58;59;56;46;64;68;61;71;73
BINGO CARABOBO;1573;6;8;2;9;4;21;18;28;24;25;33;35;44;42;58;49;55;57;60;68;63;71;66;64
BINGO CARABOBO;1574;15;1;3;13;7;19;26;22;29;17;40;45;36;39;56;50;53;59;48;67;65;70;72;73
BINGO CARABOBO;1575;12;5;14;10;11;16;23;27;20;30;32;37;43;31;46;47;52;51;54;74;69;62;61;75
BINGO CARABOBO;1576;10;2;11;9;1;27;20;29;19;17;44;41;36;33;54;50;59;47;48;68;65;64;69;66
BINGO CARABOBO;1577;3;4;7;8;14;18;24;16;26;25;38;42;35;40;46;51;55;56;58;74;70;61;67;75
BINGO CARABOBO;1578;12;6;15;5;13;28;23;21;30;22;34;37;32;39;57;60;53;49;52;73;63;62;72;71
BINGO CARABOBO;1579;11;3;10;13;1;25;17;29;19;26;32;40;33;35;60;58;48;57;51;72;75;68;67;64
BINGO CARABOBO;1580;8;14;6;12;4;24;27;18;21;22;45;38;39;36;49;55;47;56;53;73;66;69;71;63
BINGO CARABOBO;1581;5;9;15;7;2;23;28;16;30;20;44;41;34;31;50;46;59;54;52;70;62;65;61;74
BINGO CARABOBO;1582;8;7;4;11;9;23;21;16;25;28;37;34;45;39;60;50;47;52;55;69;65;66;73;64
BINGO CARABOBO;1583;14;6;2;5;3;22;24;29;30;26;32;40;31;42;58;53;49;46;51;63;61;70;68;74
BINGO CARABOBO;1584;12;13;10;1;15;20;19;18;27;17;36;33;35;43;57;48;56;59;54;67;72;71;75;62
BINGO CARABOBO;1585;14;3;8;15;4;19;18;20;21;28;44;42;38;37;56;54;47;57;48;73;66;65;68;72
BINGO CARABOBO;1586;6;5;11;1;9;26;22;29;17;16;33;40;31;34;50;52;58;51;53;62;69;64;67;74
BINGO CARABOBO;1587;13;7;2;10;12;24;25;27;23;30;32;36;45;41;49;59;55;60;46;71;70;63;61;75
BINGO CARABOBO;1588;12;13;9;3;11;20;21;17;25;28;38;45;36;39;48;50;56;52;54;74;73;67;69;75
BINGO CARABOBO;1589;14;8;10;4;5;26;19;30;16;27;42;31;32;37;57;53;58;60;47;62;66;63;61;64
BINGO CARABOBO;1590;6;2;7;1;15;23;22;24;29;18;41;34;44;33;55;59;46;49;51;72;65;70;71;68
BINGO CARABOBO;1591;6;13;12;2;7;26;29;17;20;21;42;38;34;41;53;55;47;56;49;75;70;67;69;63
BINGO CARABOBO;1592;8;5;14;11;4;30;28;22;23;25;43;33;31;35;59;52;54;60;46;71;73;62;64;65
BINGO CARABOBO;1593;3;15;9;1;10;18;24;19;27;16;32;40;39;45;57;50;58;51;48;74;66;61;72;68
BINGO CARABOBO;1594;3;14;11;8;5;24;28;22;25;23;43;36;32;34;46;49;55;53;54;66;69;73;68;62
BINGO CARABOBO;1595;9;15;7;10;12;19;18;17;26;21;38;39;45;42;50;48;59;56;58;63;70;67;71;74
BINGO CARABOBO;1596;4;1;6;13;2;29;20;27;30;16;31;35;41;33;57;60;52;47;51;75;64;65;61;72
BINGO CARABOBO;1597;13;4;5;11;6;30;28;25;26;29;33;35;34;36;47;49;59;56;50;73;62;69;68;61
BINGO CARABOBO;1598;10;14;12;3;9;19;22;27;21;23;39;40;41;44;53;52;60;54;55;71;74;65;70;66
BINGO CARABOBO;1599;1;15;2;7;8;20;18;16;17;24;45;31;43;32;51;58;46;48;57;75;67;63;72;64
BINGO CARABOBO;1600;11;2;12;4;13;27;21;28;22;23;44;33;39;36;48;54;57;59;53;64;67;63;62;74
BINGO CARABOBO;1601;1;5;8;10;15;29;18;16;25;24;34;32;41;45;60;55;52;47;50;73;72;66;75;61
BINGO CARABOBO;1602;6;7;9;14;3;30;26;20;19;17;38;37;43;42;51;46;56;49;58;68;65;70;71;69
BINGO CARABOBO;1603;9;8;3;11;4;28;27;23;21;18;43;41;42;39;47;49;53;48;51;64;67;74;63;70
BINGO CARABOBO;1604;13;1;10;5;12;26;19;29;24;25;35;32;31;45;57;54;55;50;46;71;73;61;72;66
BINGO CARABOBO;1605;14;6;15;7;2;22;20;16;30;17;40;38;44;36;60;56;59;52;58;69;68;75;62;65
BINGO CARABOBO;1606;13;6;9;1;2;21;27;17;20;16;33;34;39;32;46;57;49;47;59;63;68;70;72;74
BINGO CARABOBO;1607;4;12;10;11;5;26;25;18;24;28;43;38;37;44;50;53;56;54;51;67;71;69;66;73
BINGO CARABOBO;1608;7;3;14;8;15;29;19;23;30;22;35;41;45;31;55;60;52;58;48;61;64;65;75;62
BINGO CARABOBO;1609;11;15;6;7;4;27;24;19;26;23;37;34;41;36;48;60;54;53;49;74;62;67;72;71
BINGO CARABOBO;1610;12;1;13;9;8;18;20;25;22;29;45;33;38;43;56;47;50;59;55;63;73;70;69;66
BINGO CARABOBO;1611;5;14;3;10;2;21;30;16;28;17;32;40;44;39;52;51;57;46;58;64;68;65;61;75
BINGO CARABOBO;1612;8;4;9;12;13;22;27;29;24;17;42;33;41;32;47;59;52;48;58;73;67;65;71;62
BINGO CARABOBO;1613;10;2;14;7;6;28;18;16;30;23;40;43;37;38;60;57;51;50;54;72;61;64;68;69
BINGO CARABOBO;1614;11;15;3;5;1;25;21;20;26;19;36;35;31;44;56;46;55;49;53;66;63;75;70;74
BINGO CARABOBO;1615;13;2;14;4;12;23;21;25;24;29;38;34;36;42;51;48;56;58;55;71;66;74;65;64
BINGO CARABOBO;1616;7;11;8;6;5;18;19;16;20;17;40;41;39;37;57;50;52;59;49;72;67;70;68;69
BINGO CARABOBO;1617;10;9;1;3;15;22;27;28;26;30;31;44;33;35;53;54;47;60;46;73;62;63;61;75
BINGO CARABOBO;1618;9;15;5;12;8;30;24;28;17;23;36;35;41;42;49;48;58;59;52;70;73;71;61;69
BINGO CARABOBO;1619;7;11;6;13;2;21;16;19;20;22;37;45;31;43;57;51;54;55;47;63;72;75;62;74
BINGO CARABOBO;1620;14;1;4;3;10;25;27;29;26;18;38;34;33;39;56;50;60;46;53;65;68;64;66;67
BINGO CARABOBO;1621;5;12;9;3;4;17;19;21;25;18;42;33;40;43;53;60;50;52;49;70;69;61;63;65
BINGO CARABOBO;1622;13;14;6;7;2;16;28;26;27;23;32;39;37;36;47;46;55;54;51;72;73;66;68;67
BINGO CARABOBO;1623;10;8;11;1;15;30;22;29;24;20;38;35;41;34;59;48;56;57;58;71;75;74;64;62
BINGO CARABOBO;1624;4;5;11;12;8;28;21;17;29;25;42;37;35;39;53;54;51;56;57;62;75;71;72;61
BINGO CARABOBO;1625;3;7;14;9;2;16;27;24;22;26;34;36;41;38;60;52;50;47;49;63;73;64;69;68
BINGO CARABOBO;1626;10;6;13;1;15;20;19;18;30;23;33;32;45;43;48;58;46;55;59;70;66;67;65;74
BINGO CARABOBO;1627;8;1;13;5;10;23;18;29;22;27;42;41;34;39;58;59;51;56;57;65;68;69;73;62
BINGO CARABOBO;1628;7;4;14;15;6;26;25;20;24;19;37;35;45;32;46;55;50;52;53;63;75;67;64;61
BINGO CARABOBO;1629;3;9;11;12;2;21;30;17;28;16;36;33;31;44;60;47;49;54;48;72;70;71;74;66
BINGO CARABOBO;1630;5;10;8;2;7;28;21;24;29;19;43;31;35;42;58;53;55;56;47;67;63;68;65;62
BINGO CARABOBO;1631;6;9;14;15;3;17;23;20;22;25;44;38;41;32;52;54;51;49;50;69;75;72;71;66
BINGO CARABOBO;1632;12;1;11;4;13;26;27;18;30;16;40;34;37;33;48;59;46;60;57;64;74;61;70;73
BINGO CARABOBO;1633;12;13;5;9;11;29;18;19;24;25;41;38;36;45;50;58;59;53;52;71;63;66;69;64
BINGO CARABOBO;1634;7;6;4;10;8;27;17;26;21;16;40;39;33;42;48;55;51;47;54;70;65;67;74;72
BINGO CARABOBO;1635;2;15;3;14;1;28;23;20;22;30;34;44;32;31;56;49;46;57;60;68;62;73;75;61
BINGO CARABOBO;1636;4;11;12;9;14;28;18;17;27;22;42;43;44;36;48;52;47;58;56;66;62;63;69;74
BINGO CARABOBO;1637;13;2;7;6;10;24;25;21;26;19;39;45;34;35;49;50;55;51;57;67;64;68;71;73
BINGO CARABOBO;1638;15;5;8;1;3;23;29;20;30;16;40;33;41;31;53;54;59;46;60;61;70;65;72;75
BINGO CARABOBO;1639;9;3;4;12;2;17;25;28;27;18;35;37;34;45;58;50;57;46;59;69;70;72;63;62
BINGO CARABOBO;1640;6;14;10;5;8;24;26;22;16;20;33;42;32;39;54;51;56;52;53;64;65;73;74;66
BINGO CARABOBO;1641;7;11;13;15;1;19;29;23;21;30;40;31;38;44;55;49;60;47;48;67;61;71;75;68
BINGO CARABOBO;1642;9;13;7;10;12;22;24;19;26;23;45;36;40;44;57;46;50;51;56;64;72;71;69;68
BINGO CARABOBO;1643;6;1;15;4;2;18;25;28;20;21;34;42;38;31;55;59;49;60;52;73;65;63;66;75
BINGO CARABOBO;1644;3;14;8;11;5;16;17;27;29;30;43;35;37;39;54;53;58;47;48;61;74;62;67;70
BINGO CARABOBO;1645;14;5;13;6;2;26;19;25;28;17;34;32;42;39;60;50;55;53;57;62;66;67;69;72
BINGO CARABOBO;1646;1;11;4;15;10;27;22;20;21;29;43;44;37;38;51;54;52;49;56;64;70;65;75;71
BINGO CARABOBO;1647;8;9;7;3;12;23;18;24;30;16;41;45;31;35;47;46;48;59;58;73;63;74;68;61
BINGO CARABOBO;1648;5;11;15;3;13;19;17;28;27;20;45;43;38;32;57;51;60;48;49;63;71;72;62;74
BINGO CARABOBO;1649;7;10;9;4;12;24;18;29;26;30;36;39;35;31;53;54;55;50;58;68;73;65;66;70
BINGO CARABOBO;1650;2;14;1;6;8;21;23;25;22;16;34;40;42;44;47;59;52;46;56;64;67;75;61;69
BINGO CARABOBO;1651;8;13;4;12;14;22;24;25;27;17;42;40;45;32;53;52;47;59;56;62;69;74;68;70
BINGO CARABOBO;1652;10;2;5;11;6;16;18;20;28;19;35;38;44;37;54;50;55;58;49;75;64;72;71;66
BINGO CARABOBO;1653;7;9;3;15;1;23;26;29;30;21;33;36;39;41;48;46;51;60;57;61;73;65;67;63
BINGO CARABOBO;1654;13;11;14;4;5;22;19;28;25;24;35;32;33;42;51;46;55;60;49;63;69;75;66;68
BINGO CARABOBO;1655;9;8;12;3;10;26;29;21;20;16;37;36;38;34;53;47;52;48;54;67;71;72;74;70
BINGO CARABOBO;1656;6;7;2;15;1;27;18;30;17;23;31;43;41;40;50;59;58;57;56;65;61;62;64;73
BINGO CARABOBO;1657;12;3;8;13;10;18;19;23;24;20;33;36;45;34;60;49;47;53;52;64;62;75;69;68
BINGO CARABOBO;1658;6;1;5;4;11;30;25;27;22;17;43;37;40;35;50;56;48;58;57;63;70;71;72;66
BINGO CARABOBO;1659;14;7;2;9;15;28;29;21;26;16;44;32;31;38;46;55;59;51;54;61;67;73;74;65
BINGO CARABOBO;1660;4;6;8;14;3;30;21;28;27;18;36;42;39;33;53;56;58;59;46;63;64;62;66;74
BINGO CARABOBO;1661;5;9;10;11;7;17;20;24;16;19;37;34;35;31;51;50;60;54;49;75;70;72;67;68
BINGO CARABOBO;1662;2;13;12;1;15;25;26;29;22;23;44;45;43;40;48;55;57;52;47;71;65;69;61;73
BINGO CARABOBO;1663;3;11;9;4;15;29;18;28;20;27;37;38;41;45;59;47;51;58;56;73;74;63;69;64
BINGO CARABOBO;1664;6;5;8;12;13;25;17;21;16;19;34;42;44;33;57;60;46;54;52;71;67;66;62;68
BINGO CARABOBO;1665;7;10;2;1;14;30;23;22;26;24;31;39;35;32;53;49;55;48;50;65;61;72;75;70
BINGO CARABOBO;1666;3;14;2;10;4;25;20;27;17;23;40;45;41;32;50;53;52;57;59;64;68;71;62;72
BINGO CARABOBO;1667;6;9;5;11;7;24;22;28;26;16;43;39;37;36;60;56;54;46;58;67;63;73;65;61
BINGO CARABOBO;1668;8;13;12;1;15;21;30;18;19;29;38;44;42;31;49;48;47;55;51;70;69;74;66;75
BINGO CARABOBO;1669;4;3;8;6;11;29;17;24;25;19;37;44;32;40;54;53;59;51;52;68;63;70;74;66
BINGO CARABOBO;1670;9;14;5;13;10;20;28;18;22;23;42;41;34;35;57;56;49;50;46;73;61;72;65;67
BINGO CARABOBO;1671;7;12;1;2;15;27;21;26;16;30;38;31;36;45;47;55;58;60;48;71;69;64;75;62
BINGO CARABOBO;1672;14;4;8;10;9;27;24;25;23;28;37;44;36;32;56;58;47;53;59;64;67;69;66;71
BINGO CARABOBO;1673;12;3;2;5;6;21;22;29;17;16;35;42;34;41;52;51;57;46;55;74;65;72;73;70
BINGO CARABOBO;1674;13;15;1;7;11;18;20;19;26;30;43;33;31;45;54;60;48;49;50;62;75;63;68;61
BINGO CARABOBO;1675;5;10;12;1;9;29;16;17;27;21;35;36;41;33;52;58;57;49;47;71;65;74;63;69
BINGO CARABOBO;1676;8;7;6;11;3;28;22;18;30;25;40;43;42;34;54;56;53;59;55;75;72;67;62;66
BINGO CARABOBO;1677;2;13;14;4;15;23;20;19;24;26;37;38;39;31;46;50;51;60;48;68;64;70;61;73
BINGO CARABOBO;1678;2;4;7;8;11;18;20;23;26;16;36;42;38;37;53;50;54;59;57;68;70;75;62;65
BINGO CARABOBO;1679;12;13;10;5;9;21;30;25;19;27;41;40;39;45;49;48;60;51;52;72;61;63;67;69
BINGO CARABOBO;1680;3;1;14;15;6;29;24;17;28;22;43;35;32;33;55;47;58;56;46;71;66;64;73;74
BINGO CARABOBO;1681;12;7;8;13;5;30;20;28;21;25;38;41;35;37;49;58;55;56;54;73;66;72;67;65
BINGO CARABOBO;1682;6;10;9;3;11;17;24;19;18;26;39;42;34;45;48;59;46;50;52;68;63;71;64;62
BINGO CARABOBO;1683;2;1;14;4;15;22;27;23;29;16;32;44;33;36;60;57;47;53;51;70;74;69;61;75
BINGO CARABOBO;1684;2;9;11;14;3;21;16;25;27;24;41;42;35;32;57;48;49;50;46;73;68;67;63;74
BINGO CARABOBO;1685;7;4;8;13;1;28;18;19;23;26;43;39;37;40;55;51;56;53;52;66;72;62;65;75
BINGO CARABOBO;1686;12;10;6;15;5;29;20;17;30;22;36;34;31;45;60;54;47;59;58;64;61;70;69;71
BINGO CARABOBO;1687;1;6;11;9;15;28;25;19;23;29;32;34;44;43;49;56;57;46;50;72;73;66;71;61
BINGO CARABOBO;1688;10;3;4;2;7;20;24;21;18;22;35;42;39;36;54;51;47;58;52;74;69;68;63;65
BINGO CARABOBO;1689;13;5;12;8;14;26;27;17;30;16;37;33;40;38;59;55;48;60;53;75;67;64;70;62
BINGO CARABOBO;1690;8;2;13;1;9;17;24;25;16;19;35;45;42;33;57;50;55;49;54;73;71;61;65;69
BINGO CARABOBO;1691;12;6;7;15;5;21;29;18;20;23;40;43;31;38;60;52;58;47;46;70;68;74;64;63
BINGO CARABOBO;1692;10;11;4;14;3;26;27;22;28;30;44;36;39;34;56;51;59;53;48;67;72;62;66;75
BINGO CARABOBO;1693;7;4;13;10;11;16;28;20;27;22;32;35;44;39;59;50;46;49;52;70;65;73;63;67
BINGO CARABOBO;1694;9;2;14;1;3;26;23;19;25;21;33;38;40;43;56;58;51;48;55;62;72;74;71;69
BINGO CARABOBO;1695;8;15;12;5;6;18;24;29;17;30;31;41;37;36;54;57;47;60;53;68;66;64;75;61
BINGO CARABOBO;1696;9;5;10;2;4;18;22;23;24;19;35;44;32;31;58;47;59;52;56;69;73;61;70;72
BINGO CARABOBO;1697;1;8;15;12;6;29;21;28;16;20;38;43;37;34;46;53;57;49;60;68;75;62;66;65
BINGO CARABOBO;1698;7;14;11;3;13;30;25;27;17;26;45;33;42;39;51;54;50;55;48;71;63;74;67;64
BINGO CARABOBO;1699;15;12;5;7;13;30;25;26;18;24;31;36;38;40;60;58;57;51;56;73;70;66;67;68
BINGO CARABOBO;1700;2;8;10;6;3;29;23;17;16;28;33;42;37;44;46;48;54;59;55;74;64;65;72;69
BINGO CARABOBO;1701;1;11;9;4;14;20;22;21;19;27;34;39;32;45;49;50;52;47;53;62;71;61;63;75
BINGO CARABOBO;1702;13;3;10;7;2;18;21;26;29;19;41;44;40;38;57;56;53;47;54;62;73;72;65;68
BINGO CARABOBO;1703;9;14;5;12;1;23;25;24;28;17;39;43;36;37;55;52;49;46;51;63;71;61;70;64
BINGO CARABOBO;1704;11;6;15;4;8;16;27;22;20;30;35;31;45;32;50;48;58;59;60;67;74;69;66;75
BINGO CARABOBO;1705;5;3;10;6;4;29;24;19;21;26;43;35;38;39;58;48;51;59;57;67;63;62;75;66
BINGO CARABOBO;1706;7;2;11;13;12;28;23;18;17;20;40;44;42;36;54;50;56;49;60;65;71;70;74;64
BINGO CARABOBO;1707;1;8;9;15;14;16;25;30;22;27;32;31;37;41;47;55;46;53;52;73;68;69;72;61
BINGO CARABOBO;1708;4;7;9;6;15;19;29;26;28;22;34;44;42;43;53;49;60;59;52;61;67;70;75;72
BINGO CARABOBO;1709;3;1;10;13;11;17;18;23;24;21;32;37;45;38;57;47;46;51;50;73;65;66;74;64
BINGO CARABOBO;1710;8;2;5;12;14;20;27;16;30;25;36;41;31;39;56;48;55;58;54;62;68;69;71;63
BINGO CARABOBO;1711;12;15;13;11;10;24;28;26;20;30;42;44;39;37;46;50;52;49;54;67;72;74;70;64
BINGO CARABOBO;1712;4;6;2;8;14;16;27;21;22;25;32;38;35;41;58;55;56;57;59;63;71;69;73;66
BINGO CARABOBO;1713;7;3;1;5;9;29;19;23;17;18;31;45;40;34;48;47;53;60;51;68;65;62;61;75
BINGO CARABOBO;1714;6;2;4;14;8;22;21;18;19;27;42;32;37;33;59;53;57;50;52;69;63;71;67;72
BINGO CARABOBO;1715;15;9;7;3;12;29;16;25;30;26;35;38;40;34;56;60;54;48;55;73;70;66;65;62
BINGO CARABOBO;1716;11;10;5;13;1;24;28;17;23;20;39;43;41;31;58;51;49;47;46;74;64;61;68;75
BINGO CARABOBO;1717;13;9;12;2;4;27;19;30;28;22;45;43;36;34;60;47;56;53;55;67;65;66;63;72
BINGO CARABOBO;1718;5;14;10;3;8;25;24;17;21;16;35;39;37;40;50;59;58;49;48;73;61;68;71;74
BINGO CARABOBO;1719;11;1;7;15;6;20;18;23;26;29;38;32;41;31;51;52;54;57;46;69;64;75;62;70
BINGO CARABOBO;1720;11;6;3;14;13;26;29;21;24;17;36;45;33;34;51;57;47;59;53;68;75;63;66;73
BINGO CARABOBO;1721;7;12;1;15;4;28;30;20;19;22;35;40;43;38;49;50;55;48;52;64;71;65;70;62
BINGO CARABOBO;1722;5;9;2;10;8;18;27;23;16;25;41;31;37;44;56;46;60;54;58;61;69;67;72;74
BINGO CARABOBO;1723;5;14;3;6;2;19;21;26;17;28;39;43;41;37;51;47;48;57;56;68;65;71;69;75
BINGO CARABOBO;1724;8;11;9;10;12;23;27;29;25;24;31;36;32;44;50;53;55;58;60;70;73;74;63;66
BINGO CARABOBO;1725;13;1;4;15;7;20;22;30;16;18;45;35;42;38;52;49;54;59;46;72;67;61;62;64
BINGO CARABOBO;1726;13;6;15;10;5;27;29;22;25;20;31;42;43;32;56;57;49;60;58;69;75;74;68;71
BINGO CARABOBO;1727;7;11;14;8;3;26;24;28;21;17;34;35;40;36;54;52;51;59;48;67;63;66;72;62
BINGO CARABOBO;1728;2;4;1;9;12;23;18;30;19;16;38;41;45;37;53;55;50;46;47;65;64;61;73;70
BINGO CARABOBO;1729;11;10;13;6;4;22;18;21;23;28;34;42;41;37;51;50;54;58;47;70;67;75;63;64
BINGO CARABOBO;1730;7;8;12;9;15;20;25;27;29;17;44;35;32;31;55;49;48;57;53;62;65;71;72;73
BINGO CARABOBO;1731;1;2;14;3;5;30;24;19;26;16;38;39;33;43;60;59;52;56;46;68;69;61;66;74
BINGO CARABOBO;1732;8;5;12;2;13;22;23;30;17;20;33;39;37;40;52;54;56;46;51;73;72;62;74;75
BINGO CARABOBO;1733;9;4;6;11;3;28;19;27;21;25;38;42;32;36;49;58;57;53;55;69;64;70;65;63
BINGO CARABOBO;1734;10;14;7;1;15;16;26;29;18;24;41;43;35;31;59;48;60;47;50;71;67;66;61;68
BINGO CARABOBO;1735;3;7;15;14;10;23;22;19;26;24;36;43;45;34;48;46;55;50;57;69;67;64;62;66
BINGO CARABOBO;1736;9;4;6;8;1;30;25;28;18;20;42;38;44;39;52;56;58;59;53;70;63;65;74;72
BINGO CARABOBO;1737;5;12;2;13;11;21;27;29;16;17;32;33;31;40;47;54;49;60;51;61;73;75;68;71
BINGO CARABOBO;1738;14;10;11;9;6;21;17;24;23;26;31;33;40;36;59;56;48;57;55;64;70;63;72;61
BINGO CARABOBO;1739;4;3;13;8;2;28;27;19;22;29;34;37;45;44;49;54;58;46;50;73;74;66;71;62
BINGO CARABOBO;1740;7;1;5;12;15;18;25;20;16;30;35;39;32;42;52;60;51;47;53;75;67;68;65;69
BINGO CARABOBO;1741;12;8;7;10;15;19;21;17;26;28;34;33;39;43;57;49;48;56;59;64;74;65;75;63
BINGO CARABOBO;1742;3;11;6;9;5;27;25;29;24;30;40;36;45;41;47;54;60;53;51;67;62;69;71;68
BINGO CARABOBO;1743;4;1;2;14;13;16;22;23;20;18;35;37;42;32;55;50;58;52;46;70;72;73;61;66
BINGO CARABOBO;1744;10;11;4;6;12;17;25;24;28;23;43;32;45;37;53;52;51;50;47;64;68;74;75;67
BINGO CARABOBO;1745;14;8;3;2;13;26;21;20;30;22;33;34;42;31;46;55;49;56;57;71;65;69;72;61
BINGO CARABOBO;1746;9;15;5;7;1;19;16;29;18;27;39;44;41;35;54;59;60;58;48;70;63;66;62;73
BINGO CARABOBO;1747;1;11;9;4;12;24;21;27;23;28;36;41;39;31;57;58;47;53;52;69;71;72;62;64
BINGO CARABOBO;1748;5;14;6;7;10;17;19;29;26;22;34;33;40;38;55;51;50;46;49;74;70;73;65;67
BINGO CARABOBO;1749;8;15;3;13;2;18;30;20;25;16;44;35;45;42;56;60;54;48;59;66;75;68;61;63
BINGO CARABOBO;1750;12;2;14;8;4;24;21;22;29;23;34;41;37;40;52;60;48;58;54;63;64;66;62;70
BINGO CARABOBO;1751;5;10;3;6;9;28;25;20;17;26;45;33;35;42;57;56;55;53;49;73;71;67;74;75
BINGO CARABOBO;1752;15;7;11;1;13;27;19;30;18;16;44;43;31;36;50;51;47;59;46;69;65;68;72;61
BINGO CARABOBO;1753;2;5;12;11;4;24;29;22;28;23;41;34;44;31;49;54;47;48;46;71;68;73;66;62
BINGO CARABOBO;1754;7;10;3;9;1;19;20;18;25;27;38;45;36;37;58;57;55;51;56;63;74;72;65;69
BINGO CARABOBO;1755;13;14;6;15;8;16;21;17;26;30;33;39;32;43;52;53;60;59;50;70;64;67;61;75
BINGO CARABOBO;1756;14;4;7;6;3;21;22;25;29;24;35;37;45;33;51;50;47;49;60;71;65;70;73;74
BINGO CARABOBO;1757;12;10;2;11;15;17;20;16;19;26;41;34;36;38;57;59;48;56;55;66;62;63;75;67
BINGO CARABOBO;1758;1;13;5;9;8;27;23;30;28;18;39;31;40;44;53;52;54;46;58;64;69;61;72;68
BINGO CARABOBO;1759;3;6;8;11;9;24;25;28;27;23;44;36;38;33;58;51;59;57;52;66;72;64;61;74
BINGO CARABOBO;1760;10;13;14;12;4;26;20;18;21;16;42;43;39;41;46;50;48;49;53;63;69;65;71;68
BINGO CARABOBO;1761;5;15;2;7;1;19;29;30;17;22;31;35;37;45;55;60;54;47;56;70;75;73;62;67
BINGO CARABOBO;1762;1;7;9;11;6;21;26;25;27;23;33;42;39;44;50;48;56;52;58;70;68;62;69;64
BINGO CARABOBO;1763;2;14;13;12;10;20;28;24;18;30;37;40;35;41;53;47;51;49;55;66;72;74;67;63
BINGO CARABOBO;1764;4;5;8;3;15;29;17;22;19;16;34;38;45;36;59;60;46;54;57;61;65;71;73;75
BINGO CARABOBO;1765;4;6;10;2;3;27;24;28;17;20;37;38;39;35;51;57;49;53;59;72;71;65;61;74
BINGO CARABOBO;1766;14;11;12;8;15;29;26;23;22;18;33;41;45;36;52;46;50;60;47;75;67;62;70;64
BINGO CARABOBO;1767;7;1;5;13;9;19;21;16;25;30;43;44;31;32;55;56;54;58;48;66;68;63;69;73
BINGO CARABOBO;1768;5;14;12;8;13;26;29;23;28;22;42;41;35;38;52;49;58;59;57;65;63;70;73;71
BINGO CARABOBO;1769;10;6;9;15;4;24;17;27;25;21;44;43;36;34;56;46;54;51;53;66;75;61;62;69
BINGO CARABOBO;1770;7;3;2;1;11;19;18;30;16;20;37;39;31;40;55;60;50;47;48;72;74;64;67;68
BINGO CARABOBO;1771;4;15;7;13;11;20;26;17;24;21;44;38;31;34;56;55;59;46;48;69;70;64;67;75
BINGO CARABOBO;1772;5;6;10;8;3;19;25;29;16;27;42;37;39;36;58;51;53;50;49;66;73;62;65;72
BINGO CARABOBO;1773;14;2;9;12;1;23;28;22;18;30;41;32;45;33;57;54;52;47;60;63;71;61;74;68
BINGO CARABOBO;1774;8;11;9;5;1;22;28;26;30;16;41;42;34;39;46;52;50;60;49;73;66;70;74;68
BINGO CARABOBO;1775;7;3;6;10;4;24;25;18;19;17;38;45;40;35;54;48;53;47;51;67;65;71;69;62
BINGO CARABOBO;1776;13;15;2;12;14;23;21;27;20;29;33;31;43;32;55;57;58;59;56;63;64;72;75;61
BINGO CARABOBO;1777;2;5;11;10;13;25;17;16;19;28;35;44;37;33;47;51;46;56;48;61;63;75;65;66
BINGO CARABOBO;1778;9;6;14;3;12;24;27;21;29;20;32;43;42;31;57;58;52;50;53;69;73;68;70;72
BINGO CARABOBO;1779;8;4;7;1;15;23;26;22;18;30;41;39;34;45;55;59;54;49;60;71;62;67;74;64
BINGO CARABOBO;1780;8;5;10;3;9;27;28;23;17;20;32;42;45;36;56;47;53;59;50;67;68;64;71;72
BINGO CARABOBO;1781;7;11;6;2;1;19;29;30;16;22;33;40;39;34;49;46;52;57;58;65;62;73;74;70
BINGO CARABOBO;1782;14;12;13;4;15;26;25;18;21;24;37;43;41;44;55;51;54;48;60;69;75;63;61;66
BINGO CARABOBO;1783;6;9;8;12;13;20;24;22;17;21;44;35;37;41;48;51;57;55;49;68;63;65;67;72
BINGO CARABOBO;1784;14;7;2;5;11;28;27;19;25;18;36;43;32;33;50;58;59;52;47;64;62;70;73;71
BINGO CARABOBO;1785;4;1;3;15;10;29;16;26;23;30;34;38;42;31;60;54;53;46;56;69;75;66;61;74
BINGO CARABOBO;1786;11;7;13;2;14;17;26;19;23;27;36;41;33;32;50;52;53;51;54;61;69;68;64;63
BINGO CARABOBO;1787;3;5;15;4;10;22;21;20;25;28;37;43;35;39;47;46;57;49;58;73;66;62;74;65
BINGO CARABOBO;1788;9;8;12;1;6;18;16;24;29;30;34;38;45;31;55;59;56;60;48;70;72;71;67;75
BINGO CARABOBO;1789;9;1;5;8;3;28;26;29;25;30;43;34;42;38;47;49;56;53;59;70;73;67;64;71
BINGO CARABOBO;1790;10;4;12;2;14;16;20;23;22;18;33;35;39;36;50;46;57;52;51;62;63;72;74;65
BINGO CARABOBO;1791;13;11;15;6;7;21;19;27;17;24;45;44;41;37;58;54;60;48;55;75;69;66;61;68
BINGO CARABOBO;1792;7;12;10;2;8;27;26;25;20;24;39;32;43;34;52;54;56;55;48;64;70;63;66;62
BINGO CARABOBO;1793;5;4;3;9;13;28;30;22;18;29;35;36;40;42;53;50;51;59;46;69;72;61;73;74
BINGO CARABOBO;1794;15;6;1;11;14;23;21;19;16;17;37;45;41;31;49;58;47;60;57;75;68;65;67;71
BINGO CARABOBO;1795;13;5;8;14;11;19;21;29;17;25;38;32;34;37;48;53;60;52;57;69;71;67;66;73
BINGO CARABOBO;1796;4;6;15;1;7;28;24;23;27;22;35;40;36;33;59;55;47;46;50;74;61;65;62;72
BINGO CARABOBO;1797;2;10;9;3;12;26;30;18;16;20;45;44;39;42;51;56;54;58;49;63;64;70;75;68
BINGO CARABOBO;1798;8;3;15;13;12;23;19;27;20;29;38;32;34;37;53;58;50;51;49;62;74;65;64;73
BINGO CARABOBO;1799;6;2;1;4;10;28;16;22;18;17;33;36;39;42;60;46;52;56;55;68;70;69;67;72
BINGO CARABOBO;1800;5;11;9;14;7;24;25;21;26;30;40;45;35;41;57;59;54;47;48;66;75;61;71;63
BINGO CARABOBO;1801;12;3;2;4;14;29;25;30;23;20;32;44;42;34;58;55;49;50;59;61;64;74;70;69
BINGO CARABOBO;1802;7;5;15;10;6;27;18;24;17;26;39;33;40;31;48;51;53;52;54;73;72;75;68;63
BINGO CARABOBO;1803;8;13;9;1;11;19;28;22;16;21;37;38;41;36;56;47;57;46;60;66;65;62;67;71
BINGO CARABOBO;1804;9;1;3;7;6;17;28;21;26;29;35;38;40;31;46;60;47;56;58;71;70;67;64;62
BINGO CARABOBO;1805;14;4;2;5;12;25;18;24;19;22;42;34;43;44;57;50;49;51;53;74;69;73;63;72
BINGO CARABOBO;1806;15;8;11;13;10;23;27;20;30;16;36;39;32;45;52;54;48;59;55;68;65;66;75;61
BINGO CARABOBO;1807;7;1;6;8;13;19;18;21;25;24;40;36;41;39;59;55;48;56;50;61;72;71;64;66
BINGO CARABOBO;1808;3;10;5;4;2;29;22;26;16;27;38;42;33;35;60;54;52;49;47;69;65;70;63;67
BINGO CARABOBO;1809;12;11;14;9;15;20;23;17;28;30;44;37;45;32;46;53;57;51;58;74;73;75;68;62
BINGO CARABOBO;1810;3;9;14;6;7;16;22;19;25;24;44;42;34;35;57;46;51;55;58;62;65;64;69;68
BINGO CARABOBO;1811;5;1;2;10;13;20;28;29;30;26;45;38;33;43;53;60;50;49;56;73;67;74;63;61
BINGO CARABOBO;1812;12;4;11;8;15;27;21;18;17;23;39;40;36;31;52;54;48;59;47;70;72;75;66;71
BINGO CARABOBO;1813;3;9;7;8;10;21;23;25;18;22;44;34;43;32;52;58;55;47;54;74;63;65;68;62
BINGO CARABOBO;1814;2;12;13;14;6;20;27;28;26;24;31;40;33;35;57;53;59;51;49;70;67;75;61;71
BINGO CARABOBO;1815;4;5;11;1;15;16;29;19;17;30;39;41;36;37;48;50;56;46;60;72;73;64;69;66
BINGO CARABOBO;1816;14;13;11;12;7;19;27;25;20;17;44;33;39;32;59;60;57;47;51;71;73;68;63;65
BINGO CARABOBO;1817;8;10;2;6;5;23;28;24;26;30;40;43;42;41;50;48;49;53;56;64;66;72;69;67
BINGO CARABOBO;1818;3;1;4;9;15;21;22;18;16;29;38;45;35;36;52;58;46;55;54;70;61;74;62;75
BINGO CARABOBO;1819;7;8;3;11;4;25;21;17;24;30;35;34;32;39;56;46;51;57;48;64;68;67;72;73
BINGO CARABOBO;1820;13;6;5;10;15;19;28;23;27;22;33;45;38;42;53;50;59;60;58;69;65;74;62;75
BINGO CARABOBO;1821;12;9;14;2;1;26;18;16;20;29;44;43;36;40;55;54;49;52;47;70;63;66;71;61
BINGO CARABOBO;1822;4;9;12;8;13;28;27;16;29;19;42;44;34;41;55;53;56;58;50;63;65;70;67;68
BINGO CARABOBO;1823;7;3;11;2;5;18;24;30;21;20;43;37;39;31;52;54;59;57;60;72;69;62;71;66
BINGO CARABOBO;1824;14;6;10;1;15;22;25;26;17;23;38;33;45;32;49;47;48;46;51;64;75;61;73;74
BINGO CARABOBO;1825;14;8;1;5;12;20;25;28;16;17;37;35;34;39;59;53;47;46;56;63;66;71;64;61
BINGO CARABOBO;1826;6;9;4;11;3;21;26;24;19;22;31;33;43;32;52;57;54;50;55;72;65;69;73;68
BINGO CARABOBO;1827;13;7;10;2;15;29;27;18;23;30;38;42;44;45;58;60;51;49;48;67;62;74;70;75
BINGO CARABOBO;1828;8;11;3;2;6;27;23;25;21;19;37;39;35;43;59;57;53;49;56;63;68;67;73;64
BINGO CARABOBO;1829;10;12;15;14;4;18;17;20;22;26;34;44;36;32;48;52;55;50;54;71;72;70;74;75
BINGO CARABOBO;1830;7;5;9;1;13;24;28;30;16;29;31;45;33;41;47;46;58;51;60;66;61;62;65;69
BINGO CARABOBO;1831;3;12;2;7;11;25;19;22;23;27;34;36;41;32;52;59;50;54;53;67;66;70;61;74
BINGO CARABOBO;1832;4;15;13;6;9;28;26;21;18;24;37;31;38;42;57;56;47;51;60;68;69;62;65;72
BINGO CARABOBO;1833;8;5;10;14;1;20;16;17;29;30;44;35;40;33;55;49;48;58;46;63;75;71;73;64
BINGO CARABOBO;1834;9;11;3;4;7;17;27;26;18;25;36;41;42;32;58;47;52;55;57;66;75;73;62;63
BINGO CARABOBO;1835;14;2;5;13;15;24;30;28;21;20;39;38;40;45;59;51;56;54;49;64;67;69;70;72
BINGO CARABOBO;1836;12;8;1;10;6;29;23;19;22;16;35;31;44;33;48;60;46;50;53;65;68;71;61;74
BINGO CARABOBO;1837;1;8;15;14;12;17;18;21;24;29;43;38;44;40;52;54;50;53;48;73;63;65;66;62
BINGO CARABOBO;1838;7;4;10;6;3;22;28;23;30;19;45;33;37;39;58;56;57;55;59;70;61;71;68;67
BINGO CARABOBO;1839;9;11;5;2;13;27;25;20;16;26;42;32;31;35;49;47;51;60;46;72;74;69;64;75
BINGO CARABOBO;1840;13;8;7;3;14;26;24;29;27;19;34;32;44;36;47;55;49;53;52;66;74;61;65;70
BINGO CARABOBO;1841;6;12;1;5;15;23;17;21;20;25;40;45;38;33;57;58;56;54;46;62;67;75;71;69
BINGO CARABOBO;1842;10;4;9;2;11;28;30;22;18;16;37;35;31;43;50;48;60;59;51;63;64;72;68;73
BINGO CARABOBO;1843;10;11;9;3;6;20;18;29;16;24;35;36;43;44;47;57;51;52;58;66;73;63;72;68
BINGO CARABOBO;1844;4;8;7;14;2;23;28;30;22;26;31;40;37;41;50;59;48;46;55;71;65;64;69;67
BINGO CARABOBO;1845;13;12;5;15;1;27;21;19;17;25;39;42;45;32;60;53;54;56;49;74;62;75;61;70
BINGO CARABOBO;1846;11;9;13;3;6;20;17;27;24;25;33;44;43;38;48;47;55;57;52;72;64;73;62;74
BINGO CARABOBO;1847;8;10;2;12;7;23;18;28;16;21;42;39;40;37;60;51;58;50;56;70;61;66;67;71
BINGO CARABOBO;1848;1;4;14;15;5;26;19;30;22;29;32;41;31;45;59;53;49;46;54;69;75;65;68;63
BINGO CARABOBO;1849;15;8;10;1;3;25;20;24;27;29;38;41;35;31;55;53;51;57;56;71;73;70;65;62
BINGO CARABOBO;1850;13;7;6;9;5;26;18;19;28;22;43;36;44;33;46;52;60;50;49;67;74;63;61;72
BINGO CARABOBO;1851;11;4;12;14;2;21;17;23;16;30;40;39;32;45;58;59;47;54;48;68;69;66;75;64
BINGO CARABOBO;1852;5;9;11;3;8;21;26;19;20;24;40;36;44;35;56;59;50;47;53;70;69;68;71;61
BINGO CARABOBO;1853;7;13;12;14;6;27;17;23;16;29;39;34;41;38;58;55;51;57;49;63;65;74;64;72
BINGO CARABOBO;1854;1;4;2;15;10;22;28;18;30;25;45;32;31;43;54;60;46;52;48;75;73;62;67;66
BINGO CARABOBO;1855;6;4;13;8;9;21;24;17;23;16;39;41;35;40;47;50;48;53;52;63;64;75;68;61
BINGO CARABOBO;1856;14;5;15;2;3;29;20;27;19;25;44;45;33;37;54;51;55;46;56;62;65;72;69;73
BINGO CARABOBO;1857;12;7;10;11;1;22;28;18;30;26;36;32;42;38;57;59;49;58;60;70;67;71;74;66
BINGO CARABOBO;1858;7;3;10;2;5;24;22;29;23;26;42;33;44;34;52;59;55;48;49;68;71;74;67;66
BINGO CARABOBO;1859;9;1;11;6;13;27;21;28;20;19;36;32;39;38;50;46;56;47;57;63;75;65;64;70
BINGO CARABOBO;1860;15;12;8;4;14;16;17;18;30;25;31;35;43;37;58;54;53;60;51;72;62;73;61;69
BINGO CARABOBO;1861;11;7;2;1;6;29;17;20;19;26;44;39;38;33;49;50;55;48;51;64;69;66;65;73
BINGO CARABOBO;1862;5;12;4;10;13;28;21;25;30;24;37;35;42;45;54;57;60;47;53;67;70;68;72;61
BINGO CARABOBO;1863;9;14;3;8;15;23;22;27;18;16;40;34;41;32;52;58;46;56;59;71;75;63;62;74
BINGO CARABOBO;1864;10;14;3;8;5;22;25;24;23;26;34;38;45;40;57;60;49;55;47;62;65;67;64;69
BINGO CARABOBO;1865;7;13;4;12;11;16;27;28;19;21;33;41;37;42;54;48;52;58;51;73;75;63;68;71
BINGO CARABOBO;1866;6;9;15;1;2;20;29;30;18;17;39;31;44;36;53;50;59;56;46;61;70;74;72;66
BINGO CARABOBO;1867;5;10;12;6;15;29;25;26;16;22;40;39;36;44;57;47;60;52;48;63;71;75;69;70
BINGO CARABOBO;1868;13;11;9;8;4;18;24;23;20;19;45;33;32;34;50;53;59;49;54;61;64;67;62;74
BINGO CARABOBO;1869;7;3;1;14;2;30;27;21;28;17;42;43;38;37;55;58;56;46;51;73;72;68;66;65
BINGO CARABOBO;1870;9;3;11;6;12;18;30;23;25;20;35;43;38;36;50;52;54;48;47;61;63;73;70;71
BINGO CARABOBO;1871;13;10;1;7;4;27;22;17;26;19;33;32;31;40;57;59;53;58;49;65;68;67;74;64
BINGO CARABOBO;1872;14;5;2;8;15;24;28;16;29;21;42;37;45;34;46;56;55;60;51;66;62;72;75;69
BINGO CARABOBO;1873;3;13;12;4;10;21;16;28;24;25;44;33;34;39;55;49;52;59;58;69;67;72;70;64
BINGO CARABOBO;1874;11;8;14;5;6;18;23;27;26;30;36;38;41;35;60;50;51;54;47;74;75;63;71;73
BINGO CARABOBO;1875;2;15;7;9;1;29;19;20;17;22;37;31;32;42;48;53;56;57;46;62;61;66;68;65
BINGO CARABOBO;1876;14;7;9;15;6;19;28;30;17;16;32;34;42;38;52;57;54;53;50;64;74;72;68;69
BINGO CARABOBO;1877;12;5;11;3;10;21;24;26;22;23;31;44;41;40;59;49;60;58;46;61;65;67;70;73
BINGO CARABOBO;1878;2;13;4;1;8;25;18;29;20;27;36;37;33;43;55;48;47;56;51;66;75;62;63;71
BINGO CARABOBO;1879;11;9;3;2;1;28;22;30;19;27;44;32;34;43;59;55;52;56;58;69;70;62;74;72
BINGO CARABOBO;1880;12;14;15;10;4;29;20;21;17;18;35;36;33;31;51;53;54;49;46;68;61;71;64;66
BINGO CARABOBO;1881;6;7;8;5;13;23;24;16;25;26;41;39;42;38;50;57;60;48;47;73;75;67;63;65
BINGO CARABOBO;1882;7;13;4;8;11;28;19;21;17;29;34;44;38;45;46;47;56;60;55;64;69;72;62;67
BINGO CARABOBO;1883;6;2;9;12;1;30;24;26;23;16;37;40;43;33;57;50;54;58;53;73;71;75;65;63
BINGO CARABOBO;1884;10;5;3;15;14;20;22;18;27;25;35;32;41;36;49;48;52;59;51;70;74;66;68;61
BINGO CARABOBO;1885;4;14;8;10;11;16;27;20;24;22;44;43;39;34;55;47;57;59;46;69;64;66;63;67
BINGO CARABOBO;1886;7;9;2;12;13;18;23;25;29;21;42;33;35;38;58;49;56;50;52;62;72;71;70;73
BINGO CARABOBO;1887;5;6;3;15;1;26;28;19;17;30;31;40;37;32;51;54;60;53;48;68;65;74;61;75
BINGO CARABOBO;1888;6;5;3;14;15;29;18;20;21;16;42;41;44;43;56;48;57;51;54;68;65;67;61;70
BINGO CARABOBO;1889;11;4;12;7;2;17;25;26;28;24;33;40;34;35;49;52;58;59;53;64;71;72;73;66
BINGO CARABOBO;1890;13;9;1;10;8;19;27;22;23;30;36;39;45;31;47;55;50;60;46;63;75;69;62;74
BINGO CARABOBO;1891;10;1;13;9;14;17;27;20;28;24;33;38;37;40;58;57;56;59;47;62;74;69;71;70
BINGO CARABOBO;1892;2;11;8;5;7;22;21;26;25;30;42;39;35;44;60;48;54;49;50;63;68;72;75;64
BINGO CARABOBO;1893;15;4;6;12;3;19;29;23;18;16;31;41;34;45;51;52;53;46;55;66;67;65;61;73
BINGO CARABOBO;1894;3;9;2;12;1;22;29;27;17;20;36;38;43;45;51;52;48;56;59;73;66;65;74;75
BINGO CARABOBO;1895;13;14;6;11;15;25;16;26;28;24;44;42;41;32;60;55;54;57;47;69;63;68;62;70
BINGO CARABOBO;1896;8;4;5;10;7;23;19;21;30;18;35;39;37;33;53;50;46;58;49;72;64;71;61;67
BINGO CARABOBO;1897;2;10;3;12;7;25;26;19;28;18;43;42;32;44;56;59;48;52;53;74;70;68;66;72
BINGO CARABOBO;1898;9;6;13;15;4;21;17;27;23;24;40;38;39;35;49;47;57;58;46;71;62;73;75;63
BINGO CARABOBO;1899;8;11;14;1;5;22;29;20;16;30;33;45;31;37;54;60;51;55;50;61;67;64;65;69
BINGO CARABOBO;1900;7;10;2;11;4;26;21;19;22;29;31;42;45;41;46;52;48;49;56;67;68;72;62;63
BINGO CARABOBO;1901;8;6;9;3;12;23;17;24;30;16;44;33;39;32;53;54;58;60;59;66;75;73;65;71
BINGO CARABOBO;1902;5;14;13;15;1;27;20;28;18;25;38;36;43;35;50;55;47;51;57;61;69;74;70;64
BINGO CARABOBO;1903;13;1;2;15;3;27;17;29;24;20;42;34;40;36;50;56;54;52;55;73;74;62;72;67
BINGO CARABOBO;1904;11;9;7;14;5;21;18;26;28;30;41;37;45;43;60;48;57;58;59;63;64;65;66;70
BINGO CARABOBO;1905;6;8;10;12;4;19;23;25;22;16;31;44;32;39;49;47;53;51;46;71;69;68;75;61
BINGO CARABOBO;1906;13;14;12;10;4;20;23;30;29;22;40;31;33;42;47;55;48;57;58;69;63;71;70;74
BINGO CARABOBO;1907;3;2;11;6;7;17;21;27;19;26;36;38;43;45;50;51;49;56;54;68;72;66;75;65
BINGO CARABOBO;1908;9;5;8;15;1;18;25;16;28;24;34;35;44;32;53;59;52;46;60;62;67;61;73;64
BINGO CARABOBO;1909;7;5;15;3;13;21;24;20;19;17;45;31;40;35;50;52;46;59;47;72;70;66;73;68
BINGO CARABOBO;1910;14;10;9;2;6;25;23;18;29;16;42;33;39;44;55;49;58;54;56;65;69;74;75;71
BINGO CARABOBO;1911;8;1;12;11;4;26;22;28;30;27;32;41;36;43;57;53;60;48;51;64;62;67;61;63
BINGO CARABOBO;1912;13;6;11;7;10;28;16;18;22;20;31;39;41;40;49;55;59;48;58;62;61;68;69;74
BINGO CARABOBO;1913;3;15;12;2;8;21;24;26;23;30;34;45;44;37;52;53;57;50;51;70;73;67;71;64
BINGO CARABOBO;1914;5;14;4;9;1;19;27;29;17;25;38;36;33;35;56;60;47;54;46;66;72;65;63;75
BINGO CARABOBO;1915;13;3;10;8;6;23;28;29;17;26;39;45;33;44;52;48;53;50;51;69;67;73;74;65
BINGO CARABOBO;1916;9;14;2;7;5;21;24;22;20;16;42;34;40;37;58;59;47;56;46;61;64;66;63;71
BINGO CARABOBO;1917;11;4;12;15;1;25;27;30;18;19;36;41;35;43;55;49;57;60;54;75;68;70;62;72
BINGO CARABOBO;1918;1;14;13;15;8;20;22;18;27;25;39;36;38;42;49;54;58;53;52;74;65;66;68;73
BINGO CARABOBO;1919;9;2;4;12;7;29;26;24;21;16;34;35;32;41;50;56;55;46;59;69;61;64;75;67
BINGO CARABOBO;1920;6;5;10;3;11;23;17;19;30;28;43;44;45;37;57;60;51;47;48;71;70;63;62;72
BINGO CARABOBO;1921;4;2;5;8;6;29;24;28;25;17;32;36;35;45;49;47;52;53;56;72;69;63;65;66
BINGO CARABOBO;1922;9;14;10;3;11;18;27;19;21;30;31;39;34;33;46;48;54;57;51;67;64;61;70;71
BINGO CARABOBO;1923;12;7;13;15;1;26;16;23;20;22;41;40;43;42;59;50;58;60;55;75;68;62;74;73
BINGO CARABOBO;1924;9;7;14;3;15;25;23;17;24;29;37;44;42;32;46;55;60;48;50;74;73;63;65;66
BINGO CARABOBO;1925;10;11;12;2;8;21;18;22;19;20;31;36;43;34;47;56;52;53;51;62;64;69;67;72
BINGO CARABOBO;1926;6;1;5;13;4;28;16;27;26;30;45;33;38;41;57;59;49;54;58;70;68;75;61;71
BINGO CARABOBO;1927;9;8;10;14;5;17;21;19;25;20;31;37;44;43;54;56;58;47;53;64;69;67;63;68
BINGO CARABOBO;1928;4;13;15;2;11;26;22;24;27;23;38;40;32;41;52;48;59;60;55;71;65;66;75;74
BINGO CARABOBO;1929;1;7;3;6;12;29;30;16;18;28;42;35;34;33;49;50;57;51;46;70;61;72;73;62
BINGO CARABOBO;1930;13;4;8;11;7;17;19;24;23;27;39;38;40;34;56;50;60;58;53;72;62;66;74;64
BINGO CARABOBO;1931;6;3;12;1;9;25;20;28;16;26;32;35;44;42;46;57;51;54;55;75;68;73;70;69
BINGO CARABOBO;1932;5;10;14;15;2;29;18;21;22;30;43;45;33;31;49;48;47;59;52;65;71;67;61;63
BINGO CARABOBO;1933;12;5;4;8;9;30;27;24;18;21;41;42;45;34;47;58;55;49;56;71;69;62;67;74
BINGO CARABOBO;1934;13;2;3;7;14;22;19;23;17;29;32;43;37;40;53;48;57;50;59;72;68;73;63;65
BINGO CARABOBO;1935;10;11;15;1;6;25;16;26;20;28;35;44;33;39;54;51;60;46;52;70;61;64;75;66
BINGO CARABOBO;1936;2;3;12;4;6;28;17;30;20;21;39;42;43;32;58;51;54;50;57;62;65;71;69;63
BINGO CARABOBO;1937;8;5;13;14;11;26;24;18;22;19;38;37;35;40;52;56;49;55;59;64;73;74;66;72
BINGO CARABOBO;1938;9;10;1;7;15;29;25;23;27;16;36;44;45;41;53;47;48;60;46;68;67;61;70;75
BINGO CARABOBO;1939;1;12;13;14;5;21;17;23;20;25;32;41;38;42;57;46;48;53;54;70;67;68;66;75
BINGO CARABOBO;1940;10;4;8;6;7;28;30;24;22;19;35;34;37;36;49;56;50;58;47;71;65;69;62;73
BINGO CARABOBO;1941;3;11;2;15;9;18;27;29;16;26;43;39;44;31;59;55;51;52;60;64;72;74;63;61
BINGO CARABOBO;1942;3;13;7;2;1;19;26;22;25;20;38;45;31;41;52;49;48;59;54;67;74;75;71;64
BINGO CARABOBO;1943;6;11;9;5;10;27;18;23;29;24;42;33;40;43;56;55;53;57;50;68;65;61;70;69
BINGO CARABOBO;1944;14;8;12;4;15;21;17;30;28;16;44;36;37;34;47;51;60;46;58;62;72;66;73;63
BINGO CARABOBO;1945;14;4;13;9;3;20;26;24;30;21;40;34;44;41;49;56;60;58;53;66;68;71;70;64
BINGO CARABOBO;1946;8;7;1;11;6;28;23;22;17;25;42;45;33;36;54;55;50;59;47;75;67;65;74;61
BINGO CARABOBO;1947;5;10;15;2;12;27;18;29;16;19;37;32;43;31;46;52;51;48;57;63;73;69;62;72
BINGO CARABOBO;1948;13;5;4;8;6;24;23;27;18;22;38;34;32;35;53;48;59;56;52;69;75;67;74;64
BINGO CARABOBO;1949;11;7;12;9;10;17;19;28;29;20;39;31;37;33;50;55;57;51;49;73;70;68;65;71
BINGO CARABOBO;1950;14;3;15;1;2;21;16;26;30;25;36;43;42;40;46;47;58;60;54;66;62;72;61;63
BINGO CARABOBO;1951;14;5;9;2;8;23;25;22;24;20;34;33;36;35;58;51;56;60;48;63;68;74;75;72
BINGO CARABOBO;1952;10;12;3;11;4;26;18;17;19;29;32;43;31;44;57;49;55;59;50;62;65;64;69;70
BINGO CARABOBO;1953;7;1;6;15;13;21;30;16;27;28;38;40;42;39;52;53;47;54;46;71;73;67;61;66
BINGO CARABOBO;1954;14;5;10;1;12;16;21;23;29;26;36;42;33;44;49;47;53;52;51;66;71;65;68;62
BINGO CARABOBO;1955;7;9;8;6;11;19;24;20;30;25;38;43;34;45;57;48;60;58;46;69;72;73;67;61
BINGO CARABOBO;1956;3;2;13;15;4;27;17;22;28;18;32;40;39;35;54;56;59;55;50;64;70;63;74;75
BINGO CARABOBO;1957;15;2;10;13;11;27;20;22;19;18;36;41;33;38;51;53;54;56;47;69;71;73;67;62
BINGO CARABOBO;1958;3;5;9;7;14;29;17;25;26;21;35;42;43;39;52;46;48;58;59;64;68;75;74;63
BINGO CARABOBO;1959;4;1;8;6;12;23;24;16;28;30;40;44;45;31;49;55;50;60;57;61;65;72;66;70
BINGO CARABOBO;1960;8;7;2;14;11;30;23;28;27;20;43;41;34;35;52;49;57;56;55;65;63;71;62;72
BINGO CARABOBO;1961;9;5;10;13;4;25;29;24;22;21;39;38;33;44;53;58;50;48;51;67;66;61;69;68
BINGO CARABOBO;1962;3;1;6;15;12;16;26;18;17;19;36;37;31;40;60;47;46;54;59;64;73;75;74;70
BINGO CARABOBO;1963;2;12;5;10;14;25;17;23;29;16;41;45;40;38;48;49;53;54;55;64;66;72;75;70
BINGO CARABOBO;1964;3;11;4;13;9;30;21;22;19;26;34;44;33;35;51;58;46;60;47;67;74;71;69;63
BINGO CARABOBO;1965;8;7;6;1;15;24;27;28;20;18;42;37;39;43;57;59;52;56;50;73;62;68;65;61
BINGO CARABOBO;1966;15;3;1;12;11;29;20;19;27;23;41;43;37;33;52;48;57;58;46;66;72;63;69;62
BINGO CARABOBO;1967;5;9;2;13;10;17;24;25;26;22;34;38;40;35;60;54;47;53;55;67;64;70;65;61
BINGO CARABOBO;1968;4;7;8;14;6;16;21;28;18;30;44;32;42;36;51;56;59;49;50;74;75;68;71;73
BINGO CARABOBO;1969;5;10;11;9;13;28;29;26;27;22;32;40;34;45;58;48;55;60;53;67;69;66;71;75
BINGO CARABOBO;1970;3;2;12;8;14;18;19;23;17;16;36;41;42;44;46;49;51;50;59;65;73;72;74;63
BINGO CARABOBO;1971;15;4;6;1;7;21;24;20;25;30;35;39;31;43;56;52;47;57;54;61;68;70;62;64
BINGO CARABOBO;1972;15;3;13;7;11;28;29;25;18;19;33;44;39;32;56;54;46;52;59;66;71;75;65;70
BINGO CARABOBO;1973;12;9;10;5;4;26;22;20;17;24;36;41;38;35;47;51;55;57;49;69;73;64;68;67
BINGO CARABOBO;1974;6;1;8;2;14;21;16;27;30;23;37;43;31;45;53;58;60;50;48;63;72;62;61;74
BINGO CARABOBO;1975;9;12;11;7;8;17;21;24;28;18;40;33;35;39;58;47;53;52;48;67;73;74;66;62
BINGO CARABOBO;1976;10;4;14;2;1;27;23;16;25;22;38;44;42;41;50;57;55;56;59;64;65;70;69;71
BINGO CARABOBO;1977;13;5;6;15;3;30;19;26;20;29;45;31;43;32;51;49;54;46;60;68;75;61;63;72
BINGO CARABOBO;1978;6;7;4;13;14;22;23;29;18;26;34;39;44;45;55;49;50;48;52;66;74;75;72;68
BINGO CARABOBO;1979;2;1;11;5;10;19;21;20;27;17;32;37;31;33;59;46;51;56;47;64;70;67;63;69
BINGO CARABOBO;1980;12;3;9;8;15;28;24;25;30;16;41;40;38;43;60;54;53;57;58;71;62;65;61;73
BINGO CARABOBO;1981;12;14;2;9;1;17;21;28;27;16;38;43;34;44;57;58;50;48;55;70;69;65;61;71
BINGO CARABOBO;1982;11;5;3;7;4;22;20;26;25;29;41;40;31;39;47;56;52;51;46;75;64;67;63;68
BINGO CARABOBO;1983;15;10;6;8;13;19;30;23;24;18;35;36;42;33;54;53;49;59;60;62;72;73;66;74
BINGO CARABOBO;1984;14;4;3;9;1;17;25;29;20;24;39;33;36;44;47;49;53;46;54;65;72;70;74;73
BINGO CARABOBO;1985;8;10;7;5;6;30;27;18;23;26;35;38;42;45;57;52;50;58;48;64;63;68;61;69
BINGO CARABOBO;1986;12;13;15;2;11;28;21;22;19;16;41;34;40;43;51;56;55;59;60;66;67;71;75;62
BINGO CARABOBO;1987;7;3;6;13;2;16;18;24;26;28;37;32;39;31;54;59;52;58;49;65;69;72;62;64
BINGO CARABOBO;1988;11;10;5;12;9;21;23;25;29;27;35;40;44;36;55;48;56;51;57;66;68;74;71;73
BINGO CARABOBO;1989;14;8;1;4;15;19;17;22;30;20;43;42;45;34;60;47;46;50;53;70;63;67;75;61
BINGO CARABOBO;1990;11;4;3;5;10;30;22;16;24;23;33;40;45;37;52;48;51;53;50;67;69;74;62;72
BINGO CARABOBO;1991;12;7;13;14;2;19;28;20;18;29;43;36;34;32;56;59;58;49;57;66;65;64;63;70
BINGO CARABOBO;1992;8;9;15;6;1;21;25;27;17;26;44;39;31;35;60;47;55;46;54;71;68;73;61;75
BINGO CARABOBO;1993;14;7;8;1;12;18;28;20;16;26;40;38;41;33;57;54;49;52;58;61;64;71;74;73
BINGO CARABOBO;1994;4;13;6;2;15;21;25;29;19;27;37;31;32;36;48;46;59;55;50;72;75;62;69;65
BINGO CARABOBO;1995;10;3;11;9;5;17;24;30;22;23;44;35;39;45;53;51;56;47;60;67;66;63;70;68
BINGO CARABOBO;1996;3;11;12;1;5;28;27;20;29;22;41;38;39;45;54;52;55;46;48;64;74;69;72;63
BINGO CARABOBO;1997;2;7;4;13;8;21;25;23;16;19;42;34;31;37;50;58;60;59;49;71;70;62;61;68
BINGO CARABOBO;1998;14;10;6;15;9;30;26;24;17;18;40;43;32;44;51;57;53;47;56;66;75;73;65;67
BINGO CARABOBO;1999;7;14;4;12;5;23;21;26;30;29;36;33;32;35;46;57;56;50;59;62;64;72;66;70
BINGO CARABOBO;2000;2;10;3;8;6;17;18;20;25;24;37;38;45;31;55;51;48;54;52;63;68;61;71;74
BINGO CARABOBO;2001;11;1;13;9;15;16;19;28;27;22;41;43;39;40;49;53;58;47;60;75;69;67;73;65
BINGO CARABOBO;2002;13;4;7;10;11;25;19;28;18;21;32;42;35;34;48;58;53;51;49;65;74;71;62;61
BINGO CARABOBO;2003;9;14;2;3;8;17;29;26;27;24;45;39;38;36;59;52;57;46;54;68;73;66;67;69
BINGO CARABOBO;2004;6;12;1;15;5;23;22;20;30;16;37;43;31;41;60;50;56;47;55;75;63;70;72;64
BINGO CARABOBO;2005;10;13;9;4;8;19;17;20;29;21;42;33;41;45;48;59;60;52;57;68;72;63;74;69
BINGO CARABOBO;2006;14;3;7;6;2;18;28;30;16;26;38;32;34;43;47;46;55;54;50;61;73;66;67;62
BINGO CARABOBO;2007;12;5;11;1;15;23;25;24;22;27;35;39;31;44;53;51;49;56;58;70;71;65;64;75
BINGO CARABOBO;2008;5;4;3;7;2;17;29;20;28;30;33;37;42;35;52;54;51;56;50;64;73;70;65;62
BINGO CARABOBO;2009;9;10;1;11;8;21;26;27;18;19;43;32;34;38;58;59;57;46;49;63;61;67;74;75
BINGO CARABOBO;2010;13;12;14;6;15;24;16;23;25;22;31;41;45;44;53;60;55;48;47;66;69;72;71;68
BINGO CARABOBO;2011;2;3;14;7;13;24;21;20;28;30;45;43;36;39;52;56;50;47;54;70;62;72;63;64
BINGO CARABOBO;2012;8;6;10;5;11;18;19;25;17;26;40;37;32;33;57;51;60;58;55;65;75;68;74;69
BINGO CARABOBO;2013;12;9;15;4;1;27;16;29;23;22;35;38;31;34;53;59;48;46;49;71;67;66;73;61
BINGO CARABOBO;2014;5;9;12;10;8;19;29;28;25;17;40;43;44;42;60;55;52;54;48;61;63;68;74;62
BINGO CARABOBO;2015;4;7;2;11;13;16;27;21;24;26;34;38;37;36;51;58;47;50;49;72;73;66;70;65
BINGO CARABOBO;2016;15;6;14;3;1;23;30;22;18;20;35;41;39;32;46;57;59;56;53;64;71;75;69;67
BINGO CARABOBO;2017;12;11;7;8;2;23;28;17;22;19;35;38;37;41;52;56;53;48;58;66;69;71;63;68
BINGO CARABOBO;2018;6;13;9;14;10;21;29;26;18;20;45;32;31;34;59;49;55;57;46;62;72;75;73;65
BINGO CARABOBO;2019;3;5;1;15;4;30;25;27;24;16;40;44;42;43;51;47;54;60;50;67;70;74;64;61
BINGO CARABOBO;2020;12;14;1;15;8;18;23;26;22;24;36;33;32;41;57;56;52;60;51;73;64;69;61;71
BINGO CARABOBO;2021;13;4;5;6;9;20;21;19;25;17;34;39;45;43;54;58;49;55;48;74;75;70;62;66
BINGO CARABOBO;2022;11;7;3;2;10;27;28;29;16;30;31;44;42;37;53;46;50;47;59;67;72;63;65;68
BINGO CARABOBO;2023;7;15;4;13;14;29;21;28;24;20;40;37;44;31;55;48;58;57;54;70;69;72;75;67
BINGO CARABOBO;2024;5;8;10;3;2;22;23;25;30;19;45;39;43;34;51;50;59;47;53;62;65;71;63;66
BINGO CARABOBO;2025;6;1;9;12;11;16;26;18;17;27;36;38;42;32;56;52;60;49;46;64;61;73;74;68
BINGO CARABOBO;2026;13;14;8;6;2;20;29;22;27;21;32;41;42;43;53;55;60;49;56;73;67;70;74;71
BINGO CARABOBO;2027;10;12;11;3;4;23;25;28;18;24;35;40;39;34;50;52;59;57;48;72;64;65;68;66
BINGO CARABOBO;2028;5;1;9;15;7;19;16;26;30;17;33;38;44;37;54;47;58;51;46;69;75;61;62;63
BINGO CARABOBO;2029;11;3;7;5;8;24;17;20;19;28;44;39;35;34;59;46;51;60;56;63;74;71;72;68
BINGO CARABOBO;2030;2;4;10;1;6;18;26;21;25;30;37;41;33;36;50;49;48;52;53;61;69;64;62;73
BINGO CARABOBO;2031;12;13;15;9;14;23;27;22;29;16;40;43;32;45;58;54;55;57;47;67;75;66;65;70
BINGO CARABOBO;2032;14;2;3;12;11;28;26;22;21;17;39;40;37;32;60;48;56;49;58;67;74;71;75;62
BINGO CARABOBO;2033;6;8;10;4;9;27;30;18;29;19;35;41;38;34;50;51;52;47;55;70;69;66;63;72
BINGO CARABOBO;2034;5;13;15;1;7;23;20;25;24;16;45;44;31;36;46;57;54;53;59;64;73;61;68;65
BINGO CARABOBO;2035;9;10;2;13;11;18;25;27;29;17;42;41;37;35;53;49;58;57;48;61;68;64;69;71
BINGO CARABOBO;2036;8;14;12;4;3;22;16;21;26;19;44;36;38;45;56;51;54;59;47;72;65;73;74;70
BINGO CARABOBO;2037;6;7;5;15;1;24;23;20;30;28;31;32;33;34;52;46;60;55;50;62;75;66;67;63
BINGO CARABOBO;2038;2;1;6;10;7;26;22;27;29;28;42;32;43;40;53;54;47;56;59;67;73;69;63;65
BINGO CARABOBO;2039;12;8;11;3;14;24;25;19;20;21;35;45;36;41;51;58;50;57;48;64;68;72;61;66
BINGO CARABOBO;2040;9;5;4;13;15;17;18;23;30;16;44;34;39;37;52;46;55;49;60;70;71;75;74;62
BINGO CARABOBO;2041;5;14;13;6;8;20;18;24;21;28;43;44;38;35;58;52;50;56;54;68;74;67;62;66
BINGO CARABOBO;2042;10;4;3;2;7;26;17;27;19;22;41;33;40;32;46;57;59;60;55;73;61;69;70;72
BINGO CARABOBO;2043;11;9;12;1;15;29;25;30;23;16;37;31;45;34;48;53;51;47;49;65;64;71;63;75
BINGO CARABOBO;2044;2;14;15;8;3;25;16;28;24;29;45;40;34;44;51;54;60;46;49;62;75;74;63;70
BINGO CARABOBO;2045;1;7;9;12;11;17;26;19;27;22;42;39;35;43;52;50;57;55;58;68;71;65;73;72
BINGO CARABOBO;2046;5;10;6;13;4;18;23;30;20;21;33;38;32;37;48;56;53;47;59;64;66;67;61;69
BINGO CARABOBO;2047;11;8;4;14;9;30;21;28;23;27;41;38;40;45;49;52;48;57;59;64;65;62;70;73
BINGO CARABOBO;2048;15;6;7;12;13;22;24;17;25;26;33;39;37;32;58;56;60;50;51;71;67;74;75;66
BINGO CARABOBO;2049;2;5;3;1;10;20;16;19;29;18;31;43;34;44;53;47;55;54;46;72;63;68;69;61
BINGO CARABOBO;2050;9;4;3;12;13;18;28;20;29;17;39;40;35;42;47;55;54;59;53;73;63;66;75;74
BINGO CARABOBO;2051;2;10;15;1;7;21;25;27;19;23;43;38;41;37;48;60;51;58;52;62;64;69;71;61
BINGO CARABOBO;2052;11;6;14;8;5;24;26;22;16;30;36;45;33;31;50;46;57;49;56;68;72;67;70;65
BINGO CARABOBO;2053;13;9;7;5;11;20;23;29;24;17;39;34;35;43;59;54;46;57;53;71;62;72;73;65
BINGO CARABOBO;2054;10;2;12;15;1;27;22;25;16;19;37;40;44;45;58;48;55;49;60;61;75;70;69;68
BINGO CARABOBO;2055;6;8;14;4;3;18;28;26;21;30;38;31;33;41;52;50;51;56;47;64;67;63;66;74
BINGO CARABOBO;2056;6;5;10;1;2;28;22;21;20;24;35;39;31;42;49;55;53;47;57;70;62;74;72;61
BINGO CARABOBO;2057;12;14;11;7;8;17;18;23;29;26;41;33;34;38;48;50;52;58;51;66;69;68;65;67
BINGO CARABOBO;2058;13;4;9;3;15;25;30;27;19;16;43;45;44;37;56;54;60;59;46;73;71;64;63;75
BINGO CARABOBO;2059;6;8;10;5;14;25;26;24;22;30;41;31;38;45;47;52;48;56;51;66;74;67;62;64
BINGO CARABOBO;2060;2;3;1;7;9;18;17;27;21;29;33;42;40;34;60;49;59;50;55;69;71;68;75;73
BINGO CARABOBO;2061;12;13;4;11;15;19;28;23;16;20;43;32;36;44;57;58;54;46;53;72;70;65;63;61
BINGO CARABOBO;2062;14;9;3;4;8;29;25;28;17;26;33;36;31;44;47;48;50;56;52;62;63;72;70;73
BINGO CARABOBO;2063;7;10;5;13;2;24;21;20;16;19;37;35;39;40;58;49;57;53;55;66;74;68;65;67
BINGO CARABOBO;2064;12;11;6;15;1;22;30;23;18;27;42;38;45;34;59;54;46;51;60;69;64;71;61;75
BINGO CARABOBO;2065;13;11;6;12;9;26;21;25;20;22;41;43;33;32;59;52;55;54;53;73;64;69;66;62
BINGO CARABOBO;2066;5;10;14;4;8;29;24;16;28;18;34;36;37;42;47;58;56;57;49;67;68;74;65;70
BINGO CARABOBO;2067;3;2;15;1;7;19;27;17;30;23;35;39;31;40;51;50;60;48;46;72;75;61;63;71
BINGO CARABOBO;2068;14;6;12;4;11;25;16;22;20;19;39;44;33;43;56;60;59;46;55;69;64;68;67;66
BINGO CARABOBO;2069;7;10;3;5;15;27;30;21;18;28;37;38;36;41;50;53;57;51;48;75;62;65;73;63
BINGO CARABOBO;2070;9;1;13;2;8;17;26;24;29;23;35;34;31;32;52;54;49;47;58;72;70;71;74;61
BINGO CARABOBO;2071;8;12;2;11;3;20;18;26;27;22;38;40;35;36;48;59;56;46;52;63;67;71;68;66
BINGO CARABOBO;2072;13;1;5;4;7;23;28;30;17;25;41;37;42;33;49;50;58;53;57;64;70;69;65;61
BINGO CARABOBO;2073;10;15;9;14;6;24;21;19;29;16;39;32;31;43;60;47;54;51;55;72;73;62;74;75
BINGO CARABOBO;2074;12;3;4;6;11;21;20;23;17;29;33;42;37;43;54;58;52;57;51;61;73;63;65;68
BINGO CARABOBO;2075;7;8;13;5;9;18;26;25;22;27;32;44;36;45;53;56;50;49;48;67;69;71;72;70
BINGO CARABOBO;2076;15;1;14;10;2;28;24;19;30;16;41;38;39;31;59;55;46;47;60;62;66;74;64;75
BINGO CARABOBO;2077;6;3;11;14;13;22;20;27;17;28;37;34;32;33;50;57;48;47;59;72;73;64;66;68
BINGO CARABOBO;2078;2;4;12;5;8;24;19;26;16;25;31;43;44;45;58;46;52;54;60;63;74;75;71;70
BINGO CARABOBO;2079;15;1;7;9;10;29;30;18;23;21;39;42;38;40;55;56;51;49;53;69;62;65;61;67
BINGO CARABOBO;2080;4;3;7;13;14;20;19;29;17;25;36;39;42;35;51;57;55;48;49;74;62;64;69;65
BINGO CARABOBO;2081;10;2;8;6;15;24;18;22;26;16;43;38;44;34;59;58;50;53;47;66;70;67;68;61
BINGO CARABOBO;2082;9;11;12;5;1;27;21;23;28;30;45;32;31;33;56;54;52;46;60;72;63;71;73;75
BINGO CARABOBO;2083;2;14;11;8;12;22;28;18;21;17;37;38;43;31;47;48;46;55;52;64;72;61;74;70
BINGO CARABOBO;2084;15;7;6;4;5;16;29;23;20;26;36;33;45;39;50;53;59;54;49;62;73;69;71;63
BINGO CARABOBO;2085;10;13;1;9;3;27;30;19;25;24;32;35;34;42;56;57;58;51;60;68;67;66;65;75
BINGO CARABOBO;2086;3;7;11;12;1;25;27;18;21;22;34;32;39;33;60;47;57;50;54;68;65;74;67;64
BINGO CARABOBO;2087;13;10;5;2;6;26;16;19;23;24;35;36;43;42;48;56;52;53;58;66;73;69;72;63
BINGO CARABOBO;2088;4;9;14;15;8;20;30;17;29;28;41;38;45;31;49;51;55;59;46;70;61;71;75;62
BINGO CARABOBO;2089;2;1;8;13;6;26;25;19;24;27;33;37;41;42;49;54;52;47;51;74;67;69;66;72
BINGO CARABOBO;2090;5;7;10;12;9;29;22;18;28;23;43;31;44;38;58;57;56;59;48;65;73;68;62;64
BINGO CARABOBO;2091;15;11;14;3;4;21;30;17;16;20;35;34;45;32;55;46;53;50;60;63;70;71;61;75
BINGO CARABOBO;2092;3;6;12;10;4;21;24;26;27;16;33;44;31;43;48;57;49;54;56;69;73;74;64;65
BINGO CARABOBO;2093;5;14;9;15;2;23;22;29;25;20;34;38;42;39;52;51;50;58;55;67;72;66;61;68
BINGO CARABOBO;2094;13;7;8;1;11;19;30;18;17;28;40;36;41;32;46;59;60;53;47;75;62;70;71;63
BINGO CARABOBO;2095;3;14;15;12;4;27;20;29;23;22;41;33;40;35;49;55;57;56;59;73;64;62;74;67
BINGO CARABOBO;2096;11;9;10;8;5;18;17;28;25;30;39;45;38;37;58;48;46;47;51;70;69;68;63;72
BINGO CARABOBO;2097;2;6;7;13;1;16;24;26;19;21;34;32;42;44;53;52;60;50;54;71;66;65;75;61
BINGO CARABOBO;2098;14;13;15;1;7;19;24;20;29;23;39;44;34;40;46;54;55;56;48;68;62;66;72;63
BINGO CARABOBO;2099;10;3;9;6;5;28;18;27;22;26;37;36;41;31;49;51;47;58;59;64;65;75;70;73
BINGO CARABOBO;2100;11;4;8;12;2;21;25;16;30;17;33;43;45;32;57;53;60;50;52;69;67;74;71;61
BINGO CARABOBO;2101;3;5;9;7;1;20;27;26;29;25;41;42;35;33;56;57;52;53;55;67;62;61;68;65
BINGO CARABOBO;2102;13;6;4;12;14;17;24;19;28;16;40;39;37;44;46;51;50;59;54;75;66;70;63;64
BINGO CARABOBO;2103;2;11;15;8;10;21;18;23;30;22;45;34;31;38;49;48;58;60;47;71;72;74;73;69
BINGO CARABOBO;2104;10;1;11;2;7;19;22;26;27;17;43;37;35;38;54;47;55;49;58;68;63;70;73;62
BINGO CARABOBO;2105;12;6;13;9;15;18;21;24;16;28;39;32;33;34;56;52;59;48;60;65;69;66;67;74
BINGO CARABOBO;2106;8;4;14;3;5;30;23;25;29;20;42;40;44;31;50;51;46;53;57;71;64;72;75;61
BINGO CARABOBO;2107;10;1;8;11;7;21;26;17;29;19;32;37;39;35;48;54;57;53;49;65;63;69;67;73
BINGO CARABOBO;2108;13;4;9;15;14;27;30;18;16;22;43;45;36;33;58;47;50;56;51;64;72;68;66;71
BINGO CARABOBO;2109;2;5;3;12;6;25;24;28;20;23;34;41;40;44;55;52;59;60;46;75;62;70;61;74
BINGO CARABOBO;2110;7;5;14;13;9;26;27;20;24;23;42;35;40;39;57;54;47;53;58;71;73;65;68;75
BINGO CARABOBO;2111;15;11;2;10;4;29;28;30;25;18;33;37;45;34;55;60;52;46;56;62;69;67;63;66
BINGO CARABOBO;2112;6;1;3;8;12;21;19;17;16;22;38;41;43;31;59;48;51;49;50;72;70;64;74;61
BINGO CARABOBO;2113;3;9;11;6;7;24;22;18;28;19;31;38;37;44;48;47;53;58;57;61;72;66;64;65
BINGO CARABOBO;2114;10;14;4;5;12;17;29;20;26;23;34;39;33;40;50;55;59;51;56;67;73;69;68;70
BINGO CARABOBO;2115;8;2;13;15;1;25;16;21;30;27;42;41;45;36;52;54;49;60;46;75;63;62;71;74
BINGO CARABOBO;2116;9;6;13;5;15;28;23;16;22;18;37;35;33;36;49;54;55;59;57;73;65;69;70;68
BINGO CARABOBO;2117;10;1;11;3;14;24;19;25;17;20;32;39;43;31;52;47;50;51;53;66;75;62;61;72
BINGO CARABOBO;2118;8;2;4;7;12;27;26;21;29;30;34;41;38;45;48;46;60;56;58;67;64;74;63;71
BINGO CARABOBO;2119;12;15;6;9;5;28;16;29;20;24;42;34;40;41;54;56;50;59;47;64;70;69;72;75
BINGO CARABOBO;2120;3;11;10;8;2;18;23;30;26;22;43;33;37;38;46;52;53;55;49;71;66;68;62;63
BINGO CARABOBO;2121;13;1;14;7;4;27;19;21;25;17;45;31;39;44;58;48;60;57;51;73;74;61;67;65
BINGO CARABOBO;2122;9;1;2;10;3;21;25;27;26;29;42;40;41;36;49;57;56;51;47;61;66;73;63;71
BINGO CARABOBO;2123;6;4;11;7;12;19;18;24;17;28;43;45;38;32;54;52;48;53;58;65;69;72;68;67
BINGO CARABOBO;2124;8;13;15;14;5;30;20;22;16;23;35;34;31;44;59;55;50;46;60;74;62;64;70;75
BINGO CARABOBO;2125;9;11;7;12;2;17;20;16;26;21;37;38;42;33;55;51;47;58;50;65;64;71;68;75
BINGO CARABOBO;2126;8;15;14;3;6;22;19;23;29;28;43;39;32;45;59;49;57;48;56;62;73;63;66;69
BINGO CARABOBO;2127;4;10;1;13;5;27;24;30;25;18;41;40;31;36;54;52;46;53;60;72;70;67;74;61
BINGO CARABOBO;2128;2;9;14;5;10;27;16;29;20;21;39;43;37;40;52;60;47;46;53;70;65;72;68;62
BINGO CARABOBO;2129;7;4;6;11;12;22;19;18;24;23;36;33;44;42;57;49;55;48;58;63;73;64;66;71
BINGO CARABOBO;2130;8;13;1;3;15;30;26;25;28;17;34;45;41;38;56;59;51;54;50;67;75;61;74;69
BINGO CARABOBO;2131;5;11;13;15;14;20;21;18;27;28;41;34;32;38;46;51;55;56;57;61;66;67;64;68
BINGO CARABOBO;2132;3;4;7;8;9;17;19;29;30;23;45;35;37;33;53;47;59;52;50;75;63;72;74;69
BINGO CARABOBO;2133;2;12;1;10;6;24;22;25;26;16;44;40;39;36;48;49;58;60;54;70;73;62;65;71
BINGO CARABOBO;2134;7;15;9;6;2;24;27;29;21;26;31;35;36;44;53;58;59;55;49;68;67;70;65;74
BINGO CARABOBO;2135;13;4;8;5;11;20;28;22;25;23;34;38;42;43;54;56;52;51;48;62;71;64;63;75
BINGO CARABOBO;2136;12;3;10;1;14;19;18;16;30;17;33;45;40;32;47;50;60;46;57;69;61;73;66;72
BINGO CARABOBO;2137;2;8;5;15;7;27;17;30;21;26;44;36;32;37;54;48;58;57;49;74;67;70;73;63
BINGO CARABOBO;2138;13;3;9;1;10;24;25;23;28;29;34;33;39;43;47;51;46;55;59;66;64;72;68;71
BINGO CARABOBO;2139;6;11;14;12;4;18;20;19;22;16;42;41;38;35;56;52;60;53;50;69;62;75;61;65
BINGO CARABOBO;2140;3;10;12;15;13;27;23;25;17;30;41;43;36;38;53;48;49;55;47;69;74;67;73;64
BINGO CARABOBO;2141;2;4;8;11;6;22;24;18;21;26;32;37;42;44;50;54;52;60;51;70;63;66;71;61
BINGO CARABOBO;2142;5;1;14;7;9;19;16;28;29;20;39;33;45;31;56;46;58;59;57;72;65;62;68;75
BINGO CARABOBO;2143;5;8;12;1;4;26;20;18;19;17;38;31;34;33;57;49;52;55;47;72;66;69;74;73
BINGO CARABOBO;2144;3;9;14;11;6;22;29;30;21;24;42;39;41;36;54;48;56;59;46;67;71;70;62;63
BINGO CARABOBO;2145;13;7;10;15;2;25;27;28;23;16;43;35;37;45;51;53;50;58;60;64;68;65;75;61
BINGO CARABOBO;2146;13;7;11;12;1;23;27;20;21;17;33;42;38;34;47;58;50;54;60;65;70;63;68;74
BINGO CARABOBO;2147;9;8;6;10;5;25;18;26;22;19;40;32;35;43;51;56;57;55;59;64;69;67;62;73
BINGO CARABOBO;2148;14;4;15;2;3;29;16;30;28;24;31;39;36;37;46;49;53;52;48;75;72;71;66;61
BINGO CARABOBO;2149;12;13;6;9;8;27;20;22;25;28;43;44;41;32;57;47;59;48;52;61;67;69;74;62
BINGO CARABOBO;2150;14;15;1;4;10;24;29;21;18;26;45;34;39;31;51;58;50;56;49;64;73;65;66;72
BINGO CARABOBO;2151;2;3;7;5;11;17;16;23;19;30;38;37;40;42;53;54;46;60;55;75;71;70;63;68
BINGO CARABOBO;2152;6;1;10;3;9;29;22;26;20;16;34;33;41;44;57;53;48;47;56;75;71;64;70;65
BINGO CARABOBO;2153;2;4;8;7;14;21;27;19;24;28;31;39;32;45;55;58;51;52;54;63;73;69;61;66
BINGO CARABOBO;2154;5;13;12;11;15;18;30;23;25;17;38;40;37;43;60;49;50;59;46;62;68;72;67;74
BINGO CARABOBO;2155;11;10;3;8;12;23;29;24;27;20;34;43;42;45;55;50;56;54;57;63;65;74;68;64
BINGO CARABOBO;2156;5;2;13;4;7;19;22;26;28;17;40;36;38;33;52;60;51;47;48;73;72;66;69;70
BINGO CARABOBO;2157;14;6;9;1;15;18;21;30;16;25;39;31;44;32;49;59;53;46;58;62;71;75;67;61
BINGO CARABOBO;2158;2;1;13;7;12;24;27;23;18;22;35;32;43;31;55;46;54;56;58;74;70;69;63;71
BINGO CARABOBO;2159;5;10;3;6;4;28;17;25;20;19;45;37;42;41;47;52;49;59;53;68;66;73;67;62
BINGO CARABOBO;2160;9;11;14;8;15;21;26;29;16;30;34;38;44;33;48;57;51;50;60;65;61;75;72;64
BINGO CARABOBO;2161;2;12;4;14;3;18;17;19;23;21;34;37;42;43;54;58;50;56;55;65;67;66;70;73
BINGO CARABOBO;2162;9;7;15;13;8;24;26;16;22;25;33;41;31;38;48;52;60;51;53;62;63;64;61;71
BINGO CARABOBO;2163;11;1;5;6;10;28;29;27;20;30;35;39;44;36;49;59;47;57;46;69;75;74;68;72
BINGO CARABOBO;2164;14;2;5;13;10;29;30;26;21;28;43;39;32;34;53;51;58;52;47;72;62;63;65;69
BINGO CARABOBO;2165;11;9;8;6;7;22;25;20;18;24;37;31;44;40;49;48;54;57;56;71;68;61;74;75
BINGO CARABOBO;2166;12;3;15;4;1;19;17;23;27;16;33;41;42;45;46;50;55;60;59;67;70;66;64;73
BINGO CARABOBO;2167;14;6;2;7;8;20;24;26;21;22;42;38;34;41;53;48;51;49;57;74;68;66;69;62
BINGO CARABOBO;2168;13;11;3;12;4;16;28;19;27;23;39;35;33;40;46;54;58;47;60;65;75;64;67;70
BINGO CARABOBO;2169;15;10;5;1;9;25;18;29;17;30;37;43;31;32;52;56;59;55;50;61;72;73;71;63
BINGO CARABOBO;2170;2;3;13;7;8;25;21;17;19;26;32;36;39;35;53;55;54;52;56;72;62;74;68;64
BINGO CARABOBO;2171;11;14;10;15;6;18;22;20;27;29;41;45;37;38;50;57;51;47;49;70;61;69;71;73
BINGO CARABOBO;2172;4;12;5;1;9;23;28;16;30;24;33;44;34;40;58;59;60;48;46;67;65;66;63;75
BINGO CARABOBO;2173;10;2;5;13;9;24;27;28;25;30;31;36;41;35;49;47;54;52;59;61;62;72;70;65
BINGO CARABOBO;2174;4;11;14;7;15;17;21;16;18;22;34;37;39;45;53;58;57;51;48;67;63;71;75;69
BINGO CARABOBO;2175;3;1;12;6;8;26;23;20;19;29;32;40;43;38;50;46;60;55;56;74;66;68;64;73
BINGO CARABOBO;2176;2;7;12;4;13;27;20;24;16;18;31;41;45;39;47;57;60;49;53;66;72;69;74;71
BINGO CARABOBO;2177;15;3;1;8;11;23;26;22;30;28;40;42;32;36;52;48;58;51;56;62;61;70;63;75
BINGO CARABOBO;2178;10;9;6;14;5;25;21;29;17;19;33;38;44;43;59;54;50;55;46;64;65;67;68;73
BINGO CARABOBO;2179;9;10;4;6;3;30;17;16;28;27;41;34;42;35;55;50;54;51;52;67;70;66;72;61
BINGO CARABOBO;2180;13;2;8;14;5;23;25;24;18;19;33;45;39;43;56;46;49;48;57;73;75;65;64;71
BINGO CARABOBO;2181;15;11;7;12;1;22;21;29;20;26;38;37;31;40;58;59;47;60;53;69;63;74;68;62
BINGO CARABOBO;2182;6;14;2;3;1;23;30;19;17;27;36;44;35;42;55;50;53;54;52;69;61;67;68;65
BINGO CARABOBO;2183;5;10;11;13;9;21;22;28;20;24;33;41;39;45;57;46;49;59;58;74;72;71;70;73
BINGO CARABOBO;2184;12;8;4;15;7;26;16;25;29;18;43;31;38;40;47;51;56;60;48;64;66;63;75;62
BINGO CARABOBO;2185;6;10;2;3;15;26;21;19;16;17;38;36;43;34;49;58;51;55;50;63;66;73;72;68
BINGO CARABOBO;2186;8;14;9;7;1;24;27;29;23;20;31;40;39;45;57;48;53;47;59;74;61;64;75;67
BINGO CARABOBO;2187;12;5;4;13;11;28;22;25;30;18;33;35;42;32;54;56;52;60;46;71;69;62;65;70
BINGO CARABOBO;2188;10;7;4;9;12;20;22;28;24;23;34;40;43;45;55;54;57;50;48;67;64;74;73;65
BINGO CARABOBO;2189;5;6;11;2;14;21;25;19;29;17;42;41;36;44;58;51;53;56;59;66;68;71;72;62
BINGO CARABOBO;2190;3;8;13;1;15;27;26;18;30;16;33;31;37;35;60;52;49;46;47;69;61;75;63;70
BINGO CARABOBO;2191;9;3;4;10;6;18;17;24;28;19;45;40;37;38;58;55;47;51;49;73;71;65;67;70
BINGO CARABOBO;2192;7;13;5;11;2;23;20;25;29;26;36;39;31;33;59;53;54;60;50;63;68;62;72;75
BINGO CARABOBO;2193;12;14;15;1;8;21;22;27;30;16;42;43;32;34;52;56;48;46;57;69;64;66;61;74
BINGO CARABOBO;2194;7;13;8;11;12;21;30;17;28;18;32;39;41;40;56;51;46;47;58;69;67;66;71;70
BINGO CARABOBO;2195;9;14;6;15;2;27;22;20;23;19;37;45;33;34;55;50;53;59;52;61;73;74;75;72
BINGO CARABOBO;2196;1;4;5;10;3;24;16;25;26;29;42;35;38;31;57;49;60;48;54;62;64;65;68;63
BINGO CARABOBO;2197;4;11;6;13;2;17;28;29;23;30;34;40;41;45;57;53;54;52;49;74;69;62;63;65
BINGO CARABOBO;2198;12;10;3;7;5;24;16;21;22;20;32;39;36;33;48;47;55;51;59;68;66;73;64;70
BINGO CARABOBO;2199;14;9;8;1;15;26;19;27;25;18;42;31;43;35;46;58;56;60;50;72;61;67;75;71
BINGO CARABOBO;2200;2;3;6;8;1;18;16;27;22;23;36;34;38;43;57;55;53;56;47;62;65;75;70;72
BINGO CARABOBO;2201;14;13;10;12;11;28;20;24;26;29;37;39;40;41;50;58;51;54;52;71;69;73;63;68
BINGO CARABOBO;2202;7;9;5;4;15;19;30;21;17;25;35;45;32;33;49;46;48;60;59;74;66;67;64;61
BINGO CARABOBO;2203;12;1;13;6;3;20;18;19;26;28;33;43;44;32;57;58;52;53;59;62;69;70;73;68
BINGO CARABOBO;2204;14;9;5;7;10;16;24;29;23;30;36;38;42;35;47;55;50;49;51;71;66;74;65;61
BINGO CARABOBO;2205;2;8;11;4;15;21;25;22;27;17;37;39;45;31;48;54;46;56;60;75;67;64;72;63
BINGO CARABOBO;2206;2;6;9;4;3;26;22;20;19;25;34;37;38;31;52;48;60;47;56;70;67;64;62;74
BINGO CARABOBO;2207;14;13;8;10;12;24;29;23;28;27;35;44;40;42;50;58;49;55;57;66;69;63;65;73
BINGO CARABOBO;2208;5;11;1;7;15;21;16;18;17;30;45;39;32;41;53;46;54;51;59;71;61;75;68;72
BINGO CARABOBO;2209;12;2;13;11;6;18;20;23;28;29;36;39;37;41;56;52;50;46;55;75;66;72;65;74
BINGO CARABOBO;2210;3;8;7;14;9;17;27;25;21;24;34;32;44;31;57;47;54;58;60;63;73;62;68;61
BINGO CARABOBO;2211;1;5;15;4;10;30;19;22;26;16;45;40;33;43;48;51;59;53;49;67;64;70;69;71
BINGO CARABOBO;2212;4;11;15;13;2;20;22;25;21;17;32;40;37;45;49;53;52;51;59;69;70;65;72;66
BINGO CARABOBO;2213;6;9;3;12;14;23;19;18;26;29;34;31;36;38;47;50;58;48;57;68;71;67;74;62
BINGO CARABOBO;2214;7;5;10;8;1;28;30;24;27;16;43;35;44;33;54;56;46;55;60;64;63;73;75;61
BINGO CARABOBO;2215;14;8;7;2;4;17;22;29;27;19;37;34;42;36;48;58;54;53;55;69;70;72;63;73
BINGO CARABOBO;2216;15;3;13;9;6;30;16;26;21;25;35;31;41;43;59;57;49;60;47;65;68;64;66;62
BINGO CARABOBO;2217;10;11;5;1;12;20;23;28;24;18;44;38;33;40;50;52;56;46;51;67;61;74;75;71
BINGO CARABOBO;2218;8;10;5;3;6;20;18;29;21;17;36;45;44;32;49;53;52;57;47;70;64;66;67;65
BINGO CARABOBO;2219;14;7;1;9;4;28;19;23;16;25;39;37;33;40;48;51;55;54;46;68;61;74;62;72
BINGO CARABOBO;2220;11;2;13;15;12;24;30;26;27;22;41;43;31;42;56;59;50;60;58;69;71;73;75;63
BINGO CARABOBO;2221;3;2;7;5;4;26;19;24;23;17;44;36;39;38;59;50;51;53;49;75;65;66;67;63
BINGO CARABOBO;2222;12;13;6;11;14;27;30;18;20;28;41;32;37;34;52;55;56;54;57;62;69;68;74;71
BINGO CARABOBO;2223;15;1;9;8;10;21;22;25;29;16;35;43;31;45;60;46;47;58;48;70;73;64;72;61
BINGO CARABOBO;2224;6;2;7;12;11;23;21;26;20;28;40;38;36;45;48;51;55;47;46;71;68;65;69;66
BINGO CARABOBO;2225;4;8;10;3;9;22;25;27;24;17;32;39;42;34;53;50;52;60;56;62;63;73;74;64
BINGO CARABOBO;2226;1;14;13;15;5;19;30;16;18;29;33;37;31;43;57;59;58;54;49;70;72;61;75;67
BINGO CARABOBO;2227;14;4;8;6;5;26;23;24;27;18;39;42;37;35;54;48;47;59;50;75;64;73;63;72
BINGO CARABOBO;2228;11;1;13;7;2;28;20;22;17;21;36;31;41;32;46;58;55;56;52;68;62;71;70;67
BINGO CARABOBO;2229;9;10;3;12;15;29;25;16;30;19;33;34;38;44;51;49;60;53;57;61;74;66;69;65
BINGO CARABOBO;2230;12;9;13;11;2;16;28;22;24;25;32;44;40;38;48;58;52;49;50;74;71;63;69;67
BINGO CARABOBO;2231;7;6;10;14;8;27;29;30;23;26;34;35;42;33;56;54;59;53;55;66;68;73;62;70
BINGO CARABOBO;2232;5;1;4;15;3;19;20;18;17;21;39;43;31;45;46;57;51;60;47;64;65;75;61;72
BINGO CARABOBO;2233;11;5;12;10;14;25;23;28;29;27;37;35;33;41;50;53;51;56;49;68;74;72;64;65
BINGO CARABOBO;2234;8;3;6;4;7;24;18;20;19;16;40;32;39;34;58;55;59;60;48;73;67;71;61;70
BINGO CARABOBO;2235;9;15;2;13;1;21;22;26;17;30;45;42;31;38;52;57;46;47;54;66;63;69;62;75
BINGO CARABOBO;2236;2;4;6;10;1;25;29;26;23;19;34;40;33;44;51;52;57;56;59;62;63;75;64;72
BINGO CARABOBO;2237;3;9;12;13;8;21;17;18;28;27;36;35;38;43;49;46;50;55;48;65;67;73;68;74
BINGO CARABOBO;2238;15;11;5;7;14;22;20;24;16;30;37;41;32;31;53;58;60;54;47;66;69;70;61;71
BINGO CARABOBO;2239;6;13;9;7;3;21;25;28;22;27;40;41;43;34;50;49;60;46;51;61;63;67;73;64
BINGO CARABOBO;2240;10;5;8;12;15;20;24;16;29;18;37;32;36;42;52;48;54;59;57;74;70;66;68;71
BINGO CARABOBO;2241;1;2;14;4;11;17;23;26;30;19;39;45;44;35;58;53;55;56;47;65;69;72;75;62
BINGO CARABOBO;2242;6;12;8;2;7;23;22;28;19;26;44;42;43;45;55;58;57;48;49;67;71;69;63;68
BINGO CARABOBO;2243;9;14;10;13;5;24;20;25;30;17;34;32;40;35;50;46;53;59;47;74;73;65;70;62
BINGO CARABOBO;2244;11;1;4;15;3;21;27;29;16;18;33;36;38;31;56;52;54;60;51;72;64;75;61;66
BINGO CARABOBO;2245;14;6;9;8;13;18;27;20;17;25;44;39;43;33;57;53;59;48;46;69;63;62;68;71
BINGO CARABOBO;2246;12;4;1;3;5;26;21;23;28;29;40;37;38;36;51;52;49;50;58;66;65;64;72;70
BINGO CARABOBO;2247;7;10;11;15;2;22;19;16;24;30;34;31;32;42;56;54;55;60;47;74;73;75;61;67
BINGO CARABOBO;2248;3;8;14;6;7;16;22;23;21;24;39;38;43;45;49;55;58;47;56;67;74;75;72;62
BINGO CARABOBO;2249;9;15;10;2;5;18;30;19;27;20;41;32;37;44;48;57;59;51;46;63;66;71;70;61
BINGO CARABOBO;2250;1;4;12;13;11;28;17;25;26;29;31;36;40;35;60;54;50;53;52;65;64;69;73;68
BINGO CARABOBO;2251;2;7;5;1;12;17;18;19;30;23;36;40;32;31;57;47;60;52;56;73;66;65;68;72
BINGO CARABOBO;2252;13;11;10;6;15;26;24;27;21;22;39;41;38;45;54;51;50;53;58;74;61;71;67;70
BINGO CARABOBO;2253;9;14;4;8;3;28;20;25;29;16;42;37;43;34;48;55;49;46;59;69;64;75;62;63
BINGO CARABOBO;2254;8;9;13;12;2;28;21;25;23;18;32;34;44;42;47;46;50;49;60;75;62;71;66;68
BINGO CARABOBO;2255;3;4;15;6;11;22;29;27;19;24;33;40;43;31;55;54;51;53;57;72;64;65;69;67
BINGO CARABOBO;2256;7;5;14;10;1;26;17;20;16;30;37;36;45;38;58;56;48;52;59;63;70;73;61;74
BINGO CARABOBO;2257;11;6;9;15;12;27;18;20;25;16;36;45;37;42;47;56;46;48;49;63;70;64;72;67
BINGO CARABOBO;2258;7;10;1;8;5;21;30;28;24;17;44;32;33;41;50;58;55;57;52;65;61;69;66;62
BINGO CARABOBO;2259;3;4;14;13;2;19;23;22;26;29;31;40;34;43;59;54;60;51;53;71;68;75;74;73
BINGO CARABOBO;2260;4;12;3;8;10;24;30;21;23;20;35;41;44;40;56;60;47;48;58;71;62;66;75;70
BINGO CARABOBO;2261;5;11;6;14;7;26;17;22;28;27;36;39;38;43;51;54;52;53;49;64;63;65;72;67
BINGO CARABOBO;2262;1;2;15;9;13;29;18;16;25;19;45;34;32;33;50;57;46;55;59;73;68;69;61;74
BINGO CARABOBO;2263;13;11;1;15;6;30;27;21;22;17;37;40;36;35;50;57;58;47;53;74;64;71;70;73
BINGO CARABOBO;2264;10;4;3;2;7;20;24;25;23;26;42;41;45;34;48;52;59;56;51;69;62;68;63;72
BINGO CARABOBO;2265;9;12;8;5;14;28;29;19;18;16;39;38;44;33;54;55;49;60;46;61;65;66;67;75
BINGO CARABOBO;2266;13;15;1;4;3;30;28;17;19;21;37;36;43;34;53;46;58;52;59;70;68;67;73;72
BINGO CARABOBO;2267;14;8;9;5;6;23;27;22;24;26;45;41;35;42;49;51;48;50;60;63;64;66;71;65
BINGO CARABOBO;2268;10;11;7;2;12;20;25;18;29;16;40;39;33;44;54;55;56;47;57;75;69;62;61;74
BINGO CARABOBO;2269;14;10;5;3;4;27;24;17;23;19;42;37;36;39;54;46;52;58;59;66;70;61;67;72
BINGO CARABOBO;2270;2;7;6;15;8;29;26;21;28;18;43;44;31;32;57;48;53;56;49;69;63;65;64;68
BINGO CARABOBO;2271;9;12;11;13;1;30;20;22;16;25;40;35;34;41;50;51;55;47;60;71;62;75;74;73
BINGO CARABOBO;2272;12;10;1;13;14;28;16;22;18;29;33;36;40;39;50;56;54;48;49;74;62;64;71;75
BINGO CARABOBO;2273;8;3;6;5;15;25;19;24;23;17;31;41;43;42;58;47;52;53;51;72;65;66;67;63
BINGO CARABOBO;2274;7;9;11;4;2;26;30;21;27;20;35;38;32;37;55;57;59;46;60;61;69;68;73;70
BINGO CARABOBO;2275;8;13;5;7;11;27;19;24;23;16;43;42;32;35;54;55;60;47;57;71;65;72;66;63
BINGO CARABOBO;2276;2;12;1;9;6;20;17;25;18;26;40;38;36;41;58;46;50;56;53;69;67;62;68;73
BINGO CARABOBO;2277;15;3;10;14;4;22;28;29;21;30;44;37;33;45;49;59;52;51;48;64;70;61;74;75
BINGO CARABOBO;2278;12;1;2;7;15;17;25;24;28;30;35;37;43;41;60;47;58;51;57;66;62;73;65;71
BINGO CARABOBO;2279;6;11;14;9;8;16;21;22;23;18;40;39;36;44;52;48;46;56;50;75;64;72;63;70
BINGO CARABOBO;2280;5;10;4;3;13;19;27;29;26;20;38;32;34;31;59;53;54;55;49;68;61;74;69;67
BINGO CARABOBO;2281;10;9;7;14;5;23;27;18;22;28;38;42;45;31;50;54;57;48;55;64;71;73;70;62
BINGO CARABOBO;2282;6;4;11;12;13;26;24;19;29;25;33;43;39;37;51;47;56;60;59;75;66;72;65;61
BINGO CARABOBO;2283;2;3;8;15;1;21;30;17;16;20;34;41;32;35;52;46;53;58;49;63;68;69;67;74
BINGO CARABOBO;2284;7;9;1;14;8;30;21;23;25;18;44;45;42;43;57;51;58;48;54;67;71;61;64;63
BINGO CARABOBO;2285;6;3;10;11;12;22;20;27;26;28;33;32;34;38;47;50;49;56;53;68;73;72;65;66
BINGO CARABOBO;2286;5;2;15;13;4;16;24;29;19;17;37;31;39;41;59;55;46;52;60;74;75;69;70;62
BINGO CARABOBO;2287;14;11;10;9;13;25;24;19;18;28;36;38;34;40;48;51;47;46;52;64;69;71;67;61
BINGO CARABOBO;2288;1;3;6;12;4;23;30;26;21;27;33;41;32;44;56;55;60;59;49;74;73;72;75;62
BINGO CARABOBO;2289;5;8;7;2;15;16;22;20;17;29;43;37;35;39;54;53;50;57;58;70;63;66;65;68
BINGO CARABOBO;2290;2;4;8;6;13;27;26;21;18;25;42;33;45;36;49;57;47;59;51;63;71;75;73;64
BINGO CARABOBO;2291;12;7;1;14;10;23;29;17;24;16;43;32;37;39;54;53;50;58;60;65;67;62;69;72
BINGO CARABOBO;2292;3;15;9;11;5;28;22;20;19;30;40;44;34;35;56;55;46;52;48;70;66;61;68;74
BINGO CARABOBO;2293;4;5;9;2;10;21;28;26;30;27;32;42;37;35;54;56;48;57;58;68;65;66;72;64
BINGO CARABOBO;2294;13;8;3;12;6;18;17;23;25;20;43;41;40;44;51;53;52;59;55;67;71;70;73;74
BINGO CARABOBO;2295;1;14;11;15;7;19;22;24;29;16;31;39;36;33;60;49;47;50;46;62;63;75;69;61
BINGO CARABOBO;2296;12;2;10;3;7;19;23;28;17;20;45;39;38;35;56;48;55;50;49;73;65;68;71;66
BINGO CARABOBO;2297;14;8;11;15;5;21;24;26;25;16;40;33;44;32;58;54;60;47;46;72;64;74;69;70
BINGO CARABOBO;2298;1;6;4;9;13;30;27;22;18;29;41;36;34;31;52;57;51;53;59;67;63;62;75;61
BINGO CARABOBO;2299;5;15;3;6;4;19;24;29;16;27;35;38;40;36;49;58;57;54;50;66;64;70;69;74
BINGO CARABOBO;2300;8;11;12;1;2;21;20;22;18;23;44;34;32;31;56;48;52;53;46;65;72;73;63;67
BINGO CARABOBO;2301;9;13;14;7;10;17;30;26;25;28;43;33;42;41;55;47;51;60;59;68;71;61;62;75
BINGO CARABOBO;2302;8;6;15;3;10;30;17;25;21;22;43;36;33;37;54;56;47;55;58;67;73;62;65;71
BINGO CARABOBO;2303;14;5;11;7;1;26;27;24;20;16;42;31;39;45;48;52;51;59;49;69;63;64;74;61
BINGO CARABOBO;2304;4;9;2;12;13;19;18;29;23;28;35;34;40;32;60;53;50;57;46;68;70;66;75;72
BINGO CARABOBO;2305;15;13;14;6;8;16;25;20;22;27;33;41;40;34;51;49;54;58;48;63;73;68;66;67
BINGO CARABOBO;2306;9;3;5;7;4;19;21;17;30;26;38;44;31;45;52;53;56;50;55;65;74;70;71;72
BINGO CARABOBO;2307;10;11;2;12;1;28;23;24;29;18;36;42;35;39;59;60;47;57;46;62;69;64;75;61
BINGO CARABOBO;2308;11;9;2;8;4;16;17;24;26;29;40;32;31;34;52;47;49;54;57;67;62;68;69;75
BINGO CARABOBO;2309;3;6;15;7;5;22;20;28;21;25;45;36;42;37;53;46;60;56;55;72;64;71;65;61
BINGO CARABOBO;2310;10;12;13;1;14;27;23;19;18;30;35;39;41;38;58;50;48;51;59;74;70;63;73;66
BINGO CARABOBO;2311;2;6;15;13;10;22;21;18;25;24;37;39;31;35;49;47;51;57;46;69;75;67;68;72
BINGO CARABOBO;2312;7;1;8;11;5;29;19;27;20;23;42;32;36;33;60;56;58;55;53;61;65;63;73;70
BINGO CARABOBO;2313;3;9;4;12;14;26;28;30;16;17;34;43;44;45;48;52;54;59;50;62;71;66;64;74
BINGO CARABOBO;2314;14;9;10;3;5;20;23;29;25;19;44;43;45;40;58;59;53;55;54;74;63;62;68;64
BINGO CARABOBO;2315;8;6;12;11;1;27;24;17;18;28;42;32;38;37;47;56;52;60;57;70;73;66;72;61
BINGO CARABOBO;2316;7;15;13;4;2;16;22;26;21;30;33;34;35;39;49;50;48;46;51;75;67;71;65;69
BINGO CARABOBO;2317;9;11;8;13;2;18;21;16;26;24;42;43;33;38;51;48;47;46;52;72;70;68;64;67
BINGO CARABOBO;2318;5;7;6;3;12;23;25;27;28;29;34;35;36;41;55;59;53;58;50;69;66;73;75;74
BINGO CARABOBO;2319;10;15;1;14;4;30;19;20;22;17;40;32;45;31;57;60;54;56;49;62;63;65;61;71
BINGO CARABOBO;2320;7;12;13;14;4;21;29;24;28;27;34;38;37;39;54;51;57;55;60;63;71;74;72;66
BINGO CARABOBO;2321;5;2;10;9;11;30;25;18;23;19;33;45;42;31;58;48;53;47;49;69;75;65;68;67
BINGO CARABOBO;2322;6;8;3;1;15;16;26;20;22;17;35;44;32;41;50;52;56;59;46;62;73;61;64;70
BINGO CARABOBO;2323;7;3;14;2;4;28;29;19;26;27;33;39;36;43;58;54;59;49;46;63;66;67;69;70
BINGO CARABOBO;2324;8;6;11;12;10;17;20;24;30;23;35;40;42;41;50;55;52;47;48;75;62;64;73;61
BINGO CARABOBO;2325;9;15;1;5;13;21;16;22;25;18;31;38;44;32;57;51;53;56;60;71;72;74;68;65
BINGO CARABOBO;2326;2;7;4;13;14;17;19;23;29;16;39;41;40;35;59;50;52;55;48;64;63;65;62;75
BINGO CARABOBO;2327;15;6;11;12;3;25;20;24;28;22;38;45;33;34;47;49;51;53;58;70;66;67;72;69
BINGO CARABOBO;2328;5;9;1;10;8;26;21;27;18;30;42;37;36;44;46;54;57;60;56;73;71;68;74;61
BINGO CARABOBO;2329;11;10;7;6;14;30;19;18;25;21;32;40;38;41;55;49;56;52;57;68;64;69;72;65
BINGO CARABOBO;2330;1;4;12;8;3;23;26;29;17;22;36;39;31;45;58;54;51;59;48;66;62;74;73;63
BINGO CARABOBO;2331;13;15;5;2;9;24;28;27;16;20;43;42;34;33;60;50;47;46;53;70;71;67;75;61
BINGO CARABOBO;2332;7;13;10;9;5;22;25;28;30;27;40;41;34;37;60;54;55;46;53;65;74;70;66;68
BINGO CARABOBO;2333;12;11;2;1;6;26;18;21;24;17;35;39;44;43;56;58;50;57;48;73;64;69;67;72
BINGO CARABOBO;2334;8;14;4;15;3;19;29;20;23;16;45;33;38;32;47;59;51;52;49;71;62;63;61;75
BINGO CARABOBO;2335;14;3;7;10;2;25;18;21;22;20;38;45;32;42;53;60;47;51;58;72;67;69;71;68
BINGO CARABOBO;2336;12;15;6;1;9;23;29;24;26;17;37;39;43;44;49;46;54;57;56;73;62;65;61;63
BINGO CARABOBO;2337;11;5;8;13;4;19;27;28;30;16;33;31;41;36;50;52;55;59;48;66;74;70;64;75
BINGO CARABOBO;2338;10;12;3;5;2;16;21;18;19;30;42;37;33;34;56;54;59;57;49;66;61;69;73;74
BINGO CARABOBO;2339;11;1;4;15;6;28;24;17;29;25;41;44;31;36;58;47;50;48;46;62;67;68;65;72
BINGO CARABOBO;2340;14;7;9;13;8;22;26;23;20;27;32;40;35;43;52;53;55;60;51;71;70;64;75;63
BINGO CARABOBO;2341;8;9;3;11;7;23;19;17;27;30;33;35;38;43;48;53;54;56;50;68;67;69;64;70
BINGO CARABOBO;2342;13;14;4;2;10;25;24;20;16;26;42;31;36;40;49;58;60;51;57;72;63;66;71;74
BINGO CARABOBO;2343;5;12;6;1;15;29;21;22;18;28;37;39;44;32;46;59;52;47;55;73;65;62;61;75
BINGO CARABOBO;2344;4;14;9;5;10;25;18;20;26;21;34;32;41;44;55;52;53;56;57;69;73;65;68;66
BINGO CARABOBO;2345;3;6;8;12;1;22;29;19;24;23;36;31;42;40;51;58;47;48;50;62;72;71;63;70
BINGO CARABOBO;2346;7;2;15;11;13;28;16;27;30;17;35;39;43;45;60;49;46;54;59;74;61;75;67;64
BINGO CARABOBO;2347;10;9;2;5;8;20;26;21;24;25;45;39;32;43;59;58;54;51;53;68;63;73;72;67
BINGO CARABOBO;2348;7;14;6;13;3;16;19;23;29;30;38;34;35;36;49;56;50;57;55;69;61;64;66;75
BINGO CARABOBO;2349;12;4;11;1;15;28;17;22;18;27;37;44;40;42;48;47;52;46;60;70;62;71;74;65
BINGO CARABOBO;2350;6;5;3;10;8;20;26;21;28;17;31;43;38;33;51;57;54;50;55;71;67;68;75;70
BINGO CARABOBO;2351;14;9;12;13;11;27;29;18;22;24;41;32;36;45;58;49;52;47;60;69;66;73;72;74
BINGO CARABOBO;2352;15;2;1;4;7;19;16;23;25;30;42;37;40;39;56;48;53;59;46;62;65;64;63;61
BINGO CARABOBO;2353;13;2;8;14;3;23;22;24;30;26;40;44;34;35;57;56;49;59;53;62;74;65;68;72
BINGO CARABOBO;2354;5;4;11;1;9;21;25;18;20;19;41;33;38;43;50;51;60;52;54;64;70;67;69;75
BINGO CARABOBO;2355;12;6;15;10;7;28;27;29;17;16;31;37;45;42;48;55;58;46;47;71;63;73;66;61
BINGO CARABOBO;2356;1;4;14;9;11;16;18;28;21;25;39;31;40;41;47;56;48;58;60;66;68;62;63;70
BINGO CARABOBO;2357;10;8;12;3;5;23;19;27;29;20;44;36;35;42;46;59;50;53;55;72;67;61;65;69
BINGO CARABOBO;2358;6;15;7;13;2;26;24;17;30;22;34;38;45;33;57;51;52;54;49;73;74;71;64;75
BINGO CARABOBO;2359;9;2;1;7;11;21;25;19;29;28;33;37;34;41;56;50;57;51;60;71;63;61;65;72
BINGO CARABOBO;2360;12;8;14;6;3;26;24;18;22;23;39;44;42;43;48;58;59;49;52;66;74;67;64;68
BINGO CARABOBO;2361;15;10;5;13;4;17;27;16;30;20;38;45;32;35;47;54;53;55;46;69;73;62;75;70
BINGO CARABOBO;2362;5;2;9;12;10;17;23;25;27;19;34;35;44;43;57;59;58;55;56;69;73;70;65;75
BINGO CARABOBO;2363;13;1;8;11;6;30;28;24;16;20;32;36;41;45;51;50;52;47;49;63;67;62;64;68
BINGO CARABOBO;2364;3;14;4;7;15;22;18;26;29;21;37;40;31;42;48;54;53;46;60;72;61;71;66;74
BINGO CARABOBO;2365;6;12;11;10;4;24;16;29;23;26;38;40;45;39;53;54;47;59;51;73;62;61;63;69
BINGO CARABOBO;2366;9;5;7;15;3;17;20;27;22;25;42;41;43;32;55;52;48;58;57;71;74;67;72;66
BINGO CARABOBO;2367;8;2;14;13;1;18;30;21;19;28;34;35;36;44;49;56;60;46;50;70;64;68;65;75
BINGO CARABOBO;2368;10;15;9;2;11;22;21;23;17;24;39;43;36;41;59;55;60;47;56;71;74;65;64;63
BINGO CARABOBO;2369;13;1;12;4;6;27;29;26;18;19;37;38;44;34;54;51;50;46;49;68;67;73;69;70
BINGO CARABOBO;2370;8;14;7;3;5;16;28;25;20;30;42;40;31;45;53;58;52;57;48;72;66;62;75;61
BINGO CARABOBO;2371;12;11;14;5;15;29;22;18;16;20;36;40;43;39;51;60;50;46;55;67;70;71;66;73
BINGO CARABOBO;2372;7;3;10;1;6;26;21;28;19;23;34;41;35;33;48;58;56;54;59;74;61;63;62;69
BINGO CARABOBO;2373;8;4;2;13;9;24;17;27;25;30;32;45;42;31;47;53;57;49;52;72;65;68;75;64
BINGO CARABOBO;2374;10;4;7;6;8;23;25;29;27;20;40;39;32;41;60;51;58;48;47;74;65;67;61;72
BINGO CARABOBO;2375;14;9;3;11;1;17;18;22;16;19;34;38;37;44;50;55;57;52;59;68;69;70;66;71
BINGO CARABOBO;2376;5;12;13;15;2;24;26;30;21;28;36;42;45;33;49;54;53;46;56;62;63;73;75;64
BINGO CARABOBO;2377;4;9;10;11;6;30;27;18;24;23;37;34;35;42;53;51;59;60;52;74;62;67;73;72
BINGO CARABOBO;2378;14;2;15;8;3;17;20;22;29;21;36;39;38;32;55;46;57;54;48;69;65;66;64;71
BINGO CARABOBO;2379;5;12;7;1;13;28;26;16;25;19;43;44;33;31;47;49;50;56;58;63;70;75;61;68
BINGO CARABOBO;2380;9;6;10;14;2;23;28;22;19;18;33;40;43;41;54;53;47;58;56;69;71;68;65;73
BINGO CARABOBO;2381;12;11;5;7;15;17;24;21;29;25;35;44;38;42;57;51;46;59;48;67;64;70;72;63
BINGO CARABOBO;2382;1;4;13;3;8;26;27;20;30;16;34;36;45;37;49;50;60;52;55;74;66;62;75;61
BINGO CARABOBO;2383;3;7;1;6;2;23;20;25;17;21;41;38;42;43;55;56;48;52;50;74;70;63;69;68
BINGO CARABOBO;2384;5;9;4;15;13;28;27;29;18;30;40;37;33;35;46;49;51;57;47;67;64;71;65;62
BINGO CARABOBO;2385;10;8;12;14;11;22;24;16;19;26;31;36;45;44;54;58;59;60;53;73;66;72;61;75
BINGO CARABOBO;2386;9;2;7;14;11;26;21;27;28;30;38;37;43;41;58;56;52;51;59;75;64;62;73;69
BINGO CARABOBO;2387;3;5;10;15;6;24;18;20;22;19;39;32;34;45;57;50;53;55;48;74;68;71;72;67
BINGO CARABOBO;2388;4;8;13;12;1;23;29;16;17;25;36;40;44;33;54;47;49;46;60;61;65;66;70;63
BINGO CARABOBO;2389;2;9;7;14;15;27;21;23;28;19;33;39;40;44;60;52;56;51;48;62;63;74;75;65
BINGO CARABOBO;2390;4;6;11;12;8;18;24;20;22;17;32;42;37;36;47;59;50;53;55;69;64;71;61;70
BINGO CARABOBO;2391;3;1;5;13;10;29;16;30;26;25;31;35;34;45;49;57;54;58;46;72;66;68;67;73
BINGO CARABOBO;2392;8;9;3;5;15;29;23;19;24;21;42;37;35;40;57;58;56;60;46;66;64;61;71;73
BINGO CARABOBO;2393;13;14;7;1;10;27;25;18;26;28;34;38;39;43;50;53;54;55;59;72;70;74;67;65
BINGO CARABOBO;2394;2;4;6;12;11;20;17;16;30;22;36;31;33;32;52;48;49;51;47;68;63;69;75;62
BINGO CARABOBO;2395;14;13;11;4;1;19;30;18;24;29;35;34;32;39;56;57;51;58;55;64;68;67;74;73
BINGO CARABOBO;2396;12;7;3;5;9;27;22;17;20;26;37;36;33;42;60;53;52;59;54;75;71;69;61;70
BINGO CARABOBO;2397;2;6;10;15;8;28;21;25;16;23;45;40;31;38;49;50;47;48;46;65;63;62;72;66
BINGO CARABOBO;2398;4;8;6;1;7;28;20;23;21;26;35;38;42;36;52;47;49;53;48;70;67;73;69;62
BINGO CARABOBO;2399;5;9;13;14;2;29;18;30;19;22;43;37;45;31;57;56;59;55;58;65;71;63;64;75
BINGO CARABOBO;2400;11;15;10;3;12;17;25;27;16;24;41;33;32;40;51;60;50;46;54;74;66;68;72;61
BINGO CARABOBO;2401;13;6;12;3;5;21;26;25;23;24;34;39;37;40;56;49;50;60;58;66;72;75;64;73
BINGO CARABOBO;2402;2;1;9;11;10;28;17;27;19;22;33;32;44;35;54;46;57;53;48;63;71;74;67;62
BINGO CARABOBO;2403;4;14;15;7;8;18;20;29;30;16;31;42;41;45;51;59;52;47;55;65;61;69;70;68
BINGO CARABOBO;2404;9;2;4;3;7;22;28;25;21;17;37;38;34;43;54;57;53;49;58;64;69;68;74;65
BINGO CARABOBO;2405;6;11;15;14;5;19;20;18;23;26;32;44;33;35;48;47;59;52;56;72;70;67;71;75
BINGO CARABOBO;2406;8;10;12;13;1;24;27;30;16;29;31;42;36;45;51;55;50;46;60;62;66;73;61;63
BINGO CARABOBO;2407;2;10;9;4;11;27;20;16;17;22;32;40;42;37;50;57;49;53;46;71;72;74;64;63
BINGO CARABOBO;2408;3;6;5;13;1;23;24;21;28;30;39;33;41;44;52;47;55;51;56;70;73;66;67;69
BINGO CARABOBO;2409;7;8;12;15;14;26;19;18;25;29;31;38;36;35;54;58;59;60;48;75;65;62;61;68
BINGO CARABOBO;2410;11;12;7;8;10;26;20;17;23;21;42;33;34;38;52;56;59;58;50;73;67;65;66;64
BINGO CARABOBO;2411;1;6;5;14;13;16;22;27;19;24;41;36;35;45;51;53;60;54;49;72;69;68;70;62
BINGO CARABOBO;2412;9;4;3;2;15;29;30;28;25;18;44;32;39;43;57;48;47;55;46;71;63;74;75;61
BINGO CARABOBO;2413;10;2;9;4;6;24;17;22;27;30;43;38;32;37;58;49;54;52;48;74;64;65;66;62
BINGO CARABOBO;2414;5;1;8;7;15;16;21;19;20;26;40;41;34;35;59;53;51;55;50;63;69;67;73;71
BINGO CARABOBO;2415;11;12;3;13;14;25;23;18;29;28;36;39;31;42;47;46;56;60;57;72;61;70;75;68
BINGO CARABOBO;2416;4;10;5;1;13;23;21;26;24;30;43;41;35;44;49;51;58;47;46;61;70;71;74;72
BINGO CARABOBO;2417;6;11;9;3;14;20;28;25;22;27;36;37;33;45;53;54;55;50;59;66;69;65;64;73
BINGO CARABOBO;2418;2;12;15;7;8;19;16;18;17;29;38;40;42;31;56;52;60;57;48;67;68;63;75;62
BINGO CARABOBO;2419;7;12;3;11;14;20;22;23;17;25;32;33;43;45;58;56;51;48;53;69;62;67;75;66
BINGO CARABOBO;2420;4;9;5;10;6;24;18;19;29;28;31;38;41;36;50;47;54;57;49;72;61;71;70;68
BINGO CARABOBO;2421;8;13;2;15;1;21;26;16;30;27;44;40;34;37;52;60;59;46;55;74;73;64;63;65
BINGO CARABOBO;2422;11;9;13;3;4;21;17;26;24;27;32;44;43;38;48;58;52;56;46;75;66;72;64;67
BINGO CARABOBO;2423;8;7;12;2;14;25;28;30;23;29;34;33;36;39;51;59;49;60;47;65;69;70;63;73
BINGO CARABOBO;2424;5;1;10;15;6;19;22;18;16;20;35;41;31;40;57;54;53;50;55;71;74;61;68;62
BINGO CARABOBO;2425;7;12;9;15;13;28;27;26;25;29;36;39;33;43;49;52;50;56;54;65;72;70;63;64
BINGO CARABOBO;2426;6;3;5;4;2;22;17;20;19;21;38;32;37;35;47;55;46;59;51;73;69;71;74;68
BINGO CARABOBO;2427;10;1;14;8;11;16;18;24;30;23;31;41;42;45;57;58;60;48;53;62;66;67;61;75
BINGO CARABOBO;2428;13;1;4;10;14;27;18;26;25;16;33;40;37;43;49;54;56;57;58;74;73;65;66;62
BINGO CARABOBO;2429;12;5;9;11;7;30;23;20;28;24;32;45;36;41;50;47;55;52;46;64;68;70;63;61
BINGO CARABOBO;2430;3;8;6;2;15;19;21;22;17;29;35;38;34;31;51;53;59;48;60;71;67;69;72;75
BINGO CARABOBO;2431;3;12;5;14;10;25;29;20;26;19;44;31;33;38;56;59;54;49;48;67;69;65;72;64
BINGO CARABOBO;2432;1;13;9;11;2;27;17;21;18;16;37;34;39;42;47;50;51;58;57;74;68;66;62;71
BINGO CARABOBO;2433;8;7;6;4;15;28;23;22;30;24;36;45;41;40;60;52;55;53;46;70;63;73;75;61
BINGO CARABOBO;2434;15;11;7;13;5;22;20;27;17;25;42;31;41;33;54;58;57;47;48;66;70;73;64;68
BINGO CARABOBO;2435;8;12;4;10;6;26;24;28;19;23;32;34;44;43;49;46;53;56;55;63;74;67;72;71
BINGO CARABOBO;2436;3;1;14;2;9;30;16;18;21;29;36;38;45;39;59;51;52;60;50;62;75;65;61;69
BINGO CARABOBO;2437;14;7;9;6;12;19;22;27;26;20;38;44;34;42;57;58;48;49;51;75;68;74;65;71
BINGO CARABOBO;2438;11;8;2;5;4;28;21;25;29;30;40;39;31;33;54;53;46;52;59;64;67;66;73;61
BINGO CARABOBO;2439;3;10;15;1;13;23;17;18;16;24;41;36;35;43;56;50;60;47;55;69;63;70;62;72
BINGO CARABOBO;2440;9;13;3;5;6;22;20;21;19;24;33;41;35;43;51;53;57;49;56;70;73;74;71;61
BINGO CARABOBO;2441;8;14;11;4;7;16;18;25;17;28;39;37;31;40;48;55;60;54;50;65;66;69;67;68
BINGO CARABOBO;2442;10;12;15;1;2;27;30;29;26;23;42;32;45;44;52;47;58;59;46;62;72;63;75;64
BINGO CARABOBO;2443;4;9;11;8;1;21;23;24;20;19;42;34;40;33;58;55;53;47;54;71;65;68;74;64
BINGO CARABOBO;2444;15;6;7;10;3;28;22;16;30;27;38;43;39;32;48;50;49;52;59;69;67;63;73;66
BINGO CARABOBO;2445;14;2;12;5;13;17;29;25;26;18;41;37;35;44;46;56;57;60;51;70;62;72;61;75
BINGO CARABOBO;2446;4;12;15;14;5;26;28;16;19;24;44;37;32;45;59;55;58;50;48;63;65;71;72;74
BINGO CARABOBO;2447;6;7;2;10;13;29;18;27;21;23;35;40;38;31;57;60;52;51;53;67;62;64;69;70
BINGO CARABOBO;2448;8;1;11;9;3;25;20;30;17;22;41;39;34;36;54;47;46;49;56;68;66;75;61;73
BINGO CARABOBO;2449;6;1;3;9;8;26;16;24;18;28;33;37;45;39;56;50;48;49;58;69;61;70;71;68
BINGO CARABOBO;2450;11;13;12;7;14;21;29;17;27;20;38;41;32;43;59;54;55;57;47;64;75;65;63;74
BINGO CARABOBO;2451;4;5;10;15;2;25;22;30;19;23;36;35;44;31;52;53;60;51;46;66;67;62;72;73
BINGO CARABOBO;2452;11;4;13;2;9;22;18;21;23;20;35;36;44;40;48;52;54;55;56;67;62;61;72;69
BINGO CARABOBO;2453;1;12;5;8;14;26;28;29;17;25;34;32;37;38;47;53;49;59;50;75;66;70;65;74
BINGO CARABOBO;2454;15;10;7;3;6;27;19;30;16;24;45;41;43;31;60;51;46;58;57;64;73;63;71;68
BINGO CARABOBO;2455;9;7;12;11;3;27;24;18;22;28;45;32;43;42;48;55;56;60;49;73;72;65;71;62
BINGO CARABOBO;2456;8;15;2;14;4;19;23;21;17;20;34;36;35;41;53;57;52;47;58;74;64;63;68;75
BINGO CARABOBO;2457;5;10;6;1;13;26;25;29;16;30;31;38;44;39;50;46;51;59;54;67;69;66;70;61
BINGO CARABOBO;2458;11;3;14;1;8;18;17;20;26;27;43;39;35;40;51;59;50;57;49;68;66;70;74;63
BINGO CARABOBO;2459;6;13;12;7;15;29;22;24;25;30;32;36;37;31;55;47;54;58;46;65;67;75;64;69
BINGO CARABOBO;2460;5;9;4;2;10;21;19;23;28;16;41;44;45;33;53;48;56;52;60;72;73;62;71;61
BINGO CARABOBO;2461;6;3;12;10;9;29;25;19;26;21;34;33;43;38;57;49;59;47;50;68;63;65;71;67
BINGO CARABOBO;2462;8;11;4;14;1;18;28;24;22;20;31;37;36;42;54;56;46;48;53;64;74;72;70;69
BINGO CARABOBO;2463;5;15;13;2;7;17;23;27;16;30;44;39;40;32;55;58;51;60;52;73;62;66;61;75
BINGO CARABOBO;2464;7;10;14;13;12;21;25;19;20;29;42;40;44;43;56;59;57;49;53;68;66;69;62;65
BINGO CARABOBO;2465;9;3;8;4;1;26;18;28;16;23;33;37;34;39;60;48;54;51;55;64;72;73;63;75
BINGO CARABOBO;2466;15;2;6;5;11;24;27;22;30;17;41;45;36;35;50;52;47;58;46;70;71;67;61;74
BINGO CARABOBO;2467;13;5;11;7;10;26;22;23;30;21;43;35;44;32;57;56;55;58;49;71;68;64;73;65
BINGO CARABOBO;2468;14;3;6;2;15;17;16;24;20;27;39;38;31;40;59;60;51;53;52;72;63;67;74;70
BINGO CARABOBO;2469;12;4;8;9;1;18;28;25;19;29;34;36;41;42;46;47;48;54;50;66;69;61;62;75
BINGO CARABOBO;2470;12;14;7;11;13;30;17;16;21;18;39;41;32;42;54;55;51;59;50;74;69;68;62;71
BINGO CARABOBO;2471;4;9;2;8;10;23;25;24;27;19;40;38;35;36;52;49;47;58;48;75;66;72;64;70
BINGO CARABOBO;2472;6;1;5;3;15;29;22;26;20;28;44;31;33;45;46;57;53;56;60;63;67;65;61;73
BINGO CARABOBO;2473;2;15;7;1;5;22;27;23;25;16;33;40;41;42;59;48;52;60;58;72;68;67;65;71
BINGO CARABOBO;2474;8;6;10;13;12;18;29;24;20;28;39;37;43;34;55;51;54;47;50;70;66;75;63;69
BINGO CARABOBO;2475;4;9;11;3;14;26;30;19;17;21;35;32;38;44;53;49;56;46;57;64;73;62;74;61
BINGO CARABOBO;2476;6;9;11;8;2;21;19;17;22;28;39;40;37;32;55;60;48;49;56;61;72;63;68;65
BINGO CARABOBO;2477;14;4;10;13;12;25;24;29;27;26;35;38;33;42;52;54;53;58;57;67;74;71;66;69
BINGO CARABOBO;2478;5;1;7;3;15;23;16;20;18;30;36;31;34;44;47;51;46;59;50;75;64;70;73;62
BINGO CARABOBO;2479;15;2;3;4;5;30;19;17;26;22;44;31;42;34;51;55;56;47;50;72;68;70;67;61
BINGO CARABOBO;2480;10;8;11;6;7;23;20;28;27;18;36;41;39;45;54;59;60;46;49;75;74;71;73;65
BINGO CARABOBO;2481;9;13;12;14;1;16;25;29;21;24;37;33;38;43;53;52;48;57;58;66;69;62;64;63
BINGO CARABOBO;2482;7;4;6;3;11;27;26;22;21;16;43;33;39;35;50;58;48;56;57;71;65;72;67;73
BINGO CARABOBO;2483;2;14;13;9;8;18;23;29;20;28;37;40;42;45;47;55;53;49;60;64;66;62;70;63
BINGO CARABOBO;2484;1;15;10;12;5;25;17;24;19;30;41;31;36;44;59;54;46;52;51;74;68;69;61;75
BINGO CARABOBO;2485;8;6;10;12;14;22;29;18;17;30;41;33;39;37;56;57;52;58;59;63;73;72;74;66
BINGO CARABOBO;2486;13;7;3;11;2;21;24;27;20;26;44;34;45;35;51;54;53;46;47;68;70;75;64;67
BINGO CARABOBO;2487;5;9;4;15;1;25;23;28;16;19;32;43;42;31;48;60;50;55;49;62;61;71;65;69
BINGO CARABOBO;2488;14;8;12;7;10;23;26;30;19;25;34;42;43;41;48;55;59;56;51;63;70;73;62;68
BINGO CARABOBO;2489;2;9;13;6;15;20;22;29;17;24;40;35;38;32;46;47;53;58;52;74;67;66;72;64
BINGO CARABOBO;2490;11;3;1;5;4;27;18;16;21;28;36;33;45;31;57;54;50;60;49;71;75;69;61;65
BINGO CARABOBO;2491;11;5;8;9;7;27;29;19;21;18;43;33;45;40;56;50;51;47;52;73;70;61;75;65
BINGO CARABOBO;2492;12;1;15;3;4;26;17;20;22;23;35;34;39;36;58;60;54;48;55;62;66;67;71;74
BINGO CARABOBO;2493;6;13;10;2;14;28;30;16;24;25;32;38;31;42;49;57;59;46;53;64;68;69;72;63
BINGO CARABOBO;2494;3;12;13;2;10;28;30;22;16;26;42;38;40;43;46;48;51;49;47;65;71;70;74;66
BINGO CARABOBO;2495;15;6;8;5;11;17;19;20;29;23;35;37;44;34;59;52;50;56;58;64;73;62;68;72
BINGO CARABOBO;2496;9;7;1;4;14;27;24;21;25;18;41;31;45;32;57;60;55;54;53;63;61;75;67;69
BINGO CARABOBO;2497;5;3;4;14;12;22;18;27;28;24;35;42;40;37;50;48;52;47;54;67;63;64;68;66
BINGO CARABOBO;2498;8;2;7;6;11;17;20;23;26;30;38;44;41;45;58;55;59;51;56;65;70;73;74;75
BINGO CARABOBO;2499;10;13;9;15;1;19;29;21;16;25;32;33;43;31;49;53;60;46;57;69;62;61;71;72
BINGO CARABOBO;2500;9;6;2;7;4;23;22;30;18;27;41;33;31;34;51;46;48;54;47;65;71;61;73;72
BINGO CARABOBO;2501;14;10;15;5;12;20;25;19;26;16;45;36;42;37;58;53;52;55;50;69;63;70;64;66
BINGO CARABOBO;2502;13;3;1;11;8;24;29;17;21;28;35;39;40;32;56;49;57;59;60;74;68;67;62;75
BINGO CARABOBO;2503;8;10;4;12;6;29;28;25;17;16;32;38;41;44;54;58;60;52;46;69;74;70;67;71
BINGO CARABOBO;2504;7;14;1;5;13;22;19;21;23;20;45;34;39;36;56;59;47;49;50;73;66;61;72;65
BINGO CARABOBO;2505;3;11;2;15;9;26;27;24;30;18;43;40;35;31;48;55;51;57;53;75;63;64;68;62
BINGO CARABOBO;2506;12;8;1;10;6;22;26;16;18;27;32;33;43;38;55;53;48;58;57;73;64;71;66;70
BINGO CARABOBO;2507;5;4;9;11;14;29;25;20;23;30;36;39;34;35;49;54;56;46;52;67;68;75;63;62
BINGO CARABOBO;2508;13;3;7;2;15;19;24;21;17;28;40;41;31;44;60;50;47;59;51;74;65;61;72;69
BINGO CARABOBO;2509;15;11;9;13;8;28;16;26;20;23;33;35;38;41;54;47;46;53;57;74;62;71;66;68
BINGO CARABOBO;2510;14;4;2;3;7;29;27;25;19;21;39;34;32;40;51;59;50;58;49;70;67;72;65;73
BINGO CARABOBO;2511;6;1;5;10;12;22;17;24;18;30;42;43;37;36;55;48;56;60;52;75;69;61;64;63
BINGO CARABOBO;2512;14;15;13;2;7;27;20;18;24;21;37;41;31;32;57;53;51;50;55;64;66;63;73;69
BINGO CARABOBO;2513;9;5;12;10;8;22;17;26;25;19;42;43;38;40;54;59;52;58;48;74;67;70;72;75
BINGO CARABOBO;2514;6;4;3;11;1;16;29;28;30;23;33;44;45;34;47;49;60;56;46;68;65;62;71;61
BINGO CARABOBO;2515;13;7;5;8;1;20;17;23;19;16;44;35;39;31;54;47;51;58;56;70;71;69;68;72
BINGO CARABOBO;2516;10;4;9;11;3;22;29;26;25;21;42;40;43;41;59;46;60;52;55;64;67;74;63;73
BINGO CARABOBO;2517;2;14;6;15;12;30;24;28;18;27;33;36;32;45;48;53;50;49;57;66;61;62;65;75
BINGO CARABOBO;2518;8;4;2;12;6;27;18;19;26;21;35;41;38;42;60;46;49;58;53;74;63;64;61;73
BINGO CARABOBO;2519;7;11;3;9;1;25;22;17;28;20;45;33;43;31;48;50;51;52;56;66;65;71;68;69
BINGO CARABOBO;2520;10;14;15;13;5;23;16;29;24;30;37;36;40;34;57;55;54;59;47;72;67;70;75;62
BINGO CARABOBO;2521;5;14;7;8;2;20;24;19;26;21;37;44;38;40;47;52;59;57;49;67;64;68;71;65
BINGO CARABOBO;2522;4;10;15;6;13;23;25;22;28;18;45;32;35;31;60;53;50;56;48;73;69;66;75;62
BINGO CARABOBO;2523;9;11;1;3;12;29;30;27;16;17;33;34;41;39;55;54;51;46;58;63;74;70;61;72
BINGO CARABOBO;2524;12;7;4;3;1;28;29;17;22;18;43;44;36;41;53;52;48;55;51;69;63;68;65;66
BINGO CARABOBO;2525;8;9;13;6;11;25;27;23;24;30;34;42;45;33;49;54;57;50;59;73;70;62;61;71
BINGO CARABOBO;2526;14;10;15;2;5;16;26;20;21;19;35;32;31;40;56;47;58;46;60;67;74;64;75;72
BINGO CARABOBO;2527;8;12;4;9;14;20;29;16;30;27;33;31;35;34;56;49;55;54;47;61;68;73;71;69
BINGO CARABOBO;2528;13;1;5;3;11;22;19;17;21;25;43;42;41;44;58;48;57;59;51;72;63;62;67;65
BINGO CARABOBO;2529;2;7;10;15;6;28;26;18;23;24;45;32;40;38;50;52;53;60;46;66;74;70;64;75
BINGO CARABOBO;2530;13;4;6;14;10;20;24;26;25;27;35;44;40;39;52;50;55;49;48;72;70;64;71;65
BINGO CARABOBO;2531;5;7;8;3;9;18;22;29;21;17;34;42;38;43;59;46;53;51;56;66;73;74;68;62
BINGO CARABOBO;2532;2;11;12;1;15;16;28;19;23;30;37;45;41;32;58;47;54;57;60;61;63;67;69;75
BINGO CARABOBO;2533;9;11;15;13;12;23;20;17;22;25;36;40;39;31;52;58;60;48;54;65;64;66;61;73
BINGO CARABOBO;2534;2;10;8;6;3;24;21;18;28;19;43;34;41;35;49;50;53;46;51;75;67;71;68;70
BINGO CARABOBO;2535;7;5;4;1;14;26;27;30;16;29;38;42;45;32;56;57;55;47;59;72;69;74;62;63
BINGO CARABOBO;2536;9;4;2;14;5;24;28;21;26;20;40;38;43;31;48;59;60;49;50;67;64;71;74;70
BINGO CARABOBO;2537;1;7;11;12;8;22;30;25;23;29;36;37;39;35;47;51;57;55;56;66;62;72;63;73
BINGO CARABOBO;2538;6;3;15;10;13;17;18;19;16;27;45;33;44;32;52;54;53;58;46;69;61;65;75;68
BINGO CARABOBO;2539;9;5;4;11;10;27;18;24;17;29;36;44;38;39;50;51;55;56;57;63;62;72;74;67
BINGO CARABOBO;2540;3;14;6;7;8;26;22;28;19;21;34;45;37;41;53;49;58;52;47;68;66;70;73;64
BINGO CARABOBO;2541;15;2;12;13;1;20;23;30;25;16;42;31;33;43;59;60;48;54;46;69;65;71;61;75
BINGO CARABOBO;2542;14;3;2;1;11;17;24;29;22;21;40;42;41;33;50;48;59;56;60;66;73;63;67;61
BINGO CARABOBO;2543;5;12;15;6;13;16;19;25;27;23;34;38;37;32;49;57;54;52;53;75;71;64;65;74
BINGO CARABOBO;2544;7;9;10;8;4;18;30;28;26;20;43;31;45;39;58;46;51;55;47;70;72;69;62;68
BINGO CARABOBO;2545;5;6;3;4;8;17;18;16;20;28;43;37;45;41;55;58;48;56;47;63;65;64;68;69
BINGO CARABOBO;2546;13;9;15;2;12;22;24;30;25;21;31;42;44;36;57;49;53;51;59;72;62;66;70;75
BINGO CARABOBO;2547;14;7;10;11;1;26;27;23;19;29;34;35;38;33;52;60;54;46;50;73;67;71;74;61
BINGO CARABOBO;2548;11;8;4;14;9;29;16;27;20;24;35;31;34;42;60;58;50;56;48;74;75;62;67;69
BINGO CARABOBO;2549;10;7;12;3;2;21;17;26;25;18;40;33;36;44;46;59;49;53;55;70;66;61;64;65
BINGO CARABOBO;2550;6;15;1;5;13;23;28;22;30;19;39;37;32;38;51;57;47;52;54;68;71;72;73;63
BINGO CARABOBO;2551;11;6;5;10;12;29;19;17;26;16;41;34;35;40;60;48;54;52;51;74;70;72;73;75
BINGO CARABOBO;2552;13;7;15;3;1;23;24;28;18;22;37;32;31;33;53;47;49;56;57;65;66;68;64;67
BINGO CARABOBO;2553;9;4;8;2;14;21;27;25;30;20;38;42;45;39;55;46;59;58;50;63;71;62;69;61
BINGO CARABOBO;2554;9;5;11;8;13;20;29;22;18;23;44;34;32;33;57;55;48;47;50;65;73;67;69;68
BINGO CARABOBO;2555;1;4;14;12;7;19;17;30;24;21;37;42;43;35;59;56;58;52;54;66;74;70;64;71
BINGO CARABOBO;2556;6;2;3;10;15;26;25;27;28;16;41;45;31;39;51;60;53;46;49;72;63;62;75;61
BINGO CARABOBO;2557;13;5;8;11;6;20;27;19;18;23;35;41;37;32;53;55;54;50;48;67;71;68;70;62
BINGO CARABOBO;2558;10;2;3;12;7;22;26;16;17;24;34;43;44;36;56;51;60;57;52;73;72;63;74;64
BINGO CARABOBO;2559;4;9;14;1;15;28;29;25;30;21;33;38;39;45;46;58;49;59;47;65;66;75;61;69
BINGO CARABOBO;2560;7;12;10;2;8;23;27;26;20;25;40;34;38;42;60;47;51;49;58;67;74;66;70;68
BINGO CARABOBO;2561;15;4;3;6;11;28;30;22;18;21;43;41;32;35;48;55;54;46;53;72;65;73;64;71
BINGO CARABOBO;2562;14;5;13;1;9;19;17;24;29;16;33;45;44;31;57;52;56;59;50;69;62;63;75;61
BINGO CARABOBO;2563;4;7;9;15;12;19;21;24;26;27;40;35;37;34;56;46;54;48;52;63;70;74;73;71
BINGO CARABOBO;2564;6;13;5;8;14;16;23;22;29;25;32;38;36;33;55;58;57;53;60;69;61;66;62;68
BINGO CARABOBO;2565;1;10;3;2;11;20;18;30;17;28;42;43;44;39;51;49;59;47;50;72;65;67;75;64
BINGO CARABOBO;2566;13;7;12;11;9;17;24;18;26;21;44;37;32;35;50;56;48;49;47;63;69;66;65;75
BINGO CARABOBO;2567;10;5;3;6;15;20;30;23;19;16;45;40;38;31;51;52;54;59;58;70;72;71;68;73
BINGO CARABOBO;2568;4;2;14;1;8;25;29;27;28;22;41;39;43;33;60;46;53;57;55;64;67;74;61;62
BINGO CARABOBO;2569;14;4;3;5;15;28;19;22;18;23;44;34;38;43;53;51;59;60;52;74;62;69;72;65
BINGO CARABOBO;2570;8;11;9;12;6;29;20;24;30;25;35;41;36;42;57;46;48;56;54;68;70;67;66;73
BINGO CARABOBO;2571;7;10;2;1;13;27;21;17;16;26;45;32;40;33;50;49;55;47;58;63;61;71;64;75
BINGO CARABOBO;2572;4;12;11;1;14;26;30;22;29;24;39;33;37;43;46;60;53;49;52;72;70;73;67;75
BINGO CARABOBO;2573;8;15;6;10;5;21;27;20;28;19;42;38;32;35;54;57;50;48;55;69;65;71;74;64
BINGO CARABOBO;2574;7;9;3;13;2;23;25;17;18;16;41;44;31;45;51;56;47;59;58;63;62;66;68;61
BINGO CARABOBO;2575;10;4;8;2;9;27;25;28;18;19;38;42;34;33;55;52;59;51;46;69;68;62;67;72
BINGO CARABOBO;2576;14;3;13;12;7;23;16;20;26;21;36;37;43;45;56;54;49;57;53;74;70;64;61;65
BINGO CARABOBO;2577;6;5;15;11;1;29;17;30;24;22;39;41;40;31;48;58;60;50;47;71;66;73;63;75
BINGO CARABOBO;2578;7;13;4;11;12;19;24;29;20;17;43;42;34;35;56;59;49;52;48;69;75;72;68;67
BINGO CARABOBO;2579;10;5;6;9;2;28;18;23;22;21;38;45;33;41;53;58;51;50;57;61;65;73;70;66
BINGO CARABOBO;2580;3;8;14;1;15;25;16;30;26;27;39;37;31;40;54;55;47;60;46;71;62;64;74;63
BINGO CARABOBO;2581;13;5;3;11;10;25;27;28;20;23;34;40;35;39;55;47;52;59;50;74;63;66;67;75
BINGO CARABOBO;2582;6;12;9;15;8;24;19;21;22;17;38;41;36;33;54;51;53;48;57;68;65;72;71;64
BINGO CARABOBO;2583;7;14;4;2;1;29;16;30;26;18;44;45;42;37;49;56;58;46;60;69;73;61;70;62
BINGO CARABOBO;2584;6;5;12;13;9;19;27;25;21;17;45;34;33;40;50;54;53;57;60;62;64;74;69;67
BINGO CARABOBO;2585;10;11;2;7;8;23;20;18;24;26;32;38;37;36;46;51;52;55;47;66;68;70;63;71
BINGO CARABOBO;2586;14;15;4;3;1;22;29;28;16;30;35;31;39;43;58;56;59;49;48;72;65;73;61;75
BINGO CARABOBO;2587;14;15;11;5;10;20;30;25;18;24;41;39;37;33;52;55;60;50;56;73;62;61;67;68
BINGO CARABOBO;2588;6;2;13;8;7;27;17;26;22;19;35;34;43;36;53;49;59;54;51;74;71;64;69;70
BINGO CARABOBO;2589;4;1;9;12;3;21;28;23;16;29;40;42;45;32;48;57;47;46;58;65;75;72;63;66
BINGO CARABOBO;2590;13;8;10;2;5;28;21;24;20;27;41;38;44;37;57;49;50;53;46;72;71;63;70;73
BINGO CARABOBO;2591;1;12;6;11;9;25;17;22;30;26;36;33;40;42;51;48;55;56;58;61;75;67;69;66
BINGO CARABOBO;2592;14;4;7;3;15;23;29;18;19;16;35;32;45;34;54;60;52;47;59;65;62;64;74;68
BINGO CARABOBO;2593;7;1;9;5;13;27;18;22;24;16;43;41;33;36;51;52;60;58;54;65;67;71;63;69
BINGO CARABOBO;2594;4;10;6;12;8;20;28;26;21;19;44;32;39;45;49;56;53;48;55;62;70;74;68;66
BINGO CARABOBO;2595;14;3;11;15;2;29;30;23;17;25;42;37;38;40;57;47;50;59;46;64;61;73;72;75
BINGO CARABOBO;2596;7;10;11;9;13;22;28;30;25;19;36;37;34;42;57;56;51;48;59;62;67;66;73;63
BINGO CARABOBO;2597;2;8;1;15;4;18;20;17;21;29;33;44;39;32;50;54;58;52;55;71;72;69;74;70
BINGO CARABOBO;2598;12;5;14;3;6;26;23;27;16;24;41;35;45;31;49;46;53;47;60;64;61;65;68;75
BINGO CARABOBO;2599;13;3;7;11;2;30;23;27;26;17;35;37;43;33;57;50;56;59;55;72;68;70;62;61
BINGO CARABOBO;2600;8;5;4;12;14;18;19;16;24;28;38;34;42;31;47;46;52;58;51;69;71;64;73;67
BINGO CARABOBO;2601;10;9;6;1;15;20;25;22;21;29;36;44;45;39;49;48;60;53;54;74;66;63;75;65
BINGO CARABOBO;2602;12;13;7;9;11;23;18;19;25;17;38;44;45;33;51;54;58;47;49;70;65;63;64;71
BINGO CARABOBO;2603;4;8;6;14;10;20;24;22;30;21;41;34;35;40;50;53;59;48;57;72;67;68;73;75
BINGO CARABOBO;2604;15;3;2;5;1;28;16;27;29;26;32;42;39;43;56;52;55;60;46;66;62;69;61;74
BINGO CARABOBO;2605;12;4;11;6;5;28;21;24;26;19;44;42;34;33;49;51;56;58;54;75;65;64;67;63
BINGO CARABOBO;2606;14;10;1;13;8;25;17;23;30;22;36;39;45;32;47;46;48;60;50;70;62;72;69;61
BINGO CARABOBO;2607;3;7;2;9;15;20;18;27;29;16;37;35;38;43;57;55;52;59;53;73;68;74;71;66
BINGO CARABOBO;2608;4;14;12;8;5;16;29;19;20;25;37;35;41;45;55;58;51;47;48;69;63;71;74;62
BINGO CARABOBO;2609;11;9;13;2;10;23;28;17;30;21;34;40;33;44;52;54;53;50;59;70;73;68;65;72
BINGO CARABOBO;2610;1;7;15;3;6;22;24;27;26;18;31;32;42;43;60;57;49;46;56;67;66;61;75;64
BINGO CARABOBO;2611;9;11;3;10;13;19;26;21;24;30;35;34;42;43;47;57;51;52;58;68;61;66;74;67
BINGO CARABOBO;2612;8;6;5;14;2;28;16;18;25;17;45;38;39;31;49;53;55;59;50;72;64;71;73;63
BINGO CARABOBO;2613;12;7;4;15;1;22;23;20;27;29;32;33;44;36;48;56;54;46;60;69;65;70;62;75
BINGO CARABOBO;2614;10;8;12;2;5;21;18;27;25;24;45;42;41;36;47;48;54;57;59;74;65;75;63;70
BINGO CARABOBO;2615;7;14;3;9;6;26;17;29;30;16;35;31;40;38;52;56;49;53;60;69;72;62;64;68
BINGO CARABOBO;2616;4;11;15;13;1;22;28;23;19;20;33;39;32;44;50;58;55;51;46;67;71;61;73;66
BINGO CARABOBO;2617;13;7;9;12;1;17;26;22;24;25;45;33;41;38;48;47;59;46;58;66;69;73;67;71
BINGO CARABOBO;2618;2;10;15;14;8;29;20;28;21;18;40;34;43;32;52;56;51;53;50;61;65;72;70;64
BINGO CARABOBO;2619;11;5;4;6;3;30;23;16;27;19;37;31;36;35;55;54;60;49;57;62;63;68;74;75
BINGO CARABOBO;2620;6;4;5;14;2;29;19;27;26;17;34;44;37;42;53;58;48;59;47;64;63;65;67;62
BINGO CARABOBO;2621;3;9;10;11;8;21;24;28;23;25;32;31;39;35;46;57;52;54;49;68;70;74;66;69
BINGO CARABOBO;2622;15;7;12;1;13;18;22;20;16;30;40;36;38;43;55;56;51;50;60;72;71;73;61;75
BINGO CARABOBO;2623;7;4;14;9;10;19;22;29;26;20;33;34;38;42;55;58;54;48;47;66;68;64;72;65
BINGO CARABOBO;2624;15;13;1;3;5;27;17;25;18;23;45;35;37;43;49;46;51;59;60;61;62;73;69;74
BINGO CARABOBO;2625;11;2;8;12;6;21;16;30;24;28;40;36;44;41;50;53;57;56;52;70;75;63;67;71
BINGO CARABOBO;2626;14;10;8;2;5;21;19;26;22;24;45;35;31;36;53;46;57;60;47;65;69;72;66;67
BINGO CARABOBO;2627;7;1;9;15;12;27;23;28;25;29;38;34;40;41;49;58;51;56;52;64;61;71;70;73
BINGO CARABOBO;2628;4;6;3;11;13;17;18;20;30;16;33;37;39;32;55;54;50;59;48;75;68;74;63;62
BINGO CARABOBO;2629;4;1;15;12;3;27;29;18;20;26;32;42;41;35;48;49;54;47;50;66;70;65;67;64
BINGO CARABOBO;2630;5;9;13;7;8;17;22;28;19;16;38;37;43;45;53;56;60;51;59;74;62;73;63;68
BINGO CARABOBO;2631;6;11;10;2;14;25;23;21;24;30;36;33;31;40;57;55;46;52;58;71;75;69;61;72
BINGO CARABOBO;2632;6;11;7;13;9;23;26;17;18;20;35;40;38;33;50;52;56;48;46;71;74;61;73;68
BINGO CARABOBO;2633;12;2;3;10;8;27;28;29;22;24;34;41;36;42;57;49;54;47;58;72;64;65;66;69
BINGO CARABOBO;2634;4;14;5;15;1;21;30;25;19;16;39;31;45;37;59;55;60;53;51;75;67;63;62;70
BINGO CARABOBO;2635;2;8;10;6;14;24;21;20;18;27;40;39;36;44;57;50;49;56;58;64;72;68;62;65
BINGO CARABOBO;2636;13;7;5;9;3;26;19;17;29;25;37;42;41;32;46;48;47;52;55;70;73;67;63;75
BINGO CARABOBO;2637;4;11;15;1;12;30;23;22;28;16;43;31;45;38;54;60;59;51;53;74;71;69;66;61
BINGO CARABOBO;2638;10;11;4;14;6;28;25;30;17;26;43;35;33;44;47;49;51;54;52;62;63;73;70;72
BINGO CARABOBO;2639;7;8;3;13;5;24;21;18;23;19;36;34;45;38;59;48;56;58;55;71;61;64;67;68
BINGO CARABOBO;2640;15;1;12;9;2;27;16;29;20;22;39;37;31;42;53;50;60;46;57;69;66;74;75;65
BINGO CARABOBO;2641;12;6;7;13;4;27;21;26;29;30;38;42;36;34;60;54;48;49;50;73;66;65;63;74
BINGO CARABOBO;2642;14;2;5;10;15;20;17;19;18;24;45;33;39;44;51;56;58;59;52;69;68;72;67;70
BINGO CARABOBO;2643;8;3;11;1;9;23;28;22;25;16;43;37;31;35;55;53;57;47;46;71;64;62;75;61
BINGO CARABOBO;2644;2;10;4;8;15;24;20;22;25;23;42;43;36;32;57;47;58;59;54;72;67;66;63;64
BINGO CARABOBO;2645;6;13;7;11;3;27;17;21;28;16;40;39;45;33;49;48;55;53;51;71;74;69;61;68
BINGO CARABOBO;2646;12;9;5;1;14;19;29;26;18;30;41;44;35;37;46;52;56;50;60;75;65;73;62;70
BINGO CARABOBO;2647;10;8;13;11;3;20;29;23;19;28;35;43;44;39;51;55;53;57;59;68;70;62;73;72
BINGO CARABOBO;2648;7;12;14;9;15;30;18;22;17;26;42;45;38;33;52;50;48;60;49;69;61;75;65;71
BINGO CARABOBO;2649;2;4;5;6;1;25;24;21;27;16;31;36;32;40;56;46;54;47;58;64;66;63;67;74
BINGO CARABOBO;2650;12;3;13;1;5;28;27;29;23;21;40;35;45;36;47;55;50;54;51;64;63;67;71;74
BINGO CARABOBO;2651;2;10;14;6;9;22;17;20;19;25;42;43;34;39;52;59;49;56;53;66;61;65;72;62
BINGO CARABOBO;2652;15;11;4;8;7;26;24;16;18;30;31;38;33;41;48;46;58;60;57;70;73;68;75;69
BINGO CARABOBO;2653;2;13;7;9;8;29;26;19;22;20;44;35;43;32;58;50;59;47;49;73;66;68;74;67
BINGO CARABOBO;2654;15;3;10;11;12;16;27;18;24;17;39;31;37;40;56;46;52;55;57;63;72;71;69;70
BINGO CARABOBO;2655;4;6;5;14;1;23;28;25;21;30;34;38;42;36;54;60;51;48;53;65;64;62;75;61
BINGO CARABOBO;2656;8;7;12;1;3;20;29;24;23;19;43;42;32;31;58;50;59;54;57;70;67;69;62;71
BINGO CARABOBO;2657;14;6;13;9;5;21;28;30;17;26;36;34;38;39;52;53;60;47;56;65;72;73;68;66
BINGO CARABOBO;2658;2;11;10;4;15;16;25;18;22;27;41;44;33;35;55;51;49;48;46;61;74;63;64;75
BINGO CARABOBO;2659;4;10;7;3;8;24;19;21;28;23;41;44;38;40;54;55;53;56;49;67;65;68;62;63
BINGO CARABOBO;2660;12;5;13;9;2;22;20;17;18;27;34;33;32;37;57;58;48;51;52;72;66;69;71;74
BINGO CARABOBO;2661;14;1;11;15;6;30;25;26;16;29;42;36;45;39;59;60;50;47;46;61;70;64;75;73
BINGO CARABOBO;2662;12;3;10;6;11;16;21;20;24;28;35;33;39;42;54;47;59;51;55;65;73;72;64;67
BINGO CARABOBO;2663;5;7;14;4;9;17;23;19;25;29;40;38;32;34;52;48;57;58;49;70;63;71;66;74
BINGO CARABOBO;2664;8;13;2;1;15;27;22;18;30;26;37;31;36;44;56;53;46;60;50;68;61;69;75;62
BINGO CARABOBO;2665;9;4;2;13;1;22;25;18;21;27;43;35;39;36;55;58;47;56;54;68;64;63;61;73
BINGO CARABOBO;2666;3;14;6;10;11;29;24;17;19;26;38;33;42;40;51;50;60;57;59;72;66;74;62;67
BINGO CARABOBO;2667;12;15;7;8;5;23;28;20;16;30;37;45;31;44;49;53;48;52;46;65;70;71;75;69
BINGO CARABOBO;2668;1;4;10;6;5;19;29;20;22;28;44;40;42;39;57;50;60;47;53;66;67;71;62;61
BINGO CARABOBO;2669;11;3;8;13;12;23;16;21;24;27;43;33;37;35;49;51;55;58;56;65;69;68;70;73
BINGO CARABOBO;2670;9;2;15;7;14;26;18;30;17;25;34;36;45;32;48;54;46;52;59;75;64;72;63;74
BINGO CARABOBO;2671;9;6;5;7;8;16;20;18;28;24;44;36;43;40;52;59;56;54;57;75;62;64;74;69
BINGO CARABOBO;2672;2;15;3;12;13;23;29;21;25;26;31;41;34;33;48;50;58;51;46;71;70;68;72;63
BINGO CARABOBO;2673;11;1;10;14;4;19;27;30;22;17;38;37;45;32;53;49;60;55;47;67;73;65;66;61
BINGO CARABOBO;2674;15;2;6;4;10;21;25;17;18;24;40;45;32;36;47;55;56;50;52;69;74;65;66;70
BINGO CARABOBO;2675;13;11;12;7;8;27;30;28;20;26;41;42;43;33;58;51;48;57;54;73;75;68;62;71
BINGO CARABOBO;2676;14;3;5;9;1;19;23;16;29;22;35;37;44;31;53;59;49;46;60;63;64;72;67;61
BINGO CARABOBO;2677;2;14;4;12;8;20;24;27;26;23;40;41;35;45;56;57;52;50;51;67;64;61;69;65
BINGO CARABOBO;2678;7;3;5;11;13;17;16;22;18;21;36;39;37;42;60;53;47;54;55;62;68;74;71;72
BINGO CARABOBO;2679;1;10;15;6;9;28;29;30;19;25;43;33;32;31;49;46;58;48;59;66;75;70;73;63
BINGO CARABOBO;2680;7;15;5;2;3;22;25;26;21;28;40;34;38;43;54;47;51;49;59;71;64;69;68;62
BINGO CARABOBO;2681;4;13;12;10;14;29;16;18;17;24;44;39;36;32;55;60;52;58;48;65;70;66;67;74
BINGO CARABOBO;2682;11;6;8;1;9;27;20;23;30;19;41;33;45;31;53;56;46;50;57;63;72;73;75;61
BINGO CARABOBO;2683;2;8;14;11;5;21;26;27;29;24;36;41;40;38;53;47;51;58;57;70;68;72;66;74
BINGO CARABOBO;2684;9;12;3;7;4;18;20;22;19;28;32;37;33;44;50;54;56;48;55;67;71;73;65;75
BINGO CARABOBO;2685;10;15;6;1;13;17;23;25;16;30;34;43;39;45;49;59;60;52;46;62;69;61;63;64
BINGO CARABOBO;2686;12;13;6;7;1;19;21;25;17;18;43;39;35;40;57;47;50;48;46;72;62;64;66;73
BINGO CARABOBO;2687;3;9;11;14;5;29;26;27;23;30;33;34;45;36;52;56;54;59;55;68;63;69;70;71
BINGO CARABOBO;2688;4;8;10;2;15;22;16;28;24;20;38;41;42;31;58;51;49;53;60;75;61;74;65;67
BINGO CARABOBO;2689;8;7;9;3;1;20;17;16;27;19;43;33;32;42;47;60;49;50;54;70;67;75;63;64
BINGO CARABOBO;2690;4;13;5;15;6;29;26;30;21;25;44;36;31;45;58;57;48;51;52;62;65;73;71;68
BINGO CARABOBO;2691;10;11;12;2;14;22;18;28;23;24;39;38;40;37;55;56;46;53;59;74;61;66;69;72
BINGO CARABOBO;2692;8;6;12;2;14;25;21;29;20;27;35;42;33;45;59;53;58;46;52;65;66;70;71;72
BINGO CARABOBO;2693;9;4;5;1;11;19;30;18;28;16;43;32;39;34;50;60;49;51;48;68;75;63;61;73
BINGO CARABOBO;2694;13;15;3;10;7;23;26;17;22;24;41;44;31;38;54;56;57;47;55;67;64;74;62;69
BINGO CARABOBO;2695;11;9;4;5;12;27;16;21;26;22;34;40;32;31;60;47;49;53;46;66;72;69;65;70
BINGO CARABOBO;2696;10;3;7;13;1;28;23;25;29;20;42;43;37;36;59;51;48;52;57;73;64;67;62;63
BINGO CARABOBO;2697;8;2;14;15;6;24;18;19;30;17;44;41;39;33;54;58;55;50;56;71;74;61;75;68
BINGO CARABOBO;2698;15;7;11;3;14;21;22;27;26;29;42;41;43;36;48;57;52;50;47;75;63;67;62;68
BINGO CARABOBO;2699;12;9;2;1;6;19;30;23;25;18;34;37;38;33;54;51;46;55;60;64;65;66;73;72
BINGO CARABOBO;2700;4;8;10;13;5;20;28;16;17;24;40;44;32;45;56;58;53;49;59;71;61;74;69;70
BINGO CARABOBO;2701;8;10;9;13;12;30;27;24;19;21;45;43;39;31;49;52;48;56;46;71;69;62;67;70
BINGO CARABOBO;2702;1;5;14;2;4;22;20;28;25;18;42;36;34;38;47;57;51;55;53;66;65;72;74;63
BINGO CARABOBO;2703;6;11;15;3;7;23;16;26;29;17;32;35;44;37;54;59;58;60;50;68;64;73;75;61
BINGO CARABOBO;2704;5;6;8;13;14;27;22;23;28;29;35;40;32;38;53;52;56;54;59;64;67;73;74;68
BINGO CARABOBO;2705;1;11;7;9;10;26;24;17;19;18;44;43;39;42;51;60;50;57;55;66;61;63;75;65
BINGO CARABOBO;2706;4;12;15;2;3;30;21;20;16;25;33;41;45;36;49;58;47;48;46;72;69;70;62;71
BINGO CARABOBO;2707;2;12;6;9;13;16;27;19;29;26;42;36;33;37;49;54;55;59;58;66;64;63;65;67
BINGO CARABOBO;2708;4;5;10;7;8;17;20;28;25;23;34;31;38;35;50;56;51;48;57;74;72;68;73;69
BINGO CARABOBO;2709;3;14;1;15;11;18;24;22;30;21;32;41;40;44;47;52;60;53;46;62;70;71;75;61
BINGO CARABOBO;2710;12;5;13;8;7;29;21;24;27;22;34;40;39;44;58;49;47;57;50;62;64;70;68;74
BINGO CARABOBO;2711;3;10;14;9;2;26;30;16;20;18;35;38;33;36;52;51;53;54;60;65;61;72;67;69
BINGO CARABOBO;2712;4;1;15;11;6;19;17;25;23;28;41;37;32;43;56;59;48;55;46;73;66;71;75;63
BINGO CARABOBO;2713;3;7;6;2;11;26;16;30;22;27;35;43;38;32;47;55;58;57;48;66;68;71;70;64
BINGO CARABOBO;2714;9;8;15;10;13;25;23;21;24;17;34;37;41;42;49;51;60;53;56;67;75;74;65;69
BINGO CARABOBO;2715;5;12;1;14;4;19;28;20;29;18;40;39;45;33;52;50;59;46;54;72;62;63;61;73
BINGO CARABOBO;2716;13;5;12;14;10;23;24;26;17;16;38;40;36;39;53;48;59;50;47;69;74;67;73;64
BINGO CARABOBO;2717;3;9;4;15;7;25;27;19;21;20;44;35;43;41;58;49;52;54;55;66;63;62;70;72
BINGO CARABOBO;2718;8;6;11;1;2;22;18;29;30;28;42;32;45;31;51;46;57;60;56;71;65;61;68;75
BINGO CARABOBO;2719;5;8;12;3;10;21;30;27;26;24;44;36;38;33;58;51;60;48;53;67;73;70;72;69
BINGO CARABOBO;2720;11;13;4;14;6;28;20;19;22;16;32;35;39;37;54;57;52;55;47;74;71;63;65;66
BINGO CARABOBO;2721;9;2;7;15;1;23;25;29;17;18;40;42;31;45;59;56;50;46;49;68;75;64;61;62
BINGO CARABOBO;2722;8;13;4;2;14;21;18;19;22;16;37;34;35;45;50;48;49;47;56;63;61;69;70;64
BINGO CARABOBO;2723;7;12;11;10;9;26;28;25;23;30;38;43;33;31;60;53;52;51;55;71;72;73;67;68
BINGO CARABOBO;2724;5;3;6;1;15;29;20;27;24;17;36;32;44;41;58;59;54;46;57;74;66;65;75;62
BINGO CARABOBO;2725;8;10;4;6;7;22;30;29;19;18;38;43;42;45;60;53;54;56;48;63;72;73;68;69
BINGO CARABOBO;2726;12;3;5;2;13;27;25;20;17;26;41;33;34;44;47;55;57;49;51;71;62;67;66;74
BINGO CARABOBO;2727;14;11;9;15;1;24;16;23;28;21;32;36;37;39;58;59;50;46;52;70;61;75;64;65
BINGO CARABOBO;2728;8;7;2;13;4;16;24;28;22;29;36;35;43;42;46;57;51;50;49;73;69;62;68;64
BINGO CARABOBO;2729;15;12;3;6;9;21;26;27;25;23;33;34;37;45;52;53;47;55;56;74;71;61;66;65
BINGO CARABOBO;2730;10;1;5;14;11;17;30;19;18;20;38;40;41;31;48;59;58;60;54;75;67;70;63;72
BINGO CARABOBO;2731;14;9;2;8;6;26;23;30;21;22;44;34;43;41;55;54;58;59;60;67;70;62;65;61
BINGO CARABOBO;2732;11;5;10;4;7;20;25;27;29;18;37;32;35;40;53;48;51;49;46;72;66;71;69;63
BINGO CARABOBO;2733;13;12;3;1;15;17;24;16;19;28;42;33;45;31;56;52;50;47;57;74;68;64;73;75
BINGO CARABOBO;2734;7;11;8;13;12;21;27;25;19;20;45;32;41;31;59;49;57;58;47;65;71;75;67;66
BINGO CARABOBO;2735;9;2;6;4;3;29;26;28;30;23;44;33;37;43;46;55;60;54;53;70;68;73;64;74
BINGO CARABOBO;2736;10;14;1;5;15;17;22;18;16;24;39;40;35;42;51;52;56;48;50;63;69;72;62;61
BINGO CARABOBO;2737;9;13;15;6;8;22;21;23;26;19;42;36;44;40;55;57;50;56;49;63;65;64;68;71
BINGO CARABOBO;2738;1;12;5;7;2;24;27;29;18;20;32;41;43;31;54;46;51;47;60;72;61;66;69;73
BINGO CARABOBO;2739;4;10;11;3;14;25;17;28;16;30;35;37;39;33;58;59;53;48;52;67;75;62;70;74
BINGO CARABOBO;2740;11;13;8;3;2;29;30;25;18;24;32;35;39;43;49;48;54;59;52;68;72;62;67;74
BINGO CARABOBO;2741;4;1;6;14;10;23;20;19;16;22;33;37;40;38;53;51;56;46;55;65;63;73;71;75
BINGO CARABOBO;2742;7;12;9;5;15;21;28;26;17;27;34;42;44;31;58;57;60;47;50;70;69;64;61;66
BINGO CARABOBO;2743;4;8;13;3;5;19;29;17;24;26;35;41;42;33;54;56;51;49;58;62;68;70;72;64
BINGO CARABOBO;2744;6;2;11;14;10;22;20;27;18;30;32;38;36;34;57;50;55;59;48;67;69;65;66;71
BINGO CARABOBO;2745;7;15;1;12;9;23;21;25;28;16;31;39;45;37;47;60;46;52;53;61;74;75;73;63
BINGO CARABOBO;2746;2;3;9;1;5;16;25;23;29;21;37;33;41;40;60;57;56;55;58;68;75;69;67;62
BINGO CARABOBO;2747;8;7;12;14;10;27;17;28;19;26;43;34;42;38;51;52;54;46;50;73;64;61;72;65
BINGO CARABOBO;2748;6;13;15;4;11;20;18;22;24;30;36;44;31;35;49;48;47;53;59;66;70;71;63;74
BINGO CARABOBO;2749;8;10;4;13;2;17;21;22;20;24;40;45;43;37;55;56;57;52;46;75;74;72;68;63
BINGO CARABOBO;2750;11;3;7;12;6;28;27;18;19;25;36;35;38;32;53;48;59;54;60;61;65;69;64;67
BINGO CARABOBO;2751;5;9;14;15;1;29;16;26;30;23;41;42;44;39;49;47;58;50;51;66;70;71;62;73
BINGO CARABOBO;2752;6;10;9;1;14;22;16;27;18;24;40;34;38;42;60;47;50;53;57;66;73;67;69;65
BINGO CARABOBO;2753;5;8;4;11;12;17;29;26;21;23;43;41;31;35;48;58;54;46;52;71;70;68;75;63
BINGO CARABOBO;2754;13;3;7;2;15;25;20;28;30;19;33;45;32;39;55;56;51;59;49;62;61;72;74;64
BINGO CARABOBO;2755;1;5;8;13;11;26;25;18;20;22;33;42;34;40;49;57;51;58;47;74;63;68;71;72
BINGO CARABOBO;2756;4;6;14;3;9;30;19;17;24;27;41;45;36;38;54;48;52;50;55;73;75;65;64;66
BINGO CARABOBO;2757;12;7;10;15;2;23;29;21;28;16;32;37;31;44;53;46;59;60;56;67;61;62;69;70
BINGO CARABOBO;2758;6;15;12;11;10;19;26;20;28;27;36;44;41;34;48;58;46;49;47;62;65;70;72;68
BINGO CARABOBO;2759;13;7;8;4;9;22;18;30;25;23;40;32;45;33;52;56;55;60;59;63;75;73;71;74
BINGO CARABOBO;2760;2;3;5;1;14;24;16;21;29;17;35;31;37;39;51;54;50;57;53;67;66;64;61;69
BINGO CARABOBO;2761;12;2;4;3;15;27;21;22;18;20;40;38;42;44;47;60;59;50;54;66;74;68;70;71
BINGO CARABOBO;2762;8;9;1;11;10;29;19;24;26;23;34;39;36;45;58;51;49;57;53;75;73;61;69;64
BINGO CARABOBO;2763;6;13;7;5;14;28;17;25;30;16;31;33;37;32;55;52;48;56;46;67;65;63;72;62
BINGO CARABOBO;2764;12;6;7;10;13;23;25;16;24;27;37;43;42;33;59;58;57;50;52;70;65;75;61;66
BINGO CARABOBO;2765;3;8;2;15;14;26;29;28;19;18;32;40;35;41;53;47;51;49;55;73;74;63;64;71
BINGO CARABOBO;2766;4;5;11;1;9;21;20;22;30;17;44;45;36;34;56;48;46;60;54;69;67;62;72;68
BINGO CARABOBO;2767;3;11;2;10;4;20;18;23;27;17;31;43;35;36;56;53;46;54;48;75;61;68;70;73
BINGO CARABOBO;2768;8;14;6;9;7;22;21;29;24;19;42;44;40;41;49;50;59;52;47;66;64;72;65;69
BINGO CARABOBO;2769;13;5;12;15;1;28;26;25;30;16;32;38;45;33;51;57;58;55;60;71;67;63;62;74
BINGO CARABOBO;2770;9;1;11;14;2;21;30;17;18;22;35;45;42;43;58;46;55;48;59;64;70;68;73;71
BINGO CARABOBO;2771;15;4;12;10;6;19;26;25;24;23;38;32;34;44;54;49;53;57;47;63;67;61;65;62
BINGO CARABOBO;2772;5;7;13;8;3;27;20;16;28;29;37;36;33;31;52;60;51;56;50;69;72;74;75;66
BINGO CARABOBO;2773;3;7;11;5;10;22;20;24;30;18;36;34;43;32;51;47;49;56;48;68;72;62;74;63
BINGO CARABOBO;2774;2;9;14;12;8;19;25;26;27;21;35;40;39;37;53;50;57;55;54;67;66;73;75;61
BINGO CARABOBO;2775;1;6;4;13;15;29;17;28;23;16;42;33;45;38;59;52;46;60;58;69;70;65;64;71
BINGO CARABOBO;2776;4;5;2;6;11;21;18;28;23;24;33;36;41;37;55;56;53;58;47;63;65;62;71;61
BINGO CARABOBO;2777;15;3;12;8;9;29;20;25;27;16;43;32;34;39;59;46;48;50;54;64;75;66;72;73
BINGO CARABOBO;2778;13;10;7;14;1;26;17;22;19;30;38;44;45;31;52;49;51;60;57;74;68;70;69;67
BINGO CARABOBO;2779;3;5;2;9;15;22;18;17;26;28;43;31;34;42;53;57;51;60;49;75;73;69;74;63
BINGO CARABOBO;2780;10;14;8;6;12;23;16;24;19;25;44;40;35;33;52;48;58;55;54;64;62;68;61;70
BINGO CARABOBO;2781;7;4;11;13;1;29;30;27;21;20;39;38;32;36;56;50;47;46;59;71;67;66;72;65
BINGO CARABOBO;2782;7;11;12;6;8;16;26;25;23;24;42;44;31;39;58;53;51;54;47;73;74;65;61;63
BINGO CARABOBO;2783;10;4;14;3;9;22;30;20;28;29;36;40;38;37;50;57;48;49;52;71;62;68;70;67
BINGO CARABOBO;2784;13;2;5;1;15;21;17;18;19;27;34;43;41;35;60;55;56;59;46;64;72;75;69;66
BINGO CARABOBO;2785;3;8;5;6;4;23;27;17;29;25;36;39;43;31;48;52;50;60;51;72;74;63;70;61
BINGO CARABOBO;2786;13;15;14;7;2;28;19;18;24;26;37;38;34;35;53;57;47;54;56;69;64;67;73;66
BINGO CARABOBO;2787;11;1;10;9;12;20;22;30;21;16;40;42;33;32;55;46;58;59;49;68;65;75;62;71
BINGO CARABOBO;2788;9;4;6;5;8;25;30;18;28;22;39;35;34;42;55;56;51;47;54;68;73;72;64;74
BINGO CARABOBO;2789;13;1;7;10;12;21;20;19;23;17;33;43;36;32;58;46;53;59;50;62;63;61;67;70
BINGO CARABOBO;2790;15;3;14;11;2;24;26;29;16;27;40;44;45;31;52;57;60;49;48;69;66;71;75;65
BINGO CARABOBO;2791;13;6;10;7;9;17;18;25;21;26;40;44;35;45;50;49;46;60;57;71;72;73;62;74
BINGO CARABOBO;2792;14;2;12;5;4;27;28;23;16;24;43;39;41;34;48;51;54;58;52;66;69;63;75;65
BINGO CARABOBO;2793;3;8;11;1;15;19;29;22;20;30;37;38;42;33;55;53;56;47;59;64;68;67;61;70
BINGO CARABOBO;2794;6;8;3;15;2;28;22;23;29;20;43;37;38;41;49;52;57;53;59;70;64;67;74;73
BINGO CARABOBO;2795;11;7;9;12;10;24;18;21;27;16;34;40;39;32;55;56;47;48;54;72;65;66;68;62
BINGO CARABOBO;2796;13;5;1;4;14;26;19;30;17;25;33;36;31;35;58;50;51;60;46;63;69;71;61;75
BINGO CARABOBO;2797;15;6;11;8;2;27;20;23;26;18;39;34;40;38;54;56;60;47;58;70;73;69;71;68
BINGO CARABOBO;2798;12;13;7;3;4;24;17;16;22;30;42;31;41;44;59;55;53;52;51;63;72;65;64;75
BINGO CARABOBO;2799;9;5;1;10;14;21;28;25;29;19;32;43;45;33;49;50;57;46;48;67;61;74;66;62
BINGO CARABOBO;2800;3;12;13;7;14;29;27;18;23;16;33;42;32;40;48;50;51;58;54;67;64;72;61;65
BINGO CARABOBO;2801;6;9;11;4;10;25;28;30;24;17;43;34;31;39;57;59;56;53;47;74;73;70;66;71
BINGO CARABOBO;2802;2;8;1;5;15;20;21;26;22;19;38;44;45;35;55;49;60;46;52;63;75;62;69;68
BINGO CARABOBO;2803;1;3;10;6;12;27;19;20;23;25;35;34;31;43;47;57;51;52;58;74;67;62;66;63
BINGO CARABOBO;2804;9;15;13;5;8;24;16;21;28;17;45;39;40;32;49;53;50;55;54;64;71;65;73;70
BINGO CARABOBO;2805;2;7;4;11;14;26;22;29;18;30;33;36;44;38;56;48;46;60;59;61;75;69;72;68
BINGO CARABOBO;2806;2;14;4;9;11;21;18;26;29;28;33;31;43;34;47;60;53;56;46;66;72;67;70;63
BINGO CARABOBO;2807;3;13;8;15;7;20;22;27;25;16;42;37;44;36;54;59;51;58;49;62;68;73;74;61
BINGO CARABOBO;2808;1;5;12;6;10;24;23;30;17;19;40;41;32;45;55;50;52;48;57;64;69;71;75;65
BINGO CARABOBO;2809;12;1;4;9;2;18;24;28;25;23;41;44;37;34;59;56;54;46;60;73;65;74;67;70
BINGO CARABOBO;2810;13;8;6;7;5;21;29;20;30;27;42;33;40;32;51;52;55;57;53;68;69;75;62;72
BINGO CARABOBO;2811;10;3;11;14;15;19;17;26;22;16;39;31;45;35;58;48;49;50;47;64;63;66;61;71
BINGO CARABOBO;2812;2;15;3;4;10;29;19;17;28;18;44;40;34;43;48;52;57;58;60;67;68;65;69;71
BINGO CARABOBO;2813;7;11;12;9;8;22;30;27;21;20;42;38;31;45;46;56;51;49;54;66;72;62;64;70
BINGO CARABOBO;2814;14;5;1;13;6;25;16;24;23;26;35;37;36;33;55;47;59;53;50;73;74;63;75;61
BINGO CARABOBO;2815;14;11;6;2;3;29;27;21;16;22;36;33;38;41;55;57;52;47;50;64;66;62;70;73
BINGO CARABOBO;2816;8;15;1;7;12;23;24;17;25;20;44;35;34;40;49;48;53;58;59;63;74;68;69;72
BINGO CARABOBO;2817;5;9;4;13;10;19;28;26;18;30;43;37;31;42;54;46;56;51;60;65;67;71;75;61
BINGO CARABOBO;2818;14;7;6;13;2;17;27;19;28;16;38;37;34;41;56;49;48;53;51;63;67;70;72;71
BINGO CARABOBO;2819;5;11;3;12;4;20;18;25;30;22;42;44;35;39;52;50;58;54;60;65;66;74;61;64
BINGO CARABOBO;2820;9;15;8;10;1;24;23;26;21;29;40;33;43;45;57;47;46;59;55;73;62;69;68;75
BINGO CARABOBO;2821;7;2;3;14;6;27;18;24;20;28;31;42;40;34;50;47;48;59;56;71;62;65;66;73
BINGO CARABOBO;2822;5;11;12;15;13;30;23;25;21;22;41;44;36;37;46;55;52;51;49;69;68;64;70;72
BINGO CARABOBO;2823;9;1;8;4;10;19;16;29;26;17;35;43;45;39;58;54;57;60;53;75;63;74;61;67
BINGO CARABOBO;2824;9;5;10;14;13;26;29;28;25;27;38;43;34;45;49;55;54;47;58;67;73;63;62;66
BINGO CARABOBO;2825;2;4;3;11;1;22;20;16;23;24;31;37;35;40;53;50;51;59;48;71;69;75;70;72
BINGO CARABOBO;2826;12;7;8;6;15;21;17;18;19;30;41;44;42;36;56;52;57;60;46;68;65;64;61;74
BINGO CARABOBO;2827;10;12;13;8;3;20;22;23;18;27;37;40;32;42;56;47;57;51;48;70;64;72;66;68
BINGO CARABOBO;2828;5;6;4;7;14;30;19;29;25;24;35;38;36;44;50;53;52;55;59;73;74;69;63;62
BINGO CARABOBO;2829;15;9;1;2;11;16;26;21;28;17;34;41;43;39;46;54;49;58;60;65;61;67;75;71
BINGO CARABOBO;2830;3;14;7;8;11;25;22;27;29;21;43;32;40;38;55;54;52;59;51;65;67;62;74;63
BINGO CARABOBO;2831;6;9;4;13;5;23;18;19;26;28;45;41;44;33;47;50;60;46;53;70;64;73;66;68
BINGO CARABOBO;2832;10;12;1;15;2;16;24;17;20;30;35;36;31;37;48;58;56;49;57;69;71;75;72;61
BINGO CARABOBO;2833;13;15;10;2;12;18;27;17;26;28;43;32;33;38;57;51;54;53;52;71;62;67;65;68
BINGO CARABOBO;2834;8;11;3;9;7;21;16;19;29;22;39;34;37;44;55;58;50;56;47;61;64;70;75;63
BINGO CARABOBO;2835;5;4;6;1;14;24;30;23;25;20;31;40;35;41;49;48;60;59;46;74;69;72;73;66
BINGO CARABOBO;2836;5;12;4;10;3;25;17;29;27;24;35;43;32;42;54;58;59;57;55;65;74;64;70;69
BINGO CARABOBO;2837;13;2;14;11;7;28;19;22;26;21;38;40;36;39;48;51;49;60;52;73;61;66;63;71
BINGO CARABOBO;2838;9;1;15;6;8;23;18;16;30;20;31;34;44;33;53;50;46;47;56;67;72;75;62;68
BINGO CARABOBO;2839;5;10;15;9;1;25;22;16;30;24;42;43;40;32;51;48;49;54;56;64;69;72;68;67
BINGO CARABOBO;2840;12;13;14;11;2;27;21;26;20;17;37;35;31;39;50;52;46;47;57;65;71;70;61;63
BINGO CARABOBO;2841;6;7;4;3;8;29;28;23;19;18;34;44;38;45;59;55;60;53;58;66;73;74;75;62
BINGO CARABOBO;2842;14;5;4;8;13;30;28;17;25;23;41;36;32;44;59;48;50;55;51;62;75;70;71;74
BINGO CARABOBO;2843;3;11;9;2;6;24;19;20;29;18;40;38;31;34;52;58;54;53;49;65;66;68;69;67
BINGO CARABOBO;2844;12;10;7;1;15;21;22;16;27;26;37;33;39;45;57;56;46;47;60;63;64;73;61;72
BINGO CARABOBO;2845;12;8;2;5;6;25;21;29;18;23;36;32;39;38;60;51;57;55;53;74;68;73;61;72
BINGO CARABOBO;2846;11;13;7;4;9;19;28;27;17;26;44;40;41;37;52;54;46;49;56;69;64;66;65;67
BINGO CARABOBO;2847;15;3;1;14;10;24;16;20;30;22;34;42;35;33;48;58;59;47;50;70;63;71;75;62
BINGO CARABOBO;2848;7;6;11;12;10;20;18;28;17;24;42;31;35;43;56;48;47;55;54;65;68;70;73;66
BINGO CARABOBO;2849;8;1;4;3;14;23;16;21;25;29;36;45;37;39;50;52;58;59;46;64;67;62;63;61
BINGO CARABOBO;2850;9;15;5;13;2;22;19;27;30;26;40;32;41;34;57;53;51;60;49;75;71;69;72;74
BINGO CARABOBO;2851;12;9;6;3;7;26;19;23;27;25;44;45;36;38;51;50;52;53;58;69;62;72;70;66
BINGO CARABOBO;2852;11;4;5;15;8;22;20;28;24;16;43;37;39;42;56;48;59;49;60;73;61;74;63;65
BINGO CARABOBO;2853;14;1;10;13;2;29;30;17;21;18;31;34;41;33;47;54;55;57;46;68;71;67;64;75
BINGO CARABOBO;2854;7;10;13;8;11;23;27;25;29;28;32;45;36;38;53;54;58;49;52;63;74;70;62;69
BINGO CARABOBO;2855;5;6;4;2;3;17;22;21;24;19;44;42;39;37;50;46;57;56;47;67;61;72;68;65
BINGO CARABOBO;2856;15;9;1;14;12;18;26;16;20;30;40;34;35;43;55;59;51;60;48;66;71;75;64;73
BINGO CARABOBO;2857;9;7;14;5;3;29;21;16;23;24;37;41;33;34;53;57;55;49;54;63;70;72;69;61
BINGO CARABOBO;2858;1;15;4;10;12;26;20;30;18;19;36;31;44;39;60;59;51;52;56;71;62;73;68;74
BINGO CARABOBO;2859;6;13;2;8;11;17;25;27;28;22;35;45;38;42;48;50;58;46;47;67;75;65;66;64
BINGO CARABOBO;2860;3;5;11;9;2;18;28;29;16;21;32;42;45;41;58;52;57;48;51;64;69;70;61;75
BINGO CARABOBO;2861;4;13;14;6;8;26;25;19;22;23;33;40;36;35;55;54;50;59;56;63;72;67;74;65
BINGO CARABOBO;2862;7;10;1;12;15;20;27;30;17;24;31;43;38;39;47;60;46;49;53;71;73;66;62;68
BINGO CARABOBO;2863;4;3;2;5;11;22;30;16;26;24;36;43;37;45;55;47;56;53;58;68;73;71;67;62
BINGO CARABOBO;2864;8;6;9;14;10;21;27;23;19;25;40;35;44;39;59;57;49;50;51;64;65;63;66;75
BINGO CARABOBO;2865;15;7;12;1;13;28;18;20;17;29;41;34;33;31;52;48;46;60;54;72;74;70;61;69
BINGO CARABOBO;2866;8;10;9;6;14;21;25;20;16;24;41;32;36;42;58;52;51;47;53;63;71;74;73;64
BINGO CARABOBO;2867;3;15;11;4;5;30;28;22;17;27;34;31;35;43;49;54;48;59;55;65;66;62;69;72
BINGO CARABOBO;2868;12;2;7;13;1;23;26;18;29;19;37;39;40;33;56;50;57;60;46;67;75;68;70;61
BINGO CARABOBO;2869;10;11;14;13;6;24;16;23;27;18;41;40;34;33;52;53;48;50;54;62;72;68;73;70
BINGO CARABOBO;2870;3;9;8;15;1;22;30;21;17;20;39;42;37;44;57;49;47;56;51;66;71;74;65;75
BINGO CARABOBO;2871;4;12;2;7;5;25;26;29;19;28;45;35;31;38;59;58;46;60;55;67;64;63;61;69
BINGO CARABOBO;2872;3;9;13;5;10;22;26;29;28;20;43;37;36;34;50;57;51;59;53;64;71;63;67;70
BINGO CARABOBO;2873;6;1;2;14;7;25;30;19;16;23;39;40;41;32;52;48;46;58;55;65;72;73;74;66
BINGO CARABOBO;2874;8;12;11;4;15;24;18;21;27;17;42;33;45;31;60;47;56;54;49;61;75;69;62;68
BINGO CARABOBO;2875;14;5;11;12;10;23;29;19;17;28;39;43;45;40;51;57;47;56;53;65;63;69;67;73
BINGO CARABOBO;2876;15;9;2;7;1;22;25;18;16;21;34;33;41;36;60;50;49;58;54;64;71;70;68;62
BINGO CARABOBO;2877;4;6;8;13;3;27;26;30;20;24;42;35;37;31;48;46;52;59;55;72;74;75;66;61
BINGO CARABOBO;2878;4;2;11;9;5;22;24;17;20;21;35;43;33;32;53;57;49;50;52;66;69;70;63;71
BINGO CARABOBO;2879;10;3;7;6;13;26;18;19;30;25;41;34;39;36;51;56;48;58;54;68;62;61;73;74
BINGO CARABOBO;2880;14;12;15;8;1;28;27;23;29;16;37;42;38;45;55;59;47;60;46;64;67;65;75;72
BINGO CARABOBO;2881;14;12;13;7;9;25;24;19;30;21;43;37;35;42;47;60;49;54;53;70;67;75;73;72
BINGO CARABOBO;2882;10;6;2;3;5;18;23;27;29;22;32;44;36;34;58;57;48;59;52;71;62;69;66;68
BINGO CARABOBO;2883;4;8;1;15;11;20;17;26;16;28;40;39;45;33;46;51;50;55;56;63;74;64;65;61
BINGO CARABOBO;2884;15;12;5;11;6;16;26;19;25;29;40;42;39;34;48;54;58;49;47;69;68;64;66;67
BINGO CARABOBO;2885;8;4;2;9;7;23;20;24;21;22;32;37;43;31;59;57;50;51;46;63;70;73;71;62
BINGO CARABOBO;2886;3;10;13;1;14;28;27;18;17;30;35;41;36;45;52;56;55;60;53;74;75;65;72;61
BINGO CARABOBO;2887;12;14;5;8;4;23;26;24;17;18;40;33;41;39;57;59;52;47;51;64;61;70;71;74
BINGO CARABOBO;2888;15;7;6;3;11;25;29;20;19;21;35;42;44;37;50;55;56;54;49;72;67;69;63;65
BINGO CARABOBO;2889;9;10;2;13;1;22;28;30;27;16;34;36;32;45;60;48;58;46;53;73;68;62;75;66
BINGO CARABOBO;2890;8;15;11;4;12;17;22;24;19;23;34;35;38;45;60;46;59;54;51;72;64;71;63;70
BINGO CARABOBO;2891;13;10;2;9;3;29;27;20;21;30;32;37;31;44;56;52;50;53;57;62;68;73;67;66
BINGO CARABOBO;2892;7;1;5;6;14;28;18;25;16;26;39;33;43;42;49;48;47;55;58;65;74;69;75;61
BINGO CARABOBO;2893;5;13;12;15;4;17;20;30;24;23;42;41;32;39;57;52;48;56;54;63;62;69;67;74
BINGO CARABOBO;2894;6;9;10;11;14;22;21;25;18;29;33;43;36;35;58;47;55;46;59;75;72;61;65;68
BINGO CARABOBO;2895;3;2;7;1;8;16;27;19;26;28;34;44;31;37;53;50;49;60;51;71;70;73;64;66
BINGO CARABOBO;2896;9;13;6;11;2;27;17;23;28;26;40;35;44;33;60;52;55;53;49;64;73;66;63;71
BINGO CARABOBO;2897;15;10;5;7;4;29;22;18;20;19;43;39;37;41;48;56;47;54;51;72;67;70;74;75
BINGO CARABOBO;2898;8;12;3;1;14;30;24;21;25;16;31;42;36;34;50;57;59;46;58;68;62;65;69;61
BINGO CARABOBO;2899;14;6;7;9;3;29;28;19;26;27;41;35;32;38;57;48;52;59;60;70;68;75;73;61
BINGO CARABOBO;2900;5;8;12;11;2;23;21;18;22;30;34;39;43;33;47;53;51;46;49;69;71;74;72;64
BINGO CARABOBO;2901;1;10;15;13;4;25;17;20;24;16;44;37;45;31;55;56;50;54;58;65;66;67;62;63
BINGO CARABOBO;2902;6;14;7;8;2;23;25;28;20;26;36;39;38;42;47;53;55;51;60;73;72;74;69;63
BINGO CARABOBO;2903;12;3;15;11;1;19;27;16;21;22;35;37;43;31;57;58;56;54;50;68;64;75;70;61
BINGO CARABOBO;2904;5;9;4;13;10;24;18;29;30;17;34;32;45;33;49;52;48;59;46;66;65;62;67;71
BINGO CARABOBO;2905;5;12;8;4;11;24;29;27;19;25;42;36;31;35;58;57;47;48;49;73;66;70;74;63
BINGO CARABOBO;2906;2;7;10;3;13;17;20;18;22;23;41;39;45;33;50;52;60;54;56;67;64;75;68;71
BINGO CARABOBO;2907;6;1;14;9;15;26;16;21;28;30;37;32;44;43;53;51;59;55;46;69;62;65;72;61
BINGO CARABOBO;2908;8;15;7;10;6;19;30;17;24;23;34;36;43;44;55;50;47;53;60;68;73;66;74;63
BINGO CARABOBO;2909;13;11;2;9;3;22;25;18;26;27;38;33;39;40;48;57;56;51;54;70;64;72;69;61
BINGO CARABOBO;2910;1;4;12;14;5;28;20;16;21;29;42;35;31;37;46;49;58;59;52;71;62;75;65;67
BINGO CARABOBO;2911;3;7;4;9;11;16;24;23;22;21;36;43;44;34;53;60;48;51;52;65;74;69;71;68
BINGO CARABOBO;2912;8;12;2;1;13;25;19;20;28;30;45;40;41;38;57;50;56;47;54;72;62;63;67;70
BINGO CARABOBO;2913;10;6;14;5;15;26;18;27;29;17;42;32;37;33;46;59;58;49;55;73;61;66;64;75
BINGO CARABOBO;2914;4;12;3;6;1;23;27;28;29;20;34;43;38;35;47;59;51;49;55;75;73;66;70;62
BINGO CARABOBO;2915;11;9;10;8;13;26;19;21;17;16;41;39;32;40;46;57;58;54;56;67;64;63;74;68
BINGO CARABOBO;2916;5;2;7;14;15;25;18;30;24;22;31;45;33;36;60;50;52;53;48;71;69;65;72;61
BINGO CARABOBO;2917;14;2;9;12;11;23;16;18;21;25;32;39;40;43;52;58;54;57;55;73;72;74;70;71
BINGO CARABOBO;2918;3;4;5;1;7;29;19;28;17;26;41;38;31;36;51;47;48;56;49;62;67;69;68;63
BINGO CARABOBO;2919;15;10;8;6;13;30;27;22;20;24;45;42;44;34;50;53;46;60;59;64;65;61;75;66
BINGO CARABOBO;2920;10;5;14;2;8;16;24;29;22;28;33;32;40;44;53;50;58;56;55;63;74;67;75;68
BINGO CARABOBO;2921;1;4;7;9;15;19;26;18;23;21;41;42;35;38;54;57;49;47;48;66;62;72;70;69
BINGO CARABOBO;2922;6;12;11;3;13;25;20;27;30;17;34;37;39;31;52;46;60;51;59;64;71;73;61;65
BINGO CARABOBO;2923;6;12;4;8;10;17;23;18;27;28;32;41;33;36;53;48;52;60;46;62;64;73;66;61
BINGO CARABOBO;2924;2;9;1;11;15;25;29;20;19;24;34;38;39;43;57;50;56;51;54;72;65;70;74;67
BINGO CARABOBO;2925;5;14;13;7;3;22;26;16;30;21;44;35;31;45;49;47;55;58;59;71;63;75;68;69
BINGO CARABOBO;2926;8;6;4;10;9;23;26;22;17;20;40;44;39;43;52;58;50;51;55;72;68;67;61;66
BINGO CARABOBO;2927;1;11;14;15;12;27;24;29;25;19;42;33;35;31;48;56;54;49;46;71;75;64;63;70
BINGO CARABOBO;2928;5;7;13;2;3;16;21;28;30;18;38;41;36;45;57;60;59;47;53;62;73;69;65;74
BINGO CARABOBO;2929;4;9;14;10;12;17;18;29;16;23;42;41;32;33;47;51;58;48;56;66;68;65;70;73
BINGO CARABOBO;2930;8;7;2;3;13;25;20;27;28;26;38;39;43;37;49;54;50;57;59;62;64;67;74;63
BINGO CARABOBO;2931;1;6;5;15;11;19;22;21;24;30;34;44;31;45;55;60;52;46;53;69;72;71;61;75
BINGO CARABOBO;2932;12;14;10;1;13;18;20;24;16;25;44;35;42;43;46;59;51;47;56;66;71;68;69;75
BINGO CARABOBO;2933;11;5;6;3;4;19;17;27;26;29;33;32;34;40;57;55;58;49;50;61;73;65;64;72
BINGO CARABOBO;2934;7;9;2;8;15;23;22;28;21;30;45;31;38;37;53;54;60;48;52;70;67;63;62;74
BINGO CARABOBO;2935;9;11;6;3;4;20;24;27;21;22;43;39;32;38;48;51;53;52;59;62;74;71;72;66
BINGO CARABOBO;2936;5;1;12;7;13;16;28;19;26;30;36;42;41;33;47;55;50;57;56;68;67;73;64;65
BINGO CARABOBO;2937;8;10;15;2;14;18;23;25;17;29;37;40;45;31;49;60;46;58;54;63;70;75;69;61
BINGO CARABOBO;2938;3;4;10;2;5;28;18;21;23;29;45;41;37;34;50;53;47;48;51;72;61;73;68;64
BINGO CARABOBO;2939;14;1;9;12;8;20;25;22;27;26;36;42;33;35;56;58;59;54;49;65;70;63;71;75
BINGO CARABOBO;2940;7;13;6;15;11;17;24;30;19;16;43;32;44;38;46;55;57;52;60;69;66;67;62;74
BINGO CARABOBO;2941;1;4;8;14;6;20;22;24;23;27;39;44;37;33;55;52;51;49;58;72;71;67;66;61
BINGO CARABOBO;2942;13;5;10;9;2;29;18;21;28;30;32;34;42;36;50;59;57;53;47;63;68;74;65;69
BINGO CARABOBO;2943;7;3;12;11;15;19;17;26;25;16;38;43;31;35;46;60;54;56;48;73;62;70;64;75
BINGO CARABOBO;2944;10;15;13;4;14;27;21;24;19;22;35;44;32;38;55;52;56;58;51;68;74;63;62;73
BINGO CARABOBO;2945;3;5;2;7;11;26;29;23;17;25;39;40;43;37;50;48;53;59;49;65;66;71;64;70
BINGO CARABOBO;2946;6;9;8;12;1;20;28;18;16;30;31;42;33;45;54;60;47;57;46;72;69;75;67;61
BINGO CARABOBO;2947;10;11;13;6;5;26;28;23;21;24;35;43;34;41;51;60;50;46;48;70;72;62;66;73
BINGO CARABOBO;2948;14;3;7;12;2;17;20;19;16;22;42;32;40;36;55;47;53;52;57;68;71;67;65;61
BINGO CARABOBO;2949;8;4;15;1;9;25;18;29;30;27;33;45;39;31;56;49;58;59;54;63;74;64;69;75
BINGO CARABOBO;2950;2;10;13;12;9;29;22;26;19;28;39;32;38;31;56;51;53;55;54;67;69;73;75;71
BINGO CARABOBO;2951;11;4;14;15;6;23;17;21;16;20;40;45;34;41;48;52;59;60;50;64;70;68;66;72
BINGO CARABOBO;2952;7;5;1;3;8;24;25;30;18;27;36;37;44;42;57;47;46;58;49;63;65;62;61;74
BINGO CARABOBO;2953;2;7;4;5;15;24;19;18;29;28;37;34;39;44;54;55;48;52;47;62;65;72;66;75
BINGO CARABOBO;2954;9;14;10;8;6;21;23;27;26;17;41;43;33;38;50;56;58;53;46;64;67;68;63;71
BINGO CARABOBO;2955;3;12;11;1;13;25;20;22;30;16;42;32;36;31;60;59;57;51;49;69;73;70;61;74
BINGO CARABOBO;2956;14;11;8;12;15;21;23;29;25;24;32;38;41;43;49;48;51;60;57;74;69;65;64;71
BINGO CARABOBO;2957;7;4;2;10;5;20;27;26;17;22;40;34;44;33;58;53;55;54;59;63;66;70;72;62
BINGO CARABOBO;2958;9;13;3;1;6;30;16;19;28;18;37;35;45;42;56;46;52;47;50;67;61;75;68;73
BINGO CARABOBO;2959;7;14;8;12;6;23;20;25;19;26;33;45;41;40;54;52;59;55;51;66;69;62;64;68
BINGO CARABOBO;2960;10;1;9;13;3;27;22;24;16;30;38;42;35;36;47;57;58;48;56;75;67;73;65;71
BINGO CARABOBO;2961;5;4;15;2;11;21;18;17;28;29;44;34;43;37;53;46;60;50;49;63;61;72;70;74
BINGO CARABOBO;2962;3;10;6;9;11;29;23;25;17;19;37;36;39;38;46;50;58;57;54;73;70;68;74;71
BINGO CARABOBO;2963;7;13;15;4;5;30;24;18;20;21;34;44;43;42;53;47;49;59;52;63;75;62;67;66
BINGO CARABOBO;2964;8;1;12;2;14;27;22;26;28;16;33;32;45;31;56;48;55;60;51;69;61;64;72;65
BINGO CARABOBO;2965;5;12;4;13;2;24;21;23;17;25;43;35;42;33;50;46;47;55;52;63;67;72;73;75
BINGO CARABOBO;2966;10;14;7;8;6;19;16;20;22;30;37;45;34;44;59;57;49;54;60;62;61;69;66;70
BINGO CARABOBO;2967;15;9;11;3;1;27;29;26;18;28;39;40;36;41;53;58;56;51;48;64;68;71;65;74
BINGO CARABOBO;2968;13;11;10;12;6;22;19;21;30;29;43;41;44;35;59;56;53;57;48;64;66;62;71;73
BINGO CARABOBO;2969;4;7;2;8;5;20;27;28;17;25;32;36;33;38;50;55;52;54;51;72;65;67;74;70
BINGO CARABOBO;2970;14;9;15;3;1;18;23;16;26;24;37;42;31;45;49;46;47;60;58;75;68;69;63;61
BINGO CARABOBO;2971;6;7;3;2;9;26;18;17;19;21;42;44;32;36;55;56;50;52;58;70;63;64;67;65
BINGO CARABOBO;2972;5;15;11;12;14;24;28;20;27;22;37;33;41;31;59;54;48;47;49;66;61;72;62;73
BINGO CARABOBO;2973;8;10;13;4;1;25;30;23;29;16;34;38;45;40;51;53;60;46;57;71;69;75;68;74
BINGO CARABOBO;2974;7;11;14;8;6;26;22;21;27;17;34;37;42;36;49;59;56;58;52;64;61;67;65;75
BINGO CARABOBO;2975;3;4;12;13;9;16;24;19;23;25;40;33;41;44;60;53;50;51;48;71;73;69;68;63
BINGO CARABOBO;2976;1;5;2;15;10;20;28;30;29;18;39;32;35;45;47;55;54;57;46;74;70;72;62;66
BINGO CARABOBO;2977;8;15;10;11;3;30;17;20;25;26;38;41;39;35;47;52;49;59;54;62;69;67;75;70
BINGO CARABOBO;2978;14;12;7;1;2;27;16;28;24;19;32;31;43;37;55;58;51;53;48;73;68;71;63;64
BINGO CARABOBO;2979;13;5;9;6;4;22;29;21;18;23;42;44;36;33;56;60;46;57;50;65;74;61;66;72
BINGO CARABOBO;2980;15;7;4;3;8;25;26;28;17;24;39;41;37;33;53;57;55;56;48;65;71;66;72;67
BINGO CARABOBO;2981;2;10;13;9;11;29;23;22;27;19;36;35;43;40;50;52;46;54;47;70;69;68;64;74
BINGO CARABOBO;2982;5;1;12;14;6;20;21;16;18;30;32;44;45;34;58;59;51;60;49;63;73;62;75;61
BINGO CARABOBO;2983;10;2;4;13;6;19;24;30;29;20;37;35;42;36;53;56;51;50;48;63;62;66;72;67
BINGO CARABOBO;2984;11;14;8;12;9;16;18;27;22;26;34;32;41;44;55;54;59;52;58;74;64;68;69;71
BINGO CARABOBO;2985;7;1;3;15;5;23;28;21;17;25;45;39;43;38;47;49;57;60;46;73;70;61;65;75
BINGO CARABOBO;2986;2;4;9;7;15;20;18;29;21;17;36;44;45;32;58;47;54;59;50;62;64;67;66;68
BINGO CARABOBO;2987;10;3;13;5;6;23;26;28;24;22;43;40;38;37;49;53;55;52;46;69;75;73;74;70
BINGO CARABOBO;2988;8;1;12;14;11;19;30;25;27;16;35;31;42;33;51;57;48;56;60;71;65;61;63;72
BINGO CARABOBO;2989;10;2;6;4;13;23;16;22;18;19;38;44;40;37;50;56;57;59;54;66;70;72;71;67
BINGO CARABOBO;2990;8;9;14;12;15;27;30;26;28;20;41;32;39;35;48;51;52;58;60;61;73;68;64;74
BINGO CARABOBO;2991;3;5;11;1;7;25;29;24;17;21;36;31;45;33;47;49;53;46;55;75;63;69;65;62
BINGO CARABOBO;2992;3;12;1;9;8;30;27;18;26;20;33;31;41;35;53;50;55;47;48;72;69;66;63;67
BINGO CARABOBO;2993;15;4;10;5;7;22;24;25;23;28;37;43;34;44;59;56;57;52;60;62;75;71;73;64
BINGO CARABOBO;2994;2;11;14;6;13;17;19;21;29;16;42;39;45;32;51;46;49;58;54;68;70;61;74;65
BINGO CARABOBO;2995;12;3;13;8;7;28;19;20;22;27;45;43;39;37;57;52;50;47;54;65;68;63;69;64
BINGO CARABOBO;2996;5;10;9;15;6;23;16;21;29;17;38;33;35;41;51;48;55;56;49;66;73;70;62;75
BINGO CARABOBO;2997;11;14;4;2;1;25;26;24;18;30;36;32;42;34;53;60;46;59;58;67;71;61;74;72
BINGO CARABOBO;2998;3;2;6;8;10;23;19;28;30;29;31;43;40;37;46;57;50;55;48;72;63;69;62;74
BINGO CARABOBO;2999;15;14;4;7;5;27;26;22;20;17;33;35;42;34;56;51;54;49;52;71;75;65;68;66
BINGO CARABOBO;3000;9;12;13;1;11;24;25;18;21;16;39;41;32;45;59;53;58;47;60;64;67;73;70;61
BINGO CARABOBO;3001;11;1;7;9;3;19;18;23;29;30;44;42;41;39;53;57;55;51;47;68;66;64;72;73
BINGO CARABOBO;3002;14;8;12;10;6;26;20;24;21;16;40;33;38;43;54;49;50;52;56;67;69;74;75;70
BINGO CARABOBO;3003;13;2;4;5;15;27;25;17;28;22;32;36;45;35;58;60;46;48;59;62;63;65;61;71
BINGO CARABOBO;3004;4;6;8;12;5;23;29;26;21;27;33;40;32;43;47;46;53;54;56;68;67;66;69;62
BINGO CARABOBO;3005;3;10;7;9;2;30;22;20;18;19;42;39;35;38;48;57;51;55;49;61;64;73;65;75
BINGO CARABOBO;3006;13;14;1;11;15;17;24;25;16;28;36;37;31;45;52;59;50;60;58;70;72;74;71;63
BINGO CARABOBO;3007;13;6;2;15;11;26;28;18;27;17;40;42;36;35;55;53;50;59;46;62;64;74;67;71
BINGO CARABOBO;3008;4;14;9;1;8;25;29;21;20;19;41;45;34;38;48;47;51;58;56;68;63;73;72;65
BINGO CARABOBO;3009;5;7;3;12;10;16;23;24;30;22;37;43;39;44;57;49;54;60;52;70;75;61;66;69
BINGO CARABOBO;3010;7;3;14;6;12;23;22;28;19;26;43;44;42;45;52;56;55;59;46;74;64;63;71;61
BINGO CARABOBO;3011;10;4;13;2;11;24;21;27;16;29;32;40;33;34;48;58;50;57;53;68;69;62;70;73
BINGO CARABOBO;3012;8;15;5;1;9;18;30;17;20;25;31;36;39;35;49;60;54;47;51;66;72;67;75;65
BINGO CARABOBO;3013;10;8;12;9;15;21;23;29;27;19;45;40;44;38;51;47;53;57;54;63;72;64;68;74
BINGO CARABOBO;3014;7;1;11;13;2;20;30;16;22;28;33;34;35;37;58;60;52;55;49;70;67;66;73;71
BINGO CARABOBO;3015;4;6;14;3;5;25;17;26;24;18;31;41;43;39;48;56;59;46;50;61;69;75;62;65
BINGO CARABOBO;3016;4;9;15;6;7;22;20;19;21;16;40;32;36;35;54;60;49;52;47;69;62;63;61;67
BINGO CARABOBO;3017;10;13;8;2;5;28;17;23;29;24;33;39;42;44;53;56;57;48;55;68;64;71;72;73
BINGO CARABOBO;3018;1;12;14;3;11;30;25;26;18;27;45;37;31;38;51;50;59;58;46;74;70;65;75;66
BINGO CARABOBO;3019;11;2;14;13;7;28;29;30;25;18;45;34;40;33;48;54;51;57;47;63;62;64;69;73
BINGO CARABOBO;3020;9;8;6;10;4;22;20;16;24;23;39;35;37;41;46;59;56;60;50;74;75;71;66;68
BINGO CARABOBO;3021;3;5;15;1;12;17;26;19;21;27;44;31;32;38;53;58;52;55;49;67;72;61;70;65
BINGO CARABOBO;3022;11;5;9;7;13;17;18;22;21;29;44;37;33;45;55;56;59;49;48;70;66;63;65;73
BINGO CARABOBO;3023;14;12;8;2;15;19;26;25;23;24;35;38;36;40;57;50;58;60;47;62;71;69;74;72
BINGO CARABOBO;3024;6;3;1;4;10;28;20;27;16;30;39;34;31;32;52;51;54;53;46;68;67;61;75;64
BINGO CARABOBO;3025;10;5;1;8;4;22;27;28;19;24;36;39;44;33;54;48;46;60;58;63;70;64;72;74
BINGO CARABOBO;3026;9;13;11;6;3;26;23;21;18;25;34;38;37;31;52;50;47;51;57;71;67;73;68;66
BINGO CARABOBO;3027;15;14;7;12;2;29;16;20;30;17;35;32;45;40;53;59;49;55;56;69;75;62;65;61
BINGO CARABOBO;3028;12;10;3;6;9;23;29;20;22;19;43;34;37;33;59;49;50;51;47;74;65;69;67;63
BINGO CARABOBO;3029;4;8;5;7;14;25;26;28;24;27;42;36;35;40;46;54;52;58;55;72;62;64;71;66
BINGO CARABOBO;3030;11;2;15;1;13;30;16;18;17;21;32;31;45;44;56;60;53;48;57;70;68;73;75;61
BINGO CARABOBO;3031;8;6;11;9;12;20;19;27;26;22;44;32;43;38;55;48;50;53;52;75;65;71;64;68
BINGO CARABOBO;3032;2;10;14;13;1;18;21;24;17;29;42;45;37;33;46;51;58;57;49;66;70;63;73;69
BINGO CARABOBO;3033;4;7;15;5;3;30;28;25;23;16;35;39;31;36;59;47;56;60;54;72;74;67;61;62
BINGO CARABOBO;3034;10;12;11;15;4;27;25;26;21;23;38;33;39;45;56;49;54;55;47;73;71;66;70;67
BINGO CARABOBO;3035;3;13;5;9;1;18;22;16;30;19;34;31;40;35;52;57;51;50;48;74;72;62;65;63
BINGO CARABOBO;3036;6;7;8;14;2;17;20;29;24;28;32;44;37;41;58;53;60;59;46;69;75;64;68;61
BINGO CARABOBO;3037;11;14;7;6;5;23;20;27;19;29;37;33;32;36;47;54;55;48;50;69;65;70;75;73
BINGO CARABOBO;3038;4;9;2;15;3;24;21;17;25;22;40;34;35;44;56;58;59;49;52;68;63;66;64;67
BINGO CARABOBO;3039;12;1;13;8;10;18;30;16;28;26;38;31;43;42;53;57;60;51;46;71;61;72;74;62
BINGO CARABOBO;3040;6;5;10;12;7;28;17;23;26;21;41;43;32;31;51;58;55;48;56;73;61;64;65;68
BINGO CARABOBO;3041;3;13;15;11;8;19;25;16;24;18;37;33;36;35;50;57;54;59;52;69;71;72;74;67
BINGO CARABOBO;3042;2;4;1;14;9;27;30;22;29;20;42;44;38;45;47;49;53;46;60;62;66;63;75;70
BINGO CARABOBO;3043;12;3;10;13;7;18;16;22;25;17;36;40;43;44;58;56;55;57;51;71;65;64;73;69
BINGO CARABOBO;3044;6;2;5;14;11;21;20;26;19;27;34;33;41;35;53;54;46;50;52;67;63;61;68;70
BINGO CARABOBO;3045;4;8;9;1;15;24;29;30;28;23;37;45;31;38;47;59;60;49;48;62;66;75;74;72
BINGO CARABOBO;3046;7;11;4;2;12;23;16;29;19;22;37;40;31;44;48;50;47;51;58;64;75;70;63;69
BINGO CARABOBO;3047;3;8;10;6;5;24;28;27;17;21;43;42;38;34;53;60;57;55;46;72;62;71;74;68
BINGO CARABOBO;3048;9;14;13;15;1;18;26;30;25;20;35;33;32;45;56;54;59;52;49;67;66;65;61;73
BINGO CARABOBO;3049;11;9;2;7;14;27;17;22;20;25;35;39;34;36;58;47;56;49;51;67;66;70;69;73
BINGO CARABOBO;3050;1;4;6;8;12;23;19;29;30;28;38;32;44;41;48;59;52;55;57;72;62;68;61;74
BINGO CARABOBO;3051;15;3;5;10;13;26;16;24;21;18;37;31;40;43;50;60;46;54;53;71;75;64;65;63
BINGO CARABOBO;3052;11;5;13;10;14;20;26;27;29;22;35;36;34;37;58;51;57;48;54;63;68;72;74;73
BINGO CARABOBO;3053;15;7;12;1;3;24;23;30;16;17;40;39;38;44;47;52;49;55;50;62;67;66;75;71
BINGO CARABOBO;3054;9;6;2;4;8;28;19;18;25;21;43;33;45;31;59;56;60;46;53;61;64;69;70;65
BINGO CARABOBO;3055;4;3;5;1;6;26;20;28;27;21;41;43;38;45;58;47;49;48;57;65;70;73;71;66
BINGO CARABOBO;3056;14;9;11;13;8;24;16;29;19;23;37;36;31;40;50;51;54;55;56;64;63;62;68;61
BINGO CARABOBO;3057;7;12;10;2;15;25;18;22;17;30;39;35;34;33;52;59;53;60;46;74;75;69;67;72
BINGO CARABOBO;3058;2;3;5;15;9;23;21;25;20;29;41;32;38;43;53;52;57;47;54;61;70;73;72;63
BINGO CARABOBO;3059;8;1;12;11;7;19;24;27;18;22;36;37;40;42;58;55;50;51;56;64;66;62;75;67
BINGO CARABOBO;3060;13;10;6;14;4;16;26;28;30;17;44;34;39;45;59;49;48;46;60;65;71;69;68;74
BINGO CARABOBO;3061;14;13;3;6;10;28;20;26;16;29;43;39;33;32;58;57;50;52;54;62;71;70;63;69
BINGO CARABOBO;3062;15;9;5;2;8;19;18;24;22;27;40;38;42;34;47;48;46;53;55;72;74;73;75;64
BINGO CARABOBO;3063;7;1;11;4;12;25;23;30;17;21;36;31;45;37;60;56;51;59;49;67;66;61;65;68
BINGO CARABOBO;3064;3;8;2;10;14;21;24;29;18;20;43;36;37;34;53;60;54;47;46;67;75;62;65;72
BINGO CARABOBO;3065;6;12;1;7;11;22;25;23;19;28;38;31;40;32;56;51;58;55;50;70;64;71;61;66
BINGO CARABOBO;3066;5;9;4;13;15;27;17;26;30;16;42;44;41;39;59;48;57;52;49;63;74;73;68;69
BINGO CARABOBO;3067;11;6;9;3;2;25;20;26;28;22;39;35;38;34;51;60;52;48;58;64;62;68;73;66
BINGO CARABOBO;3068;7;12;10;15;1;17;16;18;30;19;42;33;40;32;53;56;46;50;59;71;63;65;67;69
BINGO CARABOBO;3069;5;13;4;14;8;27;24;29;21;23;45;37;43;41;49;57;47;54;55;70;74;61;72;75
BINGO CARABOBO;3070;6;5;13;4;11;21;24;23;28;27;35;43;39;41;48;50;56;49;53;72;64;75;63;69
BINGO CARABOBO;3071;2;8;7;1;12;16;18;19;29;22;32;37;44;38;51;55;54;59;52;67;61;74;70;73
BINGO CARABOBO;3072;14;10;15;9;3;26;25;17;30;20;40;36;42;31;58;57;47;60;46;62;66;71;65;68
BINGO CARABOBO;3073;8;7;9;14;2;18;28;22;23;27;38;32;31;40;49;48;52;47;54;69;65;67;64;66
BINGO CARABOBO;3074;3;12;15;13;4;20;24;26;29;19;43;35;45;41;56;55;58;50;46;63;68;61;70;71
BINGO CARABOBO;3075;5;6;10;1;11;25;16;17;30;21;34;39;44;33;57;59;51;53;60;73;62;72;74;75
BINGO CARABOBO;3076;3;15;8;7;2;18;25;19;21;24;39;37;36;38;57;51;53;58;60;64;74;65;66;67
BINGO CARABOBO;3077;1;11;9;12;10;28;17;27;20;23;35;41;43;33;55;49;48;47;50;62;71;63;72;69
BINGO CARABOBO;3078;5;13;14;4;6;29;22;26;16;30;34;40;31;42;52;59;56;54;46;68;61;73;70;75
BINGO CARABOBO;3079;13;1;4;3;14;26;24;30;19;20;40;43;41;31;55;53;56;49;48;72;63;70;71;75
BINGO CARABOBO;3080;9;5;10;11;15;25;16;23;27;22;36;39;44;42;47;54;52;57;51;64;67;69;66;73
BINGO CARABOBO;3081;7;8;6;2;12;28;21;17;18;29;35;37;34;45;50;59;58;46;60;62;68;65;61;74
BINGO CARABOBO;3082;2;13;14;6;11;28;18;23;20;24;38;39;31;37;48;46;57;52;58;75;64;71;69;63
BINGO CARABOBO;3083;3;12;5;4;10;29;19;27;26;21;40;42;36;35;50;56;59;47;49;70;61;67;74;65
BINGO CARABOBO;3084;7;9;8;1;15;25;30;16;22;17;43;41;34;32;54;60;53;51;55;62;68;66;72;73
BINGO CARABOBO;3085;9;11;8;13;2;17;20;18;19;16;42;31;36;41;58;54;47;53;56;65;71;63;72;75
BINGO CARABOBO;3086;6;15;14;3;7;21;29;22;27;28;37;35;40;33;60;51;55;49;57;62;61;73;66;67
BINGO CARABOBO;3087;5;1;4;12;10;30;24;26;25;23;44;38;34;39;48;50;46;52;59;70;64;69;74;68
BINGO CARABOBO;3088;14;4;12;13;5;27;20;16;22;21;39;43;41;36;46;57;55;53;59;69;72;73;70;64
BINGO CARABOBO;3089;7;3;10;9;8;24;19;28;18;29;33;44;42;31;58;49;54;48;50;67;74;63;68;66
BINGO CARABOBO;3090;11;6;2;1;15;30;26;23;17;25;35;45;34;40;47;52;56;60;51;65;61;62;71;75
BINGO CARABOBO;3091;12;7;5;8;1;27;26;18;22;23;39;44;40;32;56;46;51;57;52;65;68;69;66;70
BINGO CARABOBO;3092;4;6;11;2;3;28;30;25;16;24;33;35;41;37;54;47;53;60;59;74;67;71;62;64
BINGO CARABOBO;3093;14;10;13;9;15;20;17;21;19;29;43;36;42;31;49;55;58;50;48;72;73;75;63;61
BINGO CARABOBO;3094;2;7;5;13;9;16;20;23;18;25;36;40;39;43;57;48;51;46;55;71;68;69;66;74
BINGO CARABOBO;3095;10;6;14;1;4;19;26;29;22;28;32;35;38;42;54;50;49;53;47;65;75;73;61;70
BINGO CARABOBO;3096;8;12;3;15;11;30;27;17;21;24;34;33;44;45;58;59;60;52;56;63;62;72;64;67
BINGO CARABOBO;3097;7;2;13;11;5;18;23;22;28;30;36;43;42;44;53;47;48;58;49;62;67;71;73;68
BINGO CARABOBO;3098;8;3;12;15;9;17;20;19;24;26;37;38;45;40;50;51;60;54;59;66;63;74;65;72
BINGO CARABOBO;3099;1;6;10;4;14;27;16;21;25;29;39;35;32;31;55;52;46;57;56;61;75;69;70;64
BINGO CARABOBO;3100;12;10;7;6;4;19;20;23;25;24;34;36;39;42;52;47;48;54;60;68;63;67;62;65
BINGO CARABOBO;3101;11;8;15;3;13;16;21;27;17;26;33;38;44;43;46;51;55;58;56;72;64;70;66;74
BINGO CARABOBO;3102;14;9;1;2;5;29;22;18;28;30;32;31;45;35;50;49;57;59;53;73;61;71;75;69
BINGO CARABOBO;3103;4;8;12;15;6;26;30;23;24;21;35;34;37;45;49;48;52;55;58;67;63;65;68;66
BINGO CARABOBO;3104;3;11;5;2;10;22;16;18;19;28;41;40;38;42;47;57;50;54;46;70;73;61;64;69
BINGO CARABOBO;3105;13;7;9;14;1;17;20;27;25;29;43;36;44;32;56;59;53;60;51;74;71;62;75;72
BINGO CARABOBO;3106;7;6;12;14;10;17;22;20;19;16;43;38;34;33;53;51;48;47;55;74;62;70;73;67
BINGO CARABOBO;3107;3;2;8;5;9;26;21;23;18;29;42;36;32;39;49;54;56;52;58;68;72;63;71;65
BINGO CARABOBO;3108;1;11;13;15;4;27;30;25;24;28;31;44;45;35;60;59;50;46;57;66;64;69;61;75
BINGO CARABOBO;3109;4;7;8;14;10;23;19;17;22;25;44;31;34;35;55;46;47;50;53;61;74;62;71;69
BINGO CARABOBO;3110;12;13;11;6;2;18;20;29;28;24;32;39;42;36;51;58;48;54;52;67;75;65;64;73
BINGO CARABOBO;3111;9;5;3;1;15;27;30;16;26;21;41;33;43;45;57;56;49;60;59;63;66;72;68;70
BINGO CARABOBO;3112;7;3;12;5;10;25;18;20;24;30;44;42;36;39;48;59;58;47;49;75;74;67;70;68
BINGO CARABOBO;3113;4;6;9;13;1;17;23;16;21;19;33;43;38;37;46;51;55;56;57;63;72;71;64;62
BINGO CARABOBO;3114;8;2;15;11;14;27;26;29;28;22;45;41;40;34;52;54;53;60;50;65;69;66;61;73
BINGO CARABOBO;3115;6;1;10;12;5;17;24;19;22;25;43;37;45;32;50;51;55;52;53;73;61;70;69;66
BINGO CARABOBO;3116;14;4;13;7;9;23;27;29;18;21;42;33;34;44;48;57;49;59;58;65;74;62;67;75
BINGO CARABOBO;3117;2;11;15;8;3;20;26;30;28;16;35;38;36;41;47;46;60;56;54;64;72;68;71;63
BINGO CARABOBO;3118;10;8;6;12;11;24;29;23;18;28;42;40;41;34;49;55;52;48;54;68;64;66;65;61
BINGO CARABOBO;3119;7;3;5;9;4;22;25;30;17;26;32;36;38;33;47;58;57;53;50;75;73;72;71;63
BINGO CARABOBO;3120;14;15;13;1;2;20;19;21;16;27;44;35;39;31;59;46;56;60;51;70;62;69;74;67
BINGO CARABOBO;3121;6;9;14;13;2;17;16;29;18;26;43;40;41;42;56;55;48;58;47;74;71;63;66;70
BINGO CARABOBO;3122;4;3;12;5;10;24;25;27;30;28;38;33;37;39;51;52;59;50;54;69;61;72;75;65
BINGO CARABOBO;3123;11;7;1;15;8;20;21;22;19;23;31;36;45;44;49;57;53;46;60;64;68;73;62;67
BINGO CARABOBO;3124;6;8;4;14;15;20;21;17;26;29;34;41;40;43;55;51;57;59;47;65;66;74;61;67
BINGO CARABOBO;3125;13;12;11;5;7;28;23;18;19;25;32;38;37;44;49;48;52;56;54;70;64;73;72;71
BINGO CARABOBO;3126;2;9;10;3;1;16;22;27;24;30;35;39;42;31;58;53;50;60;46;62;63;75;69;68
BINGO CARABOBO;3127;14;7;6;10;5;26;29;17;25;24;44;40;45;35;52;47;54;48;57;70;65;63;67;73
BINGO CARABOBO;3128;8;3;12;4;9;21;23;18;19;22;34;39;38;41;60;53;56;46;58;66;62;68;69;71
BINGO CARABOBO;3129;2;15;11;1;13;16;27;30;20;28;37;42;33;43;55;50;49;59;51;74;64;75;61;72
BINGO CARABOBO;3130;14;10;2;12;8;22;27;21;23;30;41;42;44;43;50;53;56;55;57;65;69;66;61;71
BINGO CARABOBO;3131;13;3;4;5;15;18;17;16;24;20;32;34;39;45;49;48;52;59;47;72;63;62;67;70
BINGO CARABOBO;3132;6;11;7;9;1;28;19;26;29;25;35;38;40;36;54;60;58;46;51;73;75;64;74;68
BINGO CARABOBO;3133;12;3;2;9;5;25;17;28;27;16;35;42;39;33;51;53;52;49;58;67;70;63;64;72
BINGO CARABOBO;3134;10;6;7;14;13;21;19;23;20;24;37;36;40;44;47;59;55;48;50;65;69;75;66;74
BINGO CARABOBO;3135;15;11;1;4;8;29;26;18;22;30;45;31;41;32;56;57;54;60;46;62;71;61;73;68
BINGO CARABOBO;3136;7;12;6;5;1;25;24;26;19;21;39;43;31;37;54;51;55;58;50;71;75;70;68;66
BINGO CARABOBO;3137;4;8;3;11;13;27;28;22;17;16;34;35;40;33;52;47;56;48;49;73;74;64;62;63
BINGO CARABOBO;3138;15;2;9;10;14;18;20;23;29;30;36;38;41;44;57;46;59;60;53;65;67;69;72;61
BINGO CARABOBO;3139;11;10;5;13;6;28;29;23;21;24;35;33;37;32;60;54;59;53;55;72;74;61;65;63
BINGO CARABOBO;3140;14;3;12;9;2;17;25;19;26;22;43;39;38;36;48;50;51;49;56;66;68;69;67;75
BINGO CARABOBO;3141;1;15;7;8;4;27;30;18;16;20;42;40;45;34;52;58;47;57;46;64;71;73;62;70
BINGO CARABOBO;3142;14;8;13;12;10;16;24;28;23;20;44;36;41;34;46;53;59;56;54;72;62;64;67;63
BINGO CARABOBO;3143;11;6;4;5;2;29;27;19;26;25;39;31;43;35;57;48;51;50;47;71;74;66;68;69
BINGO CARABOBO;3144;3;7;9;15;1;18;21;30;17;22;33;37;45;32;52;58;55;49;60;73;70;65;61;75
BINGO CARABOBO;3145;3;7;9;10;5;28;23;27;19;18;42;39;38;32;59;57;51;52;46;64;66;70;62;63
BINGO CARABOBO;3146;13;2;14;8;4;26;29;17;24;20;41;43;40;33;48;53;55;50;60;69;74;75;72;68
BINGO CARABOBO;3147;12;1;11;15;6;25;21;22;16;30;37;34;31;36;49;54;56;47;58;65;73;71;61;67
BINGO CARABOBO;3148;9;6;3;7;11;20;24;27;23;21;40;31;36;42;47;48;50;58;56;73;67;66;63;70
BINGO CARABOBO;3149;4;5;15;10;14;19;26;25;22;17;35;44;43;38;57;52;59;53;51;65;62;69;74;68
BINGO CARABOBO;3150;1;8;13;2;12;28;18;16;29;30;41;45;32;39;54;49;46;60;55;71;64;75;61;72
BINGO CARABOBO;3151;9;12;6;11;5;22;20;25;17;21;42;38;35;36;55;52;59;48;47;67;62;70;61;68
BINGO CARABOBO;3152;8;1;4;3;2;28;27;29;18;30;41;43;34;37;57;58;56;50;54;75;71;74;69;72
BINGO CARABOBO;3153;10;13;14;7;15;23;26;16;24;19;31;40;45;32;53;46;60;49;51;64;66;73;65;63
BINGO CARABOBO;3154;2;7;13;5;10;24;18;26;28;29;36;35;42;41;49;48;58;46;54;66;61;74;65;73
BINGO CARABOBO;3155;9;12;1;6;14;23;19;21;20;22;38;45;32;43;55;47;51;53;60;67;75;63;68;64
BINGO CARABOBO;3156;8;11;3;15;4;25;30;17;27;16;37;34;31;39;59;56;50;52;57;70;71;72;62;69
BINGO CARABOBO;3157;13;5;10;3;4;23;26;28;17;24;44;35;43;33;49;55;60;48;59;65;66;72;71;67
BINGO CARABOBO;3158;9;11;15;1;12;22;29;25;21;20;36;45;41;40;51;50;54;53;58;73;68;75;63;70
BINGO CARABOBO;3159;14;7;8;6;2;30;27;18;19;16;38;37;31;42;52;56;57;47;46;61;64;69;62;74
BINGO CARABOBO;3160;12;7;6;9;11;26;19;29;27;17;38;41;32;37;53;47;60;49;50;62;67;64;73;74
BINGO CARABOBO;3161;8;13;3;10;4;22;20;18;23;24;33;35;34;31;54;58;57;46;51;72;71;75;68;65
BINGO CARABOBO;3162;14;5;15;2;1;16;21;30;28;25;45;42;44;43;48;56;59;52;55;66;63;69;61;70
BINGO CARABOBO;3163;14;13;10;9;15;19;29;18;25;17;36;42;40;32;57;58;52;49;51;71;75;74;73;61
BINGO CARABOBO;3164;8;5;1;3;7;30;23;20;24;21;44;41;37;39;54;48;59;46;47;63;70;65;68;66
BINGO CARABOBO;3165;2;4;11;12;6;22;26;28;16;27;45;38;34;35;60;50;55;56;53;69;64;67;72;62
BINGO CARABOBO;3166;5;9;7;2;8;28;21;23;20;26;43;45;35;42;58;53;55;49;54;73;70;62;72;63
BINGO CARABOBO;3167;13;12;11;14;3;24;16;27;29;30;34;44;38;39;47;46;51;50;52;67;69;64;65;75
BINGO CARABOBO;3168;10;1;6;4;15;25;17;19;22;18;33;41;37;31;48;57;60;59;56;74;66;68;71;61
BINGO CARABOBO;3169;4;5;11;1;14;27;17;16;23;24;39;37;35;40;57;51;59;53;52;71;63;67;70;64
BINGO CARABOBO;3170;10;9;7;13;12;26;30;22;19;29;33;31;43;38;49;55;50;47;56;69;73;72;62;61
BINGO CARABOBO;3171;3;15;2;6;8;21;25;18;20;28;45;41;44;32;48;58;60;54;46;74;68;75;66;65
BINGO CARABOBO;3172;3;10;11;8;13;26;17;29;24;20;41;42;35;43;54;58;53;49;57;74;65;63;70;61
BINGO CARABOBO;3173;12;2;6;7;9;22;23;21;25;18;32;44;33;34;48;47;56;51;55;68;66;64;71;75
BINGO CARABOBO;3174;4;1;14;5;15;27;28;16;19;30;31;40;36;39;59;60;50;52;46;67;72;69;62;73
BINGO CARABOBO;3175;5;12;4;14;6;23;17;21;20;16;42;43;37;33;47;54;46;51;50;68;69;62;70;67
BINGO CARABOBO;3176;8;9;3;13;1;19;22;30;25;27;36;44;34;39;56;52;58;53;57;75;61;72;73;63
BINGO CARABOBO;3177;2;15;7;11;10;26;24;29;28;18;40;32;31;45;59;55;60;48;49;65;64;71;66;74
BINGO CARABOBO;3178;7;9;11;13;15;19;28;25;18;16;38;43;44;33;54;49;55;56;46;72;73;70;71;68
BINGO CARABOBO;3179;4;10;8;1;12;29;17;22;27;30;37;32;31;40;60;48;53;50;58;69;65;63;66;61
BINGO CARABOBO;3180;6;5;2;14;3;23;24;20;21;26;39;42;45;35;47;57;52;59;51;67;64;74;75;62
BINGO CARABOBO;3181;2;9;3;4;13;29;22;20;24;27;37;43;38;34;56;53;59;57;51;64;69;70;71;66
BINGO CARABOBO;3182;11;7;14;10;6;21;26;19;23;16;40;41;32;33;47;49;50;48;52;74;62;61;72;63
BINGO CARABOBO;3183;12;15;5;1;8;28;25;18;30;17;39;42;31;45;60;58;55;54;46;65;68;67;73;75
BINGO CARABOBO;3184;1;7;11;6;3;28;26;17;16;22;41;39;35;43;47;50;57;60;59;74;68;67;72;70
BINGO CARABOBO;3185;12;15;14;8;4;29;21;18;30;20;34;36;42;32;49;51;52;48;46;65;69;62;63;73
BINGO CARABOBO;3186;9;2;5;13;10;27;23;24;19;25;40;37;45;31;54;55;58;56;53;75;64;66;61;71
BINGO CARABOBO;3187;9;13;5;12;7;19;21;22;30;23;42;41;36;38;49;48;57;54;59;70;62;68;63;75
BINGO CARABOBO;3188;6;11;4;14;3;20;28;27;24;25;39;45;35;43;55;52;56;60;51;66;69;65;64;61
BINGO CARABOBO;3189;10;8;2;15;1;29;16;26;17;18;31;32;33;37;46;53;50;47;58;72;71;74;67;73
BINGO CARABOBO;3190;11;9;13;5;6;17;28;22;21;27;40;37;45;39;53;49;48;56;58;63;75;67;72;73
BINGO CARABOBO;3191;12;14;15;3;1;26;25;23;19;24;33;32;35;31;46;57;47;59;55;71;61;62;66;70
BINGO CARABOBO;3192;7;10;4;8;2;16;29;20;30;18;44;42;41;38;51;60;54;52;50;69;74;64;68;65
BINGO CARABOBO;3193;6;3;9;13;11;30;29;19;20;21;42;44;39;36;55;59;56;47;46;66;72;70;63;64
BINGO CARABOBO;3194;8;2;5;7;4;17;25;27;24;22;31;40;43;34;52;57;50;49;58;73;65;67;69;62
BINGO CARABOBO;3195;10;15;14;12;1;16;18;28;23;26;32;37;41;38;60;51;53;48;54;74;75;71;61;68
BINGO CARABOBO;3196;14;2;4;11;15;19;25;17;20;29;38;44;33;40;54;58;48;49;52;64;65;63;66;74
BINGO CARABOBO;3197;13;5;6;7;3;27;23;26;18;21;43;39;42;34;57;56;50;51;59;61;68;73;69;70
BINGO CARABOBO;3198;9;12;1;10;8;24;28;16;30;22;37;31;36;45;60;47;55;53;46;72;67;71;62;75
BINGO CARABOBO;3199;9;2;1;3;13;19;23;30;27;21;34;42;44;33;58;59;55;50;54;68;71;69;61;70
BINGO CARABOBO;3200;6;15;11;4;7;28;17;22;18;26;35;39;43;32;53;52;56;48;47;63;73;72;66;74
BINGO CARABOBO;3201;14;10;8;12;5;25;16;29;20;24;38;36;31;45;49;60;51;46;57;65;64;67;62;75
BINGO CARABOBO;3202;15;10;5;13;4;21;19;26;17;22;37;42;39;43;46;51;49;55;56;69;73;75;65;68
BINGO CARABOBO;3203;8;12;6;9;11;23;20;30;16;24;40;36;35;44;54;52;59;57;50;71;67;62;66;64
BINGO CARABOBO;3204;14;2;1;3;7;28;27;29;18;25;41;38;31;45;48;58;53;60;47;74;70;72;63;61
BINGO CARABOBO;3205;9;5;8;4;12;17;19;25;23;16;35;37;41;34;47;48;54;60;49;73;67;72;63;70
BINGO CARABOBO;3206;11;1;7;15;13;18;21;27;28;29;45;43;36;38;52;57;53;56;46;69;74;68;71;64
BINGO CARABOBO;3207;2;6;10;14;3;24;20;26;22;30;32;42;40;31;50;58;59;55;51;75;65;62;66;61
BINGO CARABOBO;3208;15;4;8;10;11;28;25;24;23;26;36;43;35;33;51;53;56;48;55;69;71;73;63;66
BINGO CARABOBO;3209;5;12;9;2;3;29;16;18;21;30;45;38;31;39;49;47;54;58;52;70;72;62;64;65
BINGO CARABOBO;3210;13;14;6;1;7;27;17;22;19;20;41;34;44;42;50;57;59;46;60;68;61;74;75;67
BINGO CARABOBO;3211;8;12;13;9;10;18;20;27;24;30;45;44;36;42;55;60;47;53;59;61;69;73;64;70
BINGO CARABOBO;3212;7;3;4;5;1;23;17;26;25;21;34;38;35;39;50;52;51;54;56;74;71;67;63;65
BINGO CARABOBO;3213;15;2;11;6;14;28;22;19;29;16;33;37;43;32;57;49;48;58;46;66;68;75;72;62
BINGO CARABOBO;3214;7;1;5;4;10;24;23;28;16;21;41;34;44;40;57;53;56;58;55;68;70;62;63;66
BINGO CARABOBO;3215;11;12;8;13;15;26;20;17;27;18;32;31;45;36;49;48;59;50;51;74;61;64;69;71
BINGO CARABOBO;3216;9;3;6;14;2;30;29;22;25;19;35;39;33;38;52;47;60;46;54;72;67;73;75;65
BINGO CARABOBO;3217;5;14;15;11;4;29;20;26;18;24;37;40;33;35;58;52;49;50;53;62;69;64;63;65
BINGO CARABOBO;3218;6;7;10;3;9;16;23;19;17;21;36;38;42;34;54;47;51;55;59;72;68;74;71;67
BINGO CARABOBO;3219;13;12;2;8;1;28;22;27;30;25;41;32;44;31;48;46;57;56;60;73;75;70;66;61
BINGO CARABOBO;3220;10;3;14;4;5;27;21;24;25;22;42;44;35;31;52;56;60;46;57;69;63;64;73;70
BINGO CARABOBO;3221;8;2;11;13;1;28;17;18;26;23;40;45;43;34;49;58;51;47;59;68;75;65;67;61
BINGO CARABOBO;3222;12;9;6;7;15;29;19;30;20;16;39;38;36;41;54;53;50;48;55;66;72;74;62;71
BINGO CARABOBO;3223;13;3;8;2;10;17;29;28;19;23;36;38;37;34;50;56;48;53;57;74;73;66;72;67
BINGO CARABOBO;3224;14;6;7;5;11;27;20;18;26;22;41;42;44;35;55;60;47;58;51;65;69;68;61;71
BINGO CARABOBO;3225;1;9;12;15;4;24;25;21;30;16;43;33;45;39;54;52;46;59;49;63;64;62;70;75
BINGO CARABOBO;3226;9;15;10;4;11;20;19;21;28;30;31;41;37;42;58;51;49;57;48;66;64;68;72;61
BINGO CARABOBO;3227;7;2;3;12;1;17;25;27;26;18;34;38;43;39;54;46;53;56;55;65;67;70;74;73
BINGO CARABOBO;3228;8;13;6;5;14;22;23;16;24;29;40;33;44;32;50;60;52;47;59;71;69;63;62;75
BINGO CARABOBO;3229;8;4;13;2;3;22;18;26;21;29;38;37;32;35;56;47;57;52;53;72;67;68;73;62
BINGO CARABOBO;3230;1;5;12;14;9;27;23;19;25;20;42;34;41;45;51;55;59;58;48;74;66;65;64;63
BINGO CARABOBO;3231;11;7;10;15;6;17;24;28;30;16;43;39;31;40;49;50;60;54;46;70;61;71;69;75
BINGO CARABOBO;3232;9;4;8;10;11;18;20;29;27;24;31;37;40;34;47;50;49;56;59;70;67;69;63;65
BINGO CARABOBO;3233;13;3;14;5;12;21;17;25;28;16;42;45;39;36;52;55;60;57;48;66;72;74;75;71
BINGO CARABOBO;3234;7;2;6;1;15;26;30;22;23;19;33;41;44;32;54;58;53;51;46;62;64;68;61;73
BINGO CARABOBO;3235;7;8;2;3;13;22;18;20;19;27;39;43;36;40;46;47;60;54;59;74;71;73;67;68
BINGO CARABOBO;3236;1;9;11;6;4;29;26;17;16;24;32;38;35;44;49;50;56;48;51;72;65;66;70;69
BINGO CARABOBO;3237;12;5;15;10;14;28;23;21;25;30;33;37;31;45;53;55;57;52;58;63;64;61;62;75
BINGO CARABOBO;3238;12;3;11;2;10;19;21;20;24;27;42;44;35;33;50;49;47;55;48;68;64;65;72;74
BINGO CARABOBO;3239;4;7;15;6;9;16;18;22;25;29;34;32;39;41;57;56;52;60;53;62;70;67;61;71
BINGO CARABOBO;3240;14;5;13;1;8;17;28;26;23;30;45;37;36;38;51;46;58;59;54;73;69;66;63;75
BINGO CARABOBO;3241;5;3;10;6;8;25;28;22;24;29;43;35;37;38;54;49;52;47;48;65;62;74;72;64
BINGO CARABOBO;3242;9;7;12;4;11;17;27;20;21;23;39;41;42;36;58;55;46;51;56;61;69;73;71;75
BINGO CARABOBO;3243;14;13;15;1;2;19;26;18;16;30;32;44;45;34;57;59;50;60;53;68;63;66;67;70
BINGO CARABOBO;3244;11;14;2;15;7;23;19;25;27;20;39;32;45;33;55;59;54;58;50;68;72;67;74;70
BINGO CARABOBO;3245;4;9;1;6;13;22;24;28;29;26;36;40;34;42;57;47;60;49;48;71;63;62;69;73
BINGO CARABOBO;3246;10;5;8;3;12;21;16;18;17;30;38;31;44;35;53;46;52;51;56;64;66;75;65;61
BINGO CARABOBO;3247;15;2;3;4;9;25;21;19;29;18;42;44;40;31;54;49;51;50;55;63;69;71;66;61
BINGO CARABOBO;3248;14;5;7;12;1;22;26;17;23;27;39;34;43;36;58;46;48;52;56;74;73;72;75;67
BINGO CARABOBO;3249;13;8;10;6;11;24;16;28;30;20;38;35;32;41;59;57;47;53;60;68;70;62;64;65
BINGO CARABOBO;3250;7;4;3;1;10;24;22;19;20;28;35;41;45;40;53;47;52;54;56;71;72;64;75;63
BINGO CARABOBO;3251;5;12;11;6;15;25;29;21;17;27;34;37;39;44;59;46;58;51;48;66;67;62;70;65
BINGO CARABOBO;3252;8;2;13;14;9;18;26;30;23;16;43;32;42;31;60;57;49;55;50;73;68;69;61;74
BINGO CARABOBO;3253;15;12;2;5;13;29;21;18;17;30;43;44;35;33;55;57;51;49;52;62;72;71;63;70
BINGO CARABOBO;3254;11;8;4;10;3;20;22;25;16;24;40;45;37;41;59;47;48;53;60;69;75;64;61;66
BINGO CARABOBO;3255;7;9;6;14;1;19;28;23;26;27;39;36;42;34;58;56;50;54;46;65;68;74;67;73
BINGO CARABOBO;3256;13;7;11;6;9;21;25;28;18;24;42;36;38;41;53;60;49;54;50;73;66;68;71;64
BINGO CARABOBO;3257;2;15;4;3;8;27;30;19;17;26;43;33;37;32;58;57;48;56;55;70;62;69;75;63
BINGO CARABOBO;3258;5;12;1;14;10;23;20;29;22;16;34;40;45;31;46;59;51;47;52;72;74;61;67;65
BINGO CARABOBO;3259;2;11;14;1;13;26;27;18;20;23;41;32;37;34;53;48;49;46;47;69;67;72;70;62
BINGO CARABOBO;3260;4;8;10;6;7;17;16;30;29;19;40;33;42;36;56;58;60;54;57;73;75;61;74;64
BINGO CARABOBO;3261;9;15;12;3;5;25;28;24;21;22;31;39;44;45;51;55;50;59;52;66;65;68;63;71
BINGO CARABOBO;3262;1;10;4;8;2;25;27;21;28;23;39;36;37;41;60;47;54;50;49;61;67;68;70;73
BINGO CARABOBO;3263;5;11;7;6;14;29;26;30;22;17;34;35;42;32;53;58;56;48;55;69;63;66;74;64
BINGO CARABOBO;3264;3;9;12;13;15;18;24;19;16;20;31;40;38;44;59;46;52;57;51;71;65;72;75;62
BINGO CARABOBO;3265;15;13;14;8;6;22;17;27;28;18;40;33;32;42;53;51;55;58;47;61;73;67;69;70
BINGO CARABOBO;3266;9;3;5;2;7;25;26;30;19;23;44;36;34;37;54;49;59;50;48;68;62;71;72;74
BINGO CARABOBO;3267;10;12;11;1;4;24;16;21;20;29;39;38;35;45;57;56;52;60;46;64;66;65;75;63
BINGO CARABOBO;3268;15;11;4;8;6;22;21;29;17;20;32;39;36;38;58;52;49;55;57;66;65;70;67;68
BINGO CARABOBO;3269;1;10;12;5;13;27;18;23;26;16;37;42;34;43;54;53;51;50;48;63;61;72;64;69
BINGO CARABOBO;3270;14;2;3;9;7;25;30;19;24;28;41;45;31;40;56;47;59;60;46;74;73;75;71;62
BINGO CARABOBO;3271;6;9;3;2;14;23;21;19;26;24;33;40;42;31;56;54;55;49;58;62;68;65;63;67
BINGO CARABOBO;3272;13;7;10;12;4;30;25;28;27;22;39;43;36;38;51;57;59;48;47;66;74;73;61;72
BINGO CARABOBO;3273;11;5;1;15;8;16;20;18;29;17;32;45;41;37;52;46;53;50;60;69;71;75;64;70
BINGO CARABOBO;3274;3;14;13;6;4;20;25;29;30;17;40;41;42;35;55;52;48;58;49;70;72;65;74;63
BINGO CARABOBO;3275;2;15;7;10;5;19;18;21;24;26;33;36;43;38;54;47;50;53;57;75;61;68;73;64
BINGO CARABOBO;3276;9;1;8;11;12;28;22;16;27;23;45;44;34;32;60;51;59;56;46;62;67;71;66;69
BINGO CARABOBO;3277;4;8;7;11;14;28;17;27;21;24;43;42;33;32;59;51;50;58;46;66;75;67;62;65
BINGO CARABOBO;3278;3;10;5;9;15;23;22;25;16;18;45;40;36;41;49;56;48;55;52;68;64;70;73;61
BINGO CARABOBO;3279;12;2;6;13;1;20;29;26;19;30;34;37;44;38;54;60;57;47;53;69;71;72;63;74
BINGO CARABOBO;3280;8;7;2;5;10;26;19;18;23;25;33;37;35;42;57;54;52;50;56;66;68;74;69;67
BINGO CARABOBO;3281;12;9;1;15;14;27;22;30;21;16;38;39;32;36;47;53;48;51;55;73;65;63;71;72
BINGO CARABOBO;3282;13;4;3;6;11;29;24;20;28;17;43;31;34;41;58;59;60;49;46;64;61;62;70;75
BINGO CARABOBO;3283;14;9;7;10;2;29;25;17;21;19;33;39;36;42;58;51;55;60;46;73;62;63;75;64
BINGO CARABOBO;3284;11;5;12;15;13;23;26;20;18;30;40;38;43;41;49;52;50;57;47;70;69;71;65;67
BINGO CARABOBO;3285;6;3;8;1;4;27;22;24;28;16;31;32;45;37;54;56;48;53;59;68;66;72;61;74
BINGO CARABOBO;3286;6;10;8;2;13;20;26;25;18;28;38;31;41;44;59;46;49;58;53;74;61;63;72;66
BINGO CARABOBO;3287;12;3;11;14;5;17;29;27;21;22;34;37;39;32;55;56;52;54;48;69;67;64;71;65
BINGO CARABOBO;3288;9;1;7;4;15;23;19;30;24;16;36;35;40;33;57;60;50;51;47;73;68;70;62;75
BINGO CARABOBO;3289;5;14;7;6;12;26;17;25;18;28;43;37;32;40;52;57;48;49;54;67;64;69;72;73
BINGO CARABOBO;3290;1;4;11;3;8;16;24;22;27;30;31;34;39;36;53;55;50;59;51;71;66;68;61;63
BINGO CARABOBO;3291;10;15;9;13;2;20;21;23;29;19;41;35;33;45;60;58;47;46;56;65;75;70;74;62
BINGO CARABOBO;3292;10;5;2;1;13;17;24;27;19;28;32;40;34;37;54;52;49;47;59;66;68;72;69;67
BINGO CARABOBO;3293;6;4;9;7;11;21;25;20;22;26;44;38;39;41;53;56;58;51;50;61;73;71;65;75
BINGO CARABOBO;3294;12;3;14;15;8;29;23;16;18;30;42;35;31;43;48;60;55;57;46;70;63;64;62;74
BINGO CARABOBO;3295;11;14;1;5;9;29;22;17;18;19;31;38;39;35;59;51;57;56;49;64;70;72;69;67
BINGO CARABOBO;3296;10;4;7;6;13;20;27;26;28;16;44;43;41;40;58;48;55;60;50;71;61;65;73;75
BINGO CARABOBO;3297;3;12;15;2;8;23;24;21;25;30;36;37;33;45;52;53;47;54;46;62;68;66;74;63
BINGO CARABOBO;3298;10;14;15;7;5;24;28;29;17;30;32;34;44;43;49;47;54;55;46;63;62;64;65;72
BINGO CARABOBO;3299;12;2;3;1;6;21;25;22;19;26;37;40;35;39;57;59;60;56;48;73;66;68;61;71
BINGO CARABOBO;3300;9;11;13;4;8;27;18;23;20;16;33;41;45;36;51;53;58;52;50;70;69;74;75;67
BINGO CARABOBO;3301;14;8;7;1;15;26;23;20;24;28;36;41;40;37;57;48;49;51;58;64;62;65;74;66
BINGO CARABOBO;3302;5;2;4;13;9;21;19;17;18;27;35;42;32;31;59;52;55;50;53;68;73;69;63;70
BINGO CARABOBO;3303;12;10;6;11;3;29;22;30;16;25;34;38;43;45;56;60;47;46;54;71;67;72;75;61
BINGO CARABOBO;3304;9;5;4;8;13;17;22;16;28;24;34;33;44;35;51;47;57;59;58;64;61;74;66;63
BINGO CARABOBO;3305;11;6;12;14;3;25;18;29;26;23;39;40;41;38;50;52;46;56;60;71;68;69;73;65
BINGO CARABOBO;3306;7;2;15;1;10;30;27;20;21;19;32;36;31;45;53;54;55;48;49;70;72;75;62;67
BINGO CARABOBO;3307;9;5;13;11;10;22;28;19;25;23;44;38;31;33;50;51;55;56;57;63;62;71;74;67
BINGO CARABOBO;3308;3;12;2;14;8;21;26;29;17;24;42;36;37;40;52;49;58;53;47;68;73;69;72;65
BINGO CARABOBO;3309;1;7;15;6;4;18;27;30;20;16;32;41;45;34;59;60;48;54;46;70;64;66;61;75
BINGO CARABOBO;3310;15;4;2;7;3;25;17;29;23;30;40;41;33;39;56;47;58;55;60;66;73;63;67;62
BINGO CARABOBO;3311;11;8;10;12;9;24;26;18;19;28;37;44;36;32;48;54;53;51;50;61;74;68;65;71
BINGO CARABOBO;3312;13;1;6;5;14;21;20;22;16;27;42;34;31;35;59;46;52;57;49;69;70;72;64;75
BINGO CARABOBO;3313;12;4;9;8;11;25;26;23;27;19;31;35;42;39;58;47;50;57;49;62;65;63;67;68
BINGO CARABOBO;3314;2;13;10;1;7;22;24;17;28;20;37;33;36;40;59;48;55;52;53;71;75;69;72;73
BINGO CARABOBO;3315;14;3;15;6;5;16;18;21;30;29;34;38;45;43;51;56;54;46;60;70;61;66;74;64
BINGO CARABOBO;3316;9;10;5;13;1;19;26;20;27;29;39;42;31;36;49;47;53;51;57;73;72;66;71;74
BINGO CARABOBO;3317;15;14;6;3;12;25;22;23;24;16;35;44;43;40;55;54;56;60;48;61;67;63;69;70
BINGO CARABOBO;3318;2;8;11;7;4;21;28;30;18;17;41;32;45;33;52;50;59;46;58;68;65;62;64;75
BINGO CARABOBO;3319;7;3;2;8;9;23;29;27;21;25;34;42;41;32;54;56;48;47;55;70;64;67;75;65
BINGO CARABOBO;3320;10;5;13;6;4;18;17;26;28;16;35;39;38;33;53;49;59;50;52;72;66;69;68;63
BINGO CARABOBO;3321;15;11;12;14;1;19;22;30;20;24;37;40;45;31;46;58;57;60;51;73;62;74;61;71
BINGO CARABOBO;3322;14;10;2;12;8;26;19;27;17;20;37;42;32;33;59;56;57;54;55;72;65;69;64;62
BINGO CARABOBO;3323;5;6;3;1;13;16;23;22;25;24;35;38;43;39;51;58;60;49;53;74;71;68;66;70
BINGO CARABOBO;3324;15;7;9;11;4;30;28;21;29;18;45;34;44;36;50;52;48;46;47;73;63;67;61;75
BINGO CARABOBO;3325;4;9;12;7;2;23;29;30;26;17;37;38;33;42;47;48;55;52;58;63;68;62;73;67
BINGO CARABOBO;3326;8;3;6;13;10;22;27;18;19;21;43;44;40;31;46;59;54;50;53;65;66;72;69;71
BINGO CARABOBO;3327;1;15;11;14;5;24;20;28;16;25;45;39;36;32;57;51;56;60;49;64;70;75;61;74
BINGO CARABOBO;3328;14;4;3;6;11;18;25;24;19;23;34;43;38;41;58;57;48;46;55;66;72;64;67;71
BINGO CARABOBO;3329;9;7;5;10;13;27;28;16;26;29;40;42;45;32;47;53;59;51;52;74;68;62;63;65
BINGO CARABOBO;3330;1;8;2;12;15;22;21;30;20;17;33;35;39;31;60;50;54;49;56;69;70;73;75;61
BINGO CARABOBO;3331;5;6;3;11;14;19;20;30;24;21;44;38;33;45;47;53;60;52;57;69;71;61;62;74
BINGO CARABOBO;3332;8;9;1;4;10;25;17;16;23;27;40;43;39;37;46;56;55;51;50;73;70;67;64;72
BINGO CARABOBO;3333;2;13;12;7;15;28;22;29;18;26;35;36;34;42;49;58;54;48;59;63;68;66;65;75
BINGO CARABOBO;3334;15;13;10;11;8;24;21;29;22;17;40;35;45;33;47;58;50;52;49;71;63;67;66;70
BINGO CARABOBO;3335;12;4;3;9;5;30;26;18;23;19;43;32;44;38;54;51;55;53;56;62;68;65;69;72
BINGO CARABOBO;3336;14;6;7;2;1;25;27;20;16;28;36;37;39;31;57;59;48;46;60;61;75;64;74;73
BINGO CARABOBO;3337;11;14;13;1;5;30;20;19;16;21;44;41;45;36;56;54;47;49;58;65;67;74;62;63
BINGO CARABOBO;3338;10;15;9;6;2;26;18;17;27;23;40;34;37;39;53;55;57;51;46;70;71;69;68;75
BINGO CARABOBO;3339;3;12;7;8;4;25;24;28;22;29;43;42;32;35;59;52;50;60;48;64;73;66;61;72
BINGO CARABOBO;3340;4;12;11;2;15;19;29;22;28;17;37;45;32;35;54;53;55;57;58;66;65;74;62;68
BINGO CARABOBO;3341;8;10;5;6;3;27;25;20;26;21;33;40;36;42;59;48;52;56;47;64;61;69;70;72
BINGO CARABOBO;3342;9;13;1;7;14;23;24;18;30;16;34;38;44;39;60;51;50;46;49;71;67;63;75;73
BINGO CARABOBO;3343;8;2;13;7;14;30;28;18;21;22;41;36;34;35;50;47;54;46;49;70;61;69;74;64
BINGO CARABOBO;3344;4;9;5;3;15;29;16;19;25;20;38;39;43;44;58;56;53;59;55;67;62;66;63;72
BINGO CARABOBO;3345;6;11;1;12;10;26;17;23;24;27;32;33;31;40;51;57;60;52;48;65;75;71;73;68
BINGO CARABOBO;3346;12;10;2;8;9;25;29;20;17;30;32;38;43;44;51;53;58;47;57;63;66;65;70;68
BINGO CARABOBO;3347;6;13;11;15;5;26;21;22;23;19;39;33;35;45;60;52;59;55;46;67;72;62;74;73
BINGO CARABOBO;3348;4;7;14;3;1;28;24;18;27;16;37;31;41;34;54;49;48;50;56;64;71;69;61;75
BINGO CARABOBO;3349;6;12;10;3;9;22;24;25;26;27;37;44;39;42;48;51;47;55;59;64;68;70;61;65
BINGO CARABOBO;3350;1;11;13;8;15;23;17;18;19;21;40;41;34;33;54;52;57;50;58;72;69;75;67;74
BINGO CARABOBO;3351;5;2;14;7;4;29;30;16;28;20;38;32;31;43;49;46;53;60;56;62;66;71;63;73
BINGO CARABOBO;3352;14;13;11;12;1;21;29;27;18;28;34;38;37;44;53;50;49;54;58;71;74;69;64;68
BINGO CARABOBO;3353;3;4;7;15;10;25;22;19;24;26;39;41;40;36;57;47;48;52;51;67;70;66;63;62
BINGO CARABOBO;3354;8;5;6;2;9;20;17;16;23;30;35;42;45;33;60;55;56;46;59;65;75;72;61;73
BINGO CARABOBO;3355;2;3;14;7;13;21;17;27;20;23;38;36;33;41;58;49;53;59;48;62;72;71;63;64
BINGO CARABOBO;3356;8;4;1;12;10;26;22;16;24;18;34;32;40;42;54;51;60;56;55;65;75;68;70;69
BINGO CARABOBO;3357;9;6;11;15;5;19;29;28;25;30;31;35;37;45;52;57;47;46;50;66;73;74;67;61
BINGO CARABOBO;3358;6;10;12;2;7;25;18;20;19;24;43;32;35;44;49;51;53;55;56;74;71;63;69;70
BINGO CARABOBO;3359;3;14;5;13;9;23;29;21;17;16;42;37;39;40;59;58;47;48;50;61;73;67;72;64
BINGO CARABOBO;3360;4;1;11;8;15;30;22;27;28;26;36;45;33;41;60;52;57;54;46;65;68;66;75;62
BINGO CARABOBO;3361;11;5;10;1;8;17;22;26;28;27;40;39;36;41;50;57;51;49;59;67;70;72;64;71
BINGO CARABOBO;3362;15;4;3;9;6;30;20;19;25;16;34;35;44;33;55;46;58;54;52;75;65;69;66;62
BINGO CARABOBO;3363;12;13;14;7;2;24;23;18;21;29;43;31;38;32;53;48;47;60;56;63;61;73;68;74
BINGO CARABOBO;3364;7;9;11;8;12;27;18;20;17;25;38;39;36;44;59;58;54;50;57;62;66;65;72;63
BINGO CARABOBO;3365;2;3;6;15;4;24;23;26;16;29;35;31;32;43;49;52;55;51;47;70;71;69;75;61
BINGO CARABOBO;3366;10;5;14;1;13;21;22;19;30;28;37;34;41;42;60;46;53;48;56;67;73;68;74;64
BINGO CARABOBO;3367;3;12;2;7;11;25;19;22;28;18;33;35;41;31;59;51;50;54;52;74;70;64;71;68
BINGO CARABOBO;3368;4;8;6;14;15;20;21;17;26;29;37;32;38;43;57;55;47;53;60;62;63;73;72;75
BINGO CARABOBO;3369;13;10;1;9;5;24;16;27;30;23;42;36;34;40;56;49;58;46;48;61;69;66;67;65
BINGO CARABOBO;3370;10;3;9;12;14;17;27;19;24;18;36;40;42;32;58;47;52;55;57;66;74;72;71;70
BINGO CARABOBO;3371;5;8;7;13;15;21;23;22;16;25;38;45;33;39;56;60;50;49;54;73;67;68;64;69
BINGO CARABOBO;3372;11;4;2;6;1;29;28;20;30;26;31;43;41;44;53;48;51;59;46;62;63;65;61;75
BINGO CARABOBO;3373;14;5;12;7;11;17;25;27;21;29;42;38;43;33;58;59;49;52;48;70;75;74;61;62
BINGO CARABOBO;3374;6;3;9;8;2;20;28;19;22;24;36;40;32;34;50;47;51;53;54;68;64;69;66;65
BINGO CARABOBO;3375;10;13;4;1;15;18;23;16;26;30;35;44;45;31;60;56;57;46;55;73;67;63;72;71
BINGO CARABOBO;3376;13;8;7;3;15;26;24;30;27;19;34;39;38;43;53;55;48;59;58;66;74;61;71;73
BINGO CARABOBO;3377;6;12;2;5;1;23;18;20;17;22;32;40;35;44;49;50;51;47;56;75;64;62;69;65
BINGO CARABOBO;3378;9;4;10;14;11;25;21;29;28;16;45;42;36;31;57;54;52;60;46;70;68;63;72;67
BINGO CARABOBO;3379;3;10;4;11;13;19;25;21;24;30;36;37;43;45;48;58;53;54;59;74;72;64;71;63
BINGO CARABOBO;3380;9;1;14;6;12;27;20;22;29;18;32;40;41;33;51;52;56;55;49;68;61;66;69;67
BINGO CARABOBO;3381;5;2;15;7;8;23;26;17;16;28;34;35;44;39;50;60;57;47;46;73;70;62;75;65
BINGO CARABOBO;3382;4;2;7;11;14;28;24;19;17;18;37;35;31;40;50;51;57;59;47;74;65;75;63;64
BINGO CARABOBO;3383;1;3;8;12;10;20;21;29;30;16;39;34;36;33;55;46;54;48;53;62;68;71;70;61
BINGO CARABOBO;3384;5;13;6;9;15;23;27;26;22;25;45;38;41;32;56;52;58;60;49;66;69;73;72;67
BINGO CARABOBO;3385;14;8;10;2;4;25;21;26;27;28;45;33;40;37;47;48;59;50;51;62;65;73;67;71
BINGO CARABOBO;3386;15;9;6;7;5;22;16;23;18;29;34;42;36;39;55;60;53;54;52;61;68;72;70;66
BINGO CARABOBO;3387;11;1;3;12;13;20;19;24;17;30;35;43;31;44;57;56;58;49;46;75;63;64;69;74
BINGO CARABOBO;3388;6;4;7;14;2;20;18;26;27;30;42;38;32;40;53;49;55;51;54;64;70;69;72;62
BINGO CARABOBO;3389;3;9;10;11;8;17;23;25;22;19;43;37;45;35;60;58;50;48;46;65;67;74;73;71
BINGO CARABOBO;3390;13;1;15;12;5;28;16;21;29;24;41;34;44;36;56;57;52;47;59;63;68;66;75;61
BINGO CARABOBO;3391;8;5;15;10;9;20;24;30;21;29;35;37;40;44;59;60;55;50;48;69;70;66;73;65
BINGO CARABOBO;3392;1;7;11;13;3;19;26;17;25;22;32;34;43;38;49;54;56;52;53;61;63;74;68;75
BINGO CARABOBO;3393;14;2;6;12;4;18;27;23;16;28;33;41;31;39;57;58;47;46;51;71;64;67;72;62
BINGO CARABOBO;3394;9;5;6;4;8;30;28;26;21;24;38;37;34;41;56;49;59;48;51;69;73;61;70;68
BINGO CARABOBO;3395;12;3;11;2;13;25;22;27;17;18;33;45;39;36;52;55;47;57;50;65;63;62;71;74
BINGO CARABOBO;3396;14;1;15;10;7;20;23;29;16;19;42;35;43;44;60;54;53;58;46;72;66;67;64;75
BINGO CARABOBO;3397;9;4;3;2;8;16;19;23;21;28;41;37;38;45;58;57;49;56;55;73;64;69;71;63
BINGO CARABOBO;3398;7;13;5;11;12;18;25;27;22;20;33;34;39;31;46;50;54;59;47;62;67;66;70;68
BINGO CARABOBO;3399;1;10;14;15;6;30;26;24;29;17;44;36;43;32;53;51;52;60;48;75;65;72;74;61
BINGO CARABOBO;3400;11;1;5;12;8;23;25;24;30;17;44;34;42;37;59;47;51;57;55;63;66;68;70;73
BINGO CARABOBO;3401;15;6;4;13;10;22;26;27;19;18;43;35;40;33;49;56;46;53;48;62;67;69;71;72
BINGO CARABOBO;3402;7;14;9;2;3;20;28;21;29;16;31;39;36;38;52;50;58;54;60;61;75;65;74;64
BINGO CARABOBO;3403;14;4;7;3;12;18;29;30;26;20;45;44;39;33;48;54;52;58;53;62;70;74;68;69
BINGO CARABOBO;3404;10;9;8;11;13;23;17;16;21;28;35;38;43;36;56;57;55;49;51;75;63;72;73;67
BINGO CARABOBO;3405;15;1;5;6;2;22;19;27;24;25;31;34;32;42;59;46;60;50;47;66;65;71;64;61
BINGO CARABOBO;3406;9;2;10;6;11;18;30;19;22;16;43;35;45;42;59;57;47;50;48;73;74;68;66;64
BINGO CARABOBO;3407;12;13;7;1;3;29;26;23;28;24;34;39;38;44;55;60;51;49;53;72;62;63;71;75
BINGO CARABOBO;3408;8;5;4;15;14;25;17;27;20;21;41;40;36;37;54;46;56;58;52;70;67;65;69;61
BINGO CARABOBO;3409;10;5;4;11;3;25;20;24;16;18;45;33;41;34;52;47;50;49;48;62;70;73;69;66
BINGO CARABOBO;3410;6;9;13;1;8;26;17;22;21;27;43;31;36;44;53;57;58;59;54;61;75;67;74;63
BINGO CARABOBO;3411;2;14;15;7;12;28;30;23;19;29;42;37;32;35;56;55;60;46;51;65;64;72;68;71
BINGO CARABOBO;3412;1;9;11;14;6;17;27;30;16;29;42;44;36;33;52;48;60;46;57;64;66;67;62;63
BINGO CARABOBO;3413;12;5;13;3;8;20;23;25;26;28;41;39;40;37;51;58;53;50;59;68;70;73;65;72
BINGO CARABOBO;3414;2;7;4;15;10;22;19;18;24;21;32;35;45;31;55;49;56;54;47;61;69;74;75;71
BINGO CARABOBO;3415;8;5;11;9;15;28;22;17;20;29;39;41;34;45;53;50;47;58;46;66;67;74;70;68
BINGO CARABOBO;3416;10;3;6;4;12;16;25;26;23;18;35;33;32;40;56;55;52;49;57;65;72;69;61;64
BINGO CARABOBO;3417;13;14;2;1;7;30;19;27;21;24;37;43;31;44;48;54;59;51;60;75;71;63;73;62
BINGO CARABOBO;3418;14;6;7;9;11;17;18;20;28;26;43;37;34;40;47;54;49;55;51;74;71;75;64;68
BINGO CARABOBO;3419;8;2;5;13;3;27;22;24;23;21;32;35;42;38;52;58;50;57;56;66;63;67;72;70
BINGO CARABOBO;3420;10;15;4;1;12;25;19;29;30;16;44;36;45;41;60;53;46;59;48;62;65;73;61;69
BINGO CARABOBO;3421;3;14;9;10;11;26;24;16;20;19;38;37;32;36;58;50;46;49;52;70;65;66;72;74
BINGO CARABOBO;3422;8;5;13;15;6;28;23;22;29;27;43;34;35;31;51;59;48;55;56;69;71;67;68;64
BINGO CARABOBO;3423;2;4;7;12;1;30;18;17;25;21;40;33;39;44;54;57;47;53;60;63;62;73;75;61
BINGO CARABOBO;3424;5;6;10;9;11;25;28;22;21;18;42;40;44;43;56;49;58;47;52;62;74;75;68;63
BINGO CARABOBO;3425;7;15;4;1;14;26;19;20;24;16;39;34;37;35;60;48;57;46;55;71;69;70;67;65
BINGO CARABOBO;3426;8;3;13;12;2;27;17;29;30;23;41;31;45;33;53;51;54;50;59;73;64;61;72;66
BINGO CARABOBO;3427;12;2;14;10;15;17;27;28;20;18;33;37;43;32;53;54;59;46;56;73;70;66;61;62
BINGO CARABOBO;3428;3;9;11;13;7;16;23;26;25;30;36;34;45;38;52;55;49;51;50;68;71;72;63;69
BINGO CARABOBO;3429;4;6;8;1;5;22;29;24;21;19;40;31;39;35;58;57;60;48;47;64;67;65;75;74
BINGO CARABOBO;3430;10;9;3;12;2;29;26;23;27;18;44;32;37;39;58;59;55;49;52;64;71;70;63;66
BINGO CARABOBO;3431;13;5;14;6;7;21;19;16;20;25;38;31;40;41;50;46;48;51;56;69;65;73;67;74
BINGO CARABOBO;3432;4;11;8;1;15;24;17;22;28;30;43;35;45;33;47;53;57;54;60;61;72;62;68;75
BINGO CARABOBO;3433;13;8;6;2;5;22;21;16;19;25;40;33;37;35;53;57;55;50;48;72;69;67;65;71
BINGO CARABOBO;3434;7;4;10;14;1;27;23;30;28;26;36;32;31;43;46;47;54;58;59;68;61;73;74;64
BINGO CARABOBO;3435;9;15;3;12;11;18;20;17;24;29;41;44;45;38;56;51;60;49;52;66;70;75;63;62
BINGO CARABOBO;3436;5;8;14;7;1;17;27;25;19;28;36;33;37;41;50;54;49;52;55;66;67;71;61;63
BINGO CARABOBO;3437;6;3;9;12;13;21;30;20;22;23;44;32;40;35;51;48;57;60;58;65;69;73;68;72
BINGO CARABOBO;3438;10;2;4;11;15;18;26;16;29;24;34;43;38;45;47;56;46;53;59;75;64;70;74;62
BINGO CARABOBO;3439;6;9;4;3;7;28;18;29;24;20;42;34;41;36;57;49;47;59;50;67;69;71;66;61
BINGO CARABOBO;3440;14;12;15;13;2;26;17;25;27;16;40;38;32;43;54;51;55;52;56;64;65;63;73;68
BINGO CARABOBO;3441;5;8;10;11;1;21;23;30;22;19;44;37;45;35;60;58;48;46;53;70;72;75;62;74
BINGO CARABOBO;3442;8;9;10;5;11;20;24;17;30;23;40;44;32;42;55;49;48;58;59;63;68;74;73;64
BINGO CARABOBO;3443;14;12;13;4;6;26;28;27;19;25;36;37;41;45;56;57;53;50;47;67;69;65;72;66
BINGO CARABOBO;3444;7;2;3;15;1;18;22;16;29;21;33;34;38;43;51;46;52;60;54;75;71;62;61;70
BINGO CARABOBO;3445;10;14;3;6;2;28;23;20;19;18;42;43;36;31;57;58;53;50;52;64;63;70;61;73
BINGO CARABOBO;3446;1;12;11;7;8;24;22;29;25;26;38;41;39;44;47;54;49;55;56;69;74;62;71;68
BINGO CARABOBO;3447;9;4;13;5;15;27;17;21;30;16;32;40;33;35;59;48;60;51;46;67;65;66;75;72
BINGO CARABOBO;3448;2;11;1;12;13;28;17;18;22;27;41;35;39;37;56;48;52;50;60;69;62;68;64;72
BINGO CARABOBO;3449;5;15;10;9;3;26;29;19;30;23;40;33;34;44;54;55;59;51;53;66;63;74;75;67
BINGO CARABOBO;3450;4;7;14;8;6;24;20;21;16;25;31;45;36;43;57;46;58;47;49;71;61;73;65;70
BINGO CARABOBO;3451;4;10;2;13;12;28;29;16;19;30;40;44;31;41;53;47;51;58;57;65;63;69;64;71
BINGO CARABOBO;3452;15;5;8;11;7;23;25;24;18;20;35;32;38;34;50;54;59;49;56;66;74;61;75;67
BINGO CARABOBO;3453;9;3;6;1;14;26;22;27;17;21;36;39;37;45;48;55;46;60;52;70;72;73;68;62
BINGO CARABOBO;3454;8;5;13;14;15;22;24;19;28;27;38;35;37;40;56;47;51;54;53;69;75;61;63;70
BINGO CARABOBO;3455;2;7;9;4;12;16;29;26;23;18;34;33;43;39;50;52;49;58;55;65;72;62;71;73
BINGO CARABOBO;3456;10;6;11;3;1;25;20;17;30;21;41;42;45;31;57;59;48;60;46;64;67;66;74;68
BINGO CARABOBO;3457;4;5;7;14;12;28;23;22;18;25;32;37;38;40;50;49;53;54;57;71;67;62;64;72
BINGO CARABOBO;3458;15;8;13;9;11;21;19;24;17;29;41;34;42;39;56;55;59;60;52;70;73;66;63;68
BINGO CARABOBO;3459;1;2;6;10;3;27;20;16;30;26;45;43;36;33;48;51;46;47;58;75;74;69;61;65
BINGO CARABOBO;3460;4;2;10;13;5;20;16;24;30;22;32;39;36;34;48;50;55;57;58;73;72;63;69;70
BINGO CARABOBO;3461;14;8;7;12;6;28;23;27;21;25;33;38;43;37;53;49;52;51;47;67;75;64;62;71
BINGO CARABOBO;3462;9;11;15;1;3;17;26;19;29;18;31;40;45;35;56;60;59;46;54;66;65;68;61;74
BINGO CARABOBO;3463;1;14;9;12;5;29;17;28;20;22;38;45;36;43;48;51;52;56;49;67;73;70;69;74
BINGO CARABOBO;3464;11;4;7;10;3;27;23;21;24;19;37;39;32;41;57;59;55;54;53;62;71;68;65;64
BINGO CARABOBO;3465;8;2;13;15;6;25;30;16;18;26;34;33;31;40;46;58;47;50;60;75;61;66;72;63
BINGO CARABOBO;3466;5;12;2;6;3;21;22;27;26;29;38;39;40;33;57;50;60;58;54;69;73;71;66;72
BINGO CARABOBO;3467;1;13;7;4;10;17;25;19;23;24;32;35;37;31;46;56;53;55;47;65;67;61;74;68
BINGO CARABOBO;3468;11;14;15;9;8;28;16;20;18;30;41;42;43;34;52;51;59;49;48;64;75;70;63;62
BINGO CARABOBO;3469;12;14;10;15;1;20;18;30;24;26;32;34;37;41;52;48;59;53;57;63;62;75;67;73
BINGO CARABOBO;3470;4;8;9;5;7;25;23;27;21;19;39;33;42;35;56;49;58;47;60;70;69;72;64;66
BINGO CARABOBO;3471;3;13;2;11;6;22;16;28;17;29;40;45;36;38;46;51;54;55;50;71;68;65;61;74
BINGO CARABOBO;3472;9;10;11;2;4;17;21;27;18;19;33;37;44;34;57;49;52;50;55;72;73;65;63;70
BINGO CARABOBO;3473;5;1;13;14;12;22;28;20;25;23;41;40;38;42;51;58;53;56;54;71;66;67;74;75
BINGO CARABOBO;3474;8;15;6;3;7;30;26;24;16;29;31;39;45;36;48;59;47;60;46;68;64;62;69;61
BINGO CARABOBO;3475;14;2;4;6;10;21;18;25;20;17;32;41;38;40;49;53;54;59;58;61;74;73;72;71
BINGO CARABOBO;3476;3;5;9;7;8;23;26;19;22;29;36;37;31;45;47;52;55;48;51;68;66;63;69;64
BINGO CARABOBO;3477;13;11;12;1;15;30;24;27;28;16;34;42;35;39;46;50;57;60;56;70;62;65;67;75
BINGO CARABOBO;3478;8;2;12;7;6;18;25;20;24;19;38;43;42;32;58;49;47;52;60;73;74;65;63;69
BINGO CARABOBO;3479;3;10;5;4;11;26;21;22;29;23;39;41;35;36;48;50;46;53;57;72;70;66;61;62
BINGO CARABOBO;3480;13;9;1;15;14;27;17;28;30;16;40;37;33;44;56;55;54;59;51;68;75;64;67;71
BINGO CARABOBO;3481;4;8;3;14;7;24;29;26;18;23;41;35;44;36;60;53;57;56;46;65;67;71;69;63
BINGO CARABOBO;3482;12;5;11;9;13;17;21;20;25;28;38;42;32;37;48;49;52;59;50;68;74;66;73;75
BINGO CARABOBO;3483;6;10;1;2;15;16;27;22;19;30;33;40;45;31;47;55;54;51;58;62;70;61;72;64
BINGO CARABOBO;3484;8;11;3;6;5;29;28;17;23;27;45;31;42;44;52;47;59;49;46;68;74;67;75;63
BINGO CARABOBO;3485;12;13;2;14;1;21;22;18;19;25;39;34;37;32;58;50;56;54;53;66;64;70;69;72
BINGO CARABOBO;3486;4;7;10;15;9;26;20;16;30;24;33;43;40;36;48;51;57;60;55;71;62;73;61;65
BINGO CARABOBO;3487;4;8;15;14;6;22;23;20;21;19;39;44;32;38;49;56;48;52;55;68;74;66;67;65
BINGO CARABOBO;3488;5;9;1;10;3;24;17;30;16;27;36;33;35;42;50;57;51;53;59;70;71;73;63;64
BINGO CARABOBO;3489;11;2;7;13;12;18;26;28;29;25;45;31;40;34;46;60;58;47;54;75;61;62;72;69
BINGO CARABOBO;3490;4;10;11;8;5;16;21;22;23;19;32;37;38;34;56;53;59;57;48;73;71;65;64;74
BINGO CARABOBO;3491;14;1;2;9;12;27;30;28;24;25;42;31;40;36;54;47;58;55;46;66;67;69;63;75
BINGO CARABOBO;3492;6;3;13;15;7;26;17;20;29;18;44;39;35;45;52;49;51;50;60;68;70;62;72;61
BINGO CARABOBO;3493;6;8;1;5;4;19;27;28;17;30;37;42;41;44;51;53;54;56;47;68;67;69;64;66
BINGO CARABOBO;3494;10;12;3;15;9;24;26;21;20;22;40;32;33;45;60;52;55;57;58;71;73;63;65;74
BINGO CARABOBO;3495;13;7;2;14;11;23;25;18;16;29;36;38;43;31;46;49;59;50;48;70;72;62;75;61
BINGO CARABOBO;3496;1;15;9;6;11;23;16;21;29;22;40;34;43;42;60;56;51;49;48;69;67;73;65;75
BINGO CARABOBO;3497;8;12;3;5;13;27;20;18;19;30;39;41;33;45;55;57;52;50;53;70;68;64;72;71
BINGO CARABOBO;3498;10;7;4;2;14;24;25;26;17;28;35;36;37;31;59;47;46;54;58;63;66;74;62;61
BINGO CARABOBO;3499;15;10;4;9;13;24;16;21;28;29;32;37;33;39;53;54;57;58;59;66;69;71;74;68
BINGO CARABOBO;3500;2;11;1;12;5;17;20;22;25;30;35;44;45;43;55;51;60;52;48;72;64;70;67;62
BINGO CARABOBO;3501;8;6;7;3;14;27;19;23;18;26;34;40;41;36;46;47;50;49;56;73;63;75;65;61
BINGO CARABOBO;3502;14;2;15;6;10;28;25;23;18;29;40;41;36;39;50;56;49;51;54;66;73;63;70;62
BINGO CARABOBO;3503;3;9;1;12;11;22;27;16;19;30;37;44;31;38;53;47;52;59;58;67;65;69;64;72
BINGO CARABOBO;3504;13;5;7;8;4;21;17;20;24;26;33;35;32;42;48;55;57;46;60;68;71;74;61;75
BINGO CARABOBO;3505;9;5;7;8;11;21;22;19;23;17;35;43;36;33;48;52;59;50;58;66;68;67;71;74
BINGO CARABOBO;3506;1;14;6;10;2;18;24;27;26;28;39;37;40;42;49;55;57;54;51;73;64;63;69;75
BINGO CARABOBO;3507;12;15;3;13;4;29;25;20;16;30;44;38;31;45;53;56;47;60;46;70;62;65;61;72
BINGO CARABOBO;3508;10;13;8;4;2;21;23;19;27;18;41;37;35;42;58;57;49;54;47;66;70;74;65;71
BINGO CARABOBO;3509;3;1;6;14;7;28;24;22;17;16;32;40;44;34;50;48;53;59;51;68;64;75;67;69
BINGO CARABOBO;3510;9;12;11;15;5;29;26;30;20;25;38;45;33;31;55;56;52;60;46;63;72;62;61;73
BINGO CARABOBO;3511;11;6;7;12;10;30;19;22;27;16;36;43;44;34;54;56;48;47;55;73;65;67;69;62
BINGO CARABOBO;3512;13;8;1;4;3;26;23;29;21;20;33;39;37;35;53;50;57;58;59;68;66;71;72;64
BINGO CARABOBO;3513;14;5;9;15;2;25;24;28;18;17;40;41;38;45;51;52;60;49;46;63;74;61;70;75
BINGO CARABOBO;3514;10;11;2;9;12;23;17;24;28;20;43;42;35;36;52;51;53;49;54;75;68;63;61;71
BINGO CARABOBO;3515;14;13;5;7;3;27;30;26;18;25;38;44;34;37;47;50;55;58;48;67;72;69;66;70
BINGO CARABOBO;3516;4;8;6;15;1;19;29;21;22;16;45;31;40;32;46;57;56;59;60;73;65;64;62;74
BINGO CARABOBO;3517;1;10;13;6;11;26;29;16;28;18;43;34;32;41;57;56;58;53;48;63;62;73;70;72
BINGO CARABOBO;3518;5;12;2;7;3;22;23;24;21;27;39;38;42;36;54;49;60;55;51;65;68;71;66;69
BINGO CARABOBO;3519;4;15;9;14;8;25;19;30;17;20;33;44;45;37;59;50;46;47;52;67;75;64;61;74
BINGO CARABOBO;3520;1;6;5;11;3;18;26;16;22;25;36;44;32;38;56;57;46;50;54;74;67;73;62;75
BINGO CARABOBO;3521;10;12;9;13;14;30;28;24;21;23;40;39;43;34;58;53;49;59;48;65;64;70;71;63
BINGO CARABOBO;3522;2;7;15;4;8;27;20;19;17;29;41;31;45;37;51;55;52;47;60;61;72;68;69;66
BINGO CARABOBO;3523;12;8;10;3;2;28;27;20;22;16;45;39;32;33;47;52;46;59;51;69;72;63;68;71
BINGO CARABOBO;3524;4;5;13;1;7;24;29;23;26;25;34;37;44;35;57;50;54;53;56;73;74;64;62;70
BINGO CARABOBO;3525;9;6;14;15;11;21;19;17;18;30;42;41;38;43;49;58;55;60;48;67;65;66;75;61
BINGO CARABOBO;3526;5;14;12;11;9;23;21;30;24;22;37;36;43;34;53;48;52;59;58;67;69;74;62;65
BINGO CARABOBO;3527;10;6;8;7;1;17;28;19;16;27;41;33;31;35;47;51;54;57;56;73;72;68;66;70
BINGO CARABOBO;3528;4;13;15;3;2;20;25;26;29;18;32;38;40;44;60;49;46;55;50;63;61;64;75;71
BINGO CARABOBO;3529;10;15;14;2;12;26;20;21;17;28;36;33;38;44;53;51;59;48;54;71;73;66;69;68
BINGO CARABOBO;3530;5;11;6;3;1;19;27;30;18;25;35;42;40;45;58;49;47;57;55;74;75;67;64;61
BINGO CARABOBO;3531;9;7;8;4;13;22;29;16;24;23;43;34;32;37;46;50;52;56;60;63;65;72;70;62
BINGO CARABOBO;3532;7;14;15;4;6;17;18;25;19;22;36;42;33;39;57;56;58;54;59;68;66;75;61;67
BINGO CARABOBO;3533;11;1;12;8;13;20;26;24;29;21;38;31;41;34;60;51;52;53;46;73;74;63;69;64
BINGO CARABOBO;3534;5;3;9;2;10;28;27;30;16;23;35;40;44;43;47;48;55;49;50;70;72;71;62;65
BINGO CARABOBO;3535;7;13;14;8;15;19;17;22;26;23;42;39;32;34;51;48;56;55;50;67;66;74;64;69
BINGO CARABOBO;3536;10;3;9;12;6;25;24;28;18;29;38;41;37;40;49;58;54;60;57;75;65;73;63;70
BINGO CARABOBO;3537;2;11;1;5;4;30;27;20;21;16;44;35;45;43;52;59;46;53;47;72;68;62;61;71
BINGO CARABOBO;3538;11;9;5;8;10;23;25;26;17;19;38;33;40;41;47;50;59;58;55;64;63;61;68;75
BINGO CARABOBO;3539;6;13;1;15;4;30;24;18;20;21;35;44;43;39;51;57;49;53;56;69;73;66;67;65
BINGO CARABOBO;3540;7;12;2;14;3;22;27;16;28;29;36;32;42;45;52;54;48;60;46;71;62;72;74;70
BINGO CARABOBO;3541;6;8;7;14;3;25;21;24;17;22;44;35;37;40;60;55;57;49;48;62;67;73;69;64
BINGO CARABOBO;3542;10;2;9;5;4;28;18;19;20;16;42;33;32;45;52;51;54;53;46;71;68;61;65;74
BINGO CARABOBO;3543;13;15;12;11;1;27;29;26;23;30;39;41;31;34;50;59;56;58;47;63;66;72;70;75
BINGO CARABOBO;3544;13;12;11;14;9;23;20;16;18;21;35;39;38;40;55;57;54;58;48;74;68;65;73;71
BINGO CARABOBO;3545;10;7;3;5;6;26;19;22;25;27;45;34;36;37;53;56;59;60;49;70;67;69;64;61
BINGO CARABOBO;3546;8;15;4;2;1;30;24;28;29;17;33;43;44;31;47;52;51;46;50;63;66;75;72;62
BINGO CARABOBO;3547;9;8;6;14;5;27;23;24;26;29;32;44;33;36;52;56;49;51;57;69;62;72;68;70
BINGO CARABOBO;3548;15;12;7;3;10;18;22;16;25;17;38;35;43;42;59;54;48;50;53;71;65;74;66;61
BINGO CARABOBO;3549;4;11;1;2;13;21;28;30;20;19;34;39;31;41;47;55;46;60;58;67;73;64;75;63
BINGO CARABOBO;3550;6;2;5;14;12;18;27;26;24;30;39;41;40;34;51;47;59;53;48;72;73;64;71;74
BINGO CARABOBO;3551;9;4;8;13;3;28;19;23;22;25;32;36;33;42;52;49;55;56;57;62;65;69;75;67
BINGO CARABOBO;3552;10;7;15;11;1;20;21;29;16;17;37;31;35;45;54;60;46;50;58;63;68;66;61;70
BINGO CARABOBO;3553;15;5;1;3;10;18;19;23;21;16;40;43;41;34;53;56;54;49;51;64;66;75;69;73
BINGO CARABOBO;3554;9;12;8;13;11;22;27;25;17;20;39;44;35;37;52;58;46;48;55;67;72;63;70;62
BINGO CARABOBO;3555;4;7;2;14;6;29;24;26;28;30;36;31;33;38;50;60;47;59;57;68;65;71;61;74
BINGO CARABOBO;3556;6;9;2;3;7;27;18;22;20;29;42;38;44;36;60;50;47;48;55;64;70;68;74;69
BINGO CARABOBO;3557;11;14;15;13;4;25;26;24;28;19;43;37;31;41;57;59;52;56;49;72;73;67;75;62
BINGO CARABOBO;3558;8;5;1;10;12;21;23;16;17;30;34;33;39;40;53;58;46;51;54;63;61;65;66;71
BINGO CARABOBO;3559;6;14;10;4;7;19;28;21;30;20;38;34;42;36;53;59;55;46;58;68;69;72;74;70
BINGO CARABOBO;3560;12;13;8;2;1;22;23;17;27;24;43;37;44;32;49;48;54;60;51;63;66;73;64;61
BINGO CARABOBO;3561;3;5;9;11;15;29;25;18;16;26;40;41;45;31;50;47;56;52;57;75;67;65;62;71
BINGO CARABOBO;3562;8;9;4;1;5;24;19;20;26;18;41;35;36;37;49;53;57;46;52;67;68;71;70;69
BINGO CARABOBO;3563;13;7;10;6;11;28;30;17;25;27;34;44;43;33;50;55;60;58;51;72;62;63;65;75
BINGO CARABOBO;3564;12;3;15;2;14;22;21;29;16;23;38;42;32;40;54;47;56;48;59;61;64;73;66;74
BINGO CARABOBO;3565;5;12;15;11;7;18;25;23;27;19;44;38;43;40;58;46;51;53;50;71;61;72;73;68
BINGO CARABOBO;3566;2;3;9;1;6;24;17;26;22;30;45;33;37;32;59;56;55;54;60;63;69;70;67;64
BINGO CARABOBO;3567;13;10;8;14;4;21;28;20;29;16;34;39;31;42;52;49;57;47;48;75;65;62;74;66
BINGO CARABOBO;3568;7;2;1;12;13;30;27;18;19;16;38;32;44;37;53;54;47;56;51;62;67;64;69;71
BINGO CARABOBO;3569;6;14;4;10;15;25;28;17;26;21;33;39;36;45;48;49;52;58;50;65;63;74;72;66
BINGO CARABOBO;3570;8;3;9;11;5;23;22;29;24;20;43;35;34;31;59;55;46;60;57;70;73;68;61;75
BINGO CARABOBO;3571;6;13;5;2;14;21;27;26;29;25;37;36;33;31;48;58;59;57;60;66;74;68;72;69
BINGO CARABOBO;3572;11;3;1;9;8;23;22;30;18;20;34;35;40;44;52;53;55;56;49;62;70;63;64;65
BINGO CARABOBO;3573;12;15;10;7;4;16;28;19;17;24;43;42;32;45;46;54;50;47;51;71;67;75;61;73
BINGO CARABOBO;3574;9;7;11;2;6;27;24;19;28;26;32;44;37;35;53;60;52;55;58;69;61;66;70;72
BINGO CARABOBO;3575;13;8;12;3;1;25;29;18;20;21;38;45;40;43;49;56;48;57;46;68;73;63;74;75
BINGO CARABOBO;3576;10;14;4;15;5;16;22;23;30;17;42;36;41;39;51;47;54;59;50;62;64;67;65;71
BINGO CARABOBO;3577;9;4;5;11;13;20;21;25;19;28;38;32;41;37;54;53;59;49;48;69;61;71;70;75
BINGO CARABOBO;3578;8;2;1;10;7;24;16;26;18;17;36;45;35;43;56;50;52;55;51;67;65;72;73;66
BINGO CARABOBO;3579;12;6;14;3;15;29;23;30;22;27;34;44;40;31;58;60;57;46;47;63;62;64;68;74
BINGO CARABOBO;3580;13;3;6;14;7;25;17;28;24;29;41;37;31;43;58;47;53;52;56;70;69;67;68;64
BINGO CARABOBO;3581;2;8;9;10;4;16;26;23;21;19;40;36;34;42;59;55;54;60;48;62;65;74;61;63
BINGO CARABOBO;3582;12;5;15;11;1;27;20;22;30;18;32;39;45;33;51;46;50;49;57;73;75;72;71;66
BINGO CARABOBO;3583;9;6;10;3;2;16;29;23;18;22;44;34;37;40;49;57;54;48;51;66;67;63;71;75
BINGO CARABOBO;3584;11;1;5;8;13;19;24;28;21;26;43;35;36;41;52;50;53;59;56;72;68;62;64;69
BINGO CARABOBO;3585;15;12;7;4;14;20;27;25;17;30;39;32;45;42;58;47;55;60;46;61;65;74;73;70
BINGO CARABOBO;3586;10;2;3;9;12;27;22;28;23;26;39;40;36;42;52;59;47;51;49;74;69;72;67;66
BINGO CARABOBO;3587;15;7;13;6;5;29;18;19;24;30;44;38;33;31;50;46;55;48;57;63;64;71;73;61
BINGO CARABOBO;3588;11;4;8;14;1;16;17;20;25;21;35;37;43;41;56;54;60;53;58;68;75;65;62;70
BINGO CARABOBO;3589;8;5;3;1;9;25;27;19;29;28;32;42;41;35;48;59;50;46;58;74;63;73;75;67
BINGO CARABOBO;3590;6;12;10;2;14;18;24;26;17;20;44;37;40;45;49;52;60;56;54;64;62;72;66;65
BINGO CARABOBO;3591;13;15;4;7;11;16;23;22;21;30;36;33;38;31;51;57;55;53;47;68;70;61;69;71
BINGO CARABOBO;3592;4;6;10;11;12;23;30;28;27;29;34;39;45;40;48;55;54;52;47;68;75;71;70;73
BINGO CARABOBO;3593;14;7;5;15;2;22;20;24;17;19;32;38;35;41;53;49;50;58;46;63;66;72;67;62
BINGO CARABOBO;3594;8;13;3;1;9;25;16;18;21;26;42;44;43;37;56;57;59;60;51;69;65;61;64;74
BINGO CARABOBO;3595;9;10;12;7;2;24;25;26;21;30;36;40;32;34;57;48;50;55;51;74;70;71;64;65
BINGO CARABOBO;3596;5;6;13;14;3;23;20;28;19;22;37;41;38;44;53;56;54;58;46;69;63;62;72;68
BINGO CARABOBO;3597;4;11;1;8;15;16;18;27;29;17;39;42;43;35;49;52;59;60;47;67;73;66;61;75
BINGO CARABOBO;3598;9;13;5;4;10;28;20;24;27;29;42;45;39;37;53;54;56;47;58;64;66;75;72;74
BINGO CARABOBO;3599;7;14;11;2;12;26;22;21;17;18;34;33;36;38;50;48;57;59;55;68;67;63;69;70
BINGO CARABOBO;3600;3;6;15;8;1;23;16;25;30;19;43;35;31;32;46;52;51;49;60;65;62;73;61;71
BINGO CARABOBO;3601;5;3;14;7;2;21;29;19;30;16;32;36;37;42;46;54;57;56;55;74;65;70;67;69
BINGO CARABOBO;3602;13;4;8;10;9;23;20;18;25;27;43;38;39;33;49;60;58;53;50;63;66;72;75;61
BINGO CARABOBO;3603;6;15;11;12;1;26;22;24;17;28;35;44;34;41;52;51;59;47;48;64;68;73;62;71
BINGO CARABOBO;3604;9;2;8;14;7;18;25;20;16;29;31;37;41;36;48;52;53;54;50;70;65;68;75;74
BINGO CARABOBO;3605;3;6;1;11;4;19;23;27;17;28;45;33;32;39;58;46;59;51;60;66;69;72;63;71
BINGO CARABOBO;3606;12;13;10;15;5;21;30;26;22;24;42;43;44;35;57;49;56;47;55;62;67;64;61;73
BINGO CARABOBO;3607;13;3;7;2;9;22;20;28;27;23;36;38;34;33;59;56;53;57;46;71;70;74;69;62
BINGO CARABOBO;3608;5;8;10;6;12;24;17;19;16;26;40;43;39;32;54;52;50;58;49;75;65;64;68;66
BINGO CARABOBO;3609;4;14;15;11;1;25;21;29;18;30;41;35;45;37;51;55;48;60;47;67;72;63;73;61
BINGO CARABOBO;3610;2;8;9;11;10;24;23;25;19;18;31;41;43;35;54;57;51;56;59;70;69;75;62;65
BINGO CARABOBO;3611;4;14;3;12;13;28;21;29;22;27;34;44;38;45;46;52;49;48;60;71;72;73;61;74
BINGO CARABOBO;3612;5;6;1;15;7;30;26;17;20;16;42;39;40;32;50;53;55;47;58;66;67;63;64;68
BINGO CARABOBO;3613;5;2;11;13;12;18;26;19;23;28;44;39;38;37;54;60;51;49;48;72;66;71;65;68
BINGO CARABOBO;3614;4;7;1;14;15;22;17;20;25;16;40;32;34;35;47;59;52;56;58;64;74;61;62;75
BINGO CARABOBO;3615;8;9;10;3;6;21;27;29;30;24;43;36;31;45;55;57;50;46;53;63;70;69;73;67
BINGO CARABOBO;3616;9;7;13;14;5;21;19;29;18;27;45;39;43;38;59;51;56;49;50;64;73;74;65;71
BINGO CARABOBO;3617;3;10;12;11;4;28;22;23;25;17;42;36;44;35;58;46;53;54;48;69;61;72;70;67
BINGO CARABOBO;3618;1;2;8;6;15;26;20;24;30;16;31;33;40;32;60;55;52;47;57;63;68;62;66;75
BINGO CARABOBO;3619;2;8;12;9;13;22;20;26;29;24;45;31;37;40;60;59;47;49;57;66;74;69;67;63
BINGO CARABOBO;3620;15;7;6;1;3;23;21;27;25;17;32;41;39;33;55;56;51;58;52;71;65;62;70;72
BINGO CARABOBO;3621;10;11;14;4;5;28;30;16;18;19;38;43;35;44;54;53;46;50;48;64;73;68;61;75
BINGO CARABOBO;3622;2;6;10;5;9;19;20;18;23;24;40;38;44;32;52;53;50;58;47;68;64;74;67;73
BINGO CARABOBO;3623;4;8;12;7;3;27;17;16;22;26;33;31;43;42;55;49;59;60;56;71;65;66;72;63
BINGO CARABOBO;3624;1;15;14;11;13;29;25;28;30;21;41;37;45;34;48;51;54;57;46;69;75;62;70;61
BINGO CARABOBO;3625;4;3;9;15;7;24;25;18;23;27;32;31;36;42;55;59;56;51;54;65;71;74;72;68
BINGO CARABOBO;3626;5;11;13;2;8;28;16;26;29;22;43;40;37;35;53;52;47;48;50;63;70;66;62;67
BINGO CARABOBO;3627;12;10;6;1;14;21;30;19;17;20;44;39;41;33;46;57;60;49;58;64;69;73;61;75
BINGO CARABOBO;3628;4;12;5;3;11;25;21;23;26;29;41;37;39;35;53;47;55;58;48;73;63;64;69;70
BINGO CARABOBO;3629;13;7;8;14;15;20;19;27;22;24;40;44;34;32;59;56;52;57;54;67;74;68;66;72
BINGO CARABOBO;3630;9;2;1;6;10;17;28;18;16;30;33;42;31;38;49;60;46;51;50;65;71;75;61;62
BINGO CARABOBO;3631;7;12;11;10;13;21;29;23;28;26;32;38;45;39;51;57;58;55;60;71;62;74;70;65
BINGO CARABOBO;3632;5;4;6;15;3;22;27;24;19;17;43;37;33;35;47;49;54;53;46;67;68;66;75;69
BINGO CARABOBO;3633;2;9;1;8;14;20;16;18;30;25;34;36;44;31;50;48;56;59;52;64;72;61;63;73
BINGO CARABOBO;3634;11;12;10;8;1;27;25;22;18;19;43;33;39;45;48;56;55;50;57;66;73;62;63;72
BINGO CARABOBO;3635;5;4;6;14;15;24;23;16;28;30;42;40;41;34;58;51;47;59;53;74;71;69;64;68
BINGO CARABOBO;3636;3;13;9;2;7;26;21;20;29;17;36;44;37;31;52;54;49;46;60;65;61;70;75;67
BINGO CARABOBO;3637;3;5;9;7;1;17;24;18;21;26;42;41;44;40;60;47;57;58;46;70;65;61;68;64
BINGO CARABOBO;3638;10;15;14;8;11;29;25;30;23;27;34;35;31;37;51;55;54;48;50;62;67;71;66;69
BINGO CARABOBO;3639;12;4;6;2;13;28;22;16;19;20;33;32;43;38;52;49;56;53;59;72;73;75;74;63
BINGO CARABOBO;3640;11;2;6;13;4;30;19;23;22;28;37;31;43;42;58;50;59;52;47;72;65;71;74;63
BINGO CARABOBO;3641;7;3;1;15;12;27;16;24;18;20;45;38;39;33;46;56;49;60;55;70;62;66;67;73
BINGO CARABOBO;3642;10;5;14;8;9;25;17;21;29;26;41;36;32;34;53;54;51;48;57;68;64;69;75;61
BINGO CARABOBO;3643;6;11;3;5;4;30;21;25;23;20;42;32;35;39;58;49;53;48;52;71;69;74;72;64
BINGO CARABOBO;3644;8;14;2;12;10;29;17;24;22;26;45;36;41;38;59;51;50;57;54;73;65;62;61;66
BINGO CARABOBO;3645;13;15;9;1;7;16;28;27;19;18;40;43;31;44;56;47;55;46;60;68;75;67;63;70
BINGO CARABOBO;3646;10;15;8;7;3;21;23;17;20;19;45;38;43;41;59;50;49;56;60;73;61;68;70;63
BINGO CARABOBO;3647;9;11;12;5;2;26;27;25;24;30;35;37;33;40;57;47;55;48;54;62;66;67;75;74
BINGO CARABOBO;3648;4;6;1;13;14;18;28;22;16;29;42;31;44;34;46;52;51;53;58;65;71;69;72;64
BINGO CARABOBO;3649;11;9;12;5;7;18;17;27;23;21;39;38;37;31;59;57;47;51;50;68;65;74;72;71
BINGO CARABOBO;3650;13;2;10;8;14;19;30;20;24;16;35;40;33;32;56;55;58;49;60;70;73;64;63;66
BINGO CARABOBO;3651;6;4;3;1;15;29;26;25;22;28;36;41;42;45;52;53;48;54;46;61;69;62;75;67
BINGO CARABOBO;3652;3;14;2;10;6;28;24;17;22;26;37;44;42;41;59;50;55;46;58;67;66;71;72;73
BINGO CARABOBO;3653;15;11;8;13;4;30;23;29;21;25;40;32;38;43;54;56;57;60;52;61;68;74;69;64
BINGO CARABOBO;3654;1;7;9;5;12;19;18;20;16;27;45;31;36;39;53;49;48;51;47;75;62;65;70;63
BINGO CARABOBO;3655;7;2;9;11;6;26;24;22;29;27;36;42;33;35;59;47;49;56;60;65;70;63;66;69
BINGO CARABOBO;3656;4;12;1;3;13;18;23;17;28;25;43;34;39;41;57;50;51;53;52;68;62;73;67;64
BINGO CARABOBO;3657;8;10;14;15;5;16;20;19;21;30;32;38;31;45;55;46;58;54;48;74;75;61;72;71
BINGO CARABOBO;3658;9;2;7;13;5;22;26;20;21;24;35;34;37;31;52;47;46;56;53;69;73;72;63;70
BINGO CARABOBO;3659;10;14;4;12;3;29;27;19;18;30;36;39;32;38;58;55;49;51;57;64;67;71;66;65
BINGO CARABOBO;3660;15;6;8;11;1;16;23;28;25;17;41;40;45;44;50;48;60;59;54;62;74;68;75;61
BINGO CARABOBO;3661;7;8;6;13;2;25;28;23;24;22;36;43;33;41;52;48;59;58;50;73;72;64;63;69
BINGO CARABOBO;3662;3;10;11;12;4;21;20;26;18;17;34;45;38;31;54;56;51;55;49;71;68;74;70;62
BINGO CARABOBO;3663;14;5;9;1;15;19;29;27;30;16;39;37;32;35;53;60;57;47;46;66;67;65;75;61
BINGO CARABOBO;3664;5;10;15;12;3;24;28;27;22;23;36;40;42;44;47;54;57;55;48;68;71;63;75;67
BINGO CARABOBO;3665;2;8;4;7;6;25;20;30;17;16;39;35;33;37;49;53;59;51;50;69;64;70;72;73
BINGO CARABOBO;3666;9;11;1;14;13;26;19;21;29;18;41;32;31;38;46;56;58;60;52;65;61;66;62;74
BINGO CARABOBO;3667;10;8;11;13;4;23;24;29;20;22;35;43;40;32;51;55;59;47;60;63;62;61;64;66
BINGO CARABOBO;3668;7;6;12;14;15;27;25;18;21;16;41;44;39;34;49;54;58;52;53;73;74;65;69;67
BINGO CARABOBO;3669;5;1;3;2;9;30;26;19;28;17;42;33;45;31;48;50;56;57;46;68;71;70;72;75
BINGO CARABOBO;3670;7;15;8;6;2;25;28;16;23;29;44;32;33;37;47;53;55;51;60;62;64;65;75;69
BINGO CARABOBO;3671;13;4;1;12;10;21;27;19;22;18;41;40;43;45;57;58;54;56;50;74;70;66;63;72
BINGO CARABOBO;3672;11;5;9;3;14;26;24;30;20;17;36;35;38;39;49;52;46;48;59;67;61;73;71;68
BINGO CARABOBO;3673;6;12;8;4;13;28;19;18;24;30;42;36;31;37;51;59;47;48;53;70;71;74;62;67
BINGO CARABOBO;3674;2;7;10;3;11;22;23;21;26;25;41;39;32;34;54;55;50;57;46;66;63;73;68;64
BINGO CARABOBO;3675;5;9;15;14;1;29;17;20;27;16;38;33;45;44;60;56;52;58;49;65;72;69;75;61
BINGO CARABOBO;3676;9;1;8;12;10;24;20;22;29;27;35;37;44;31;57;52;51;58;50;72;63;71;64;68
BINGO CARABOBO;3677;14;11;4;7;6;19;21;30;18;26;39;43;32;34;49;55;54;56;60;75;67;70;69;61
BINGO CARABOBO;3678;5;3;13;15;2;16;25;23;17;28;36;33;38;41;48;47;59;46;53;73;62;74;65;66
BINGO CARABOBO;3679;10;12;2;6;8;16;25;24;23;22;37;44;45;42;55;48;50;54;47;67;62;66;68;65
BINGO CARABOBO;3680;9;13;3;15;7;19;30;18;20;27;38;34;35;33;52;60;53;57;59;74;64;69;72;71
BINGO CARABOBO;3681;1;11;14;4;5;26;21;29;28;17;39;32;41;31;56;46;49;51;58;73;63;75;61;70
BINGO CARABOBO;3682;5;8;13;6;3;18;23;24;25;26;44;38;34;37;58;55;46;60;51;61;74;64;68;66
BINGO CARABOBO;3683;12;11;10;9;14;16;27;19;29;28;31;40;45;36;56;54;57;53;59;71;75;72;69;63
BINGO CARABOBO;3684;2;4;7;15;1;21;30;20;17;22;43;35;32;41;52;48;49;50;47;65;67;70;62;73
BINGO CARABOBO;3685;8;2;6;10;9;23;16;18;22;25;33;35;34;38;54;60;55;57;49;75;74;73;66;68
BINGO CARABOBO;3686;13;14;12;7;3;29;19;28;26;24;36;41;45;39;47;56;53;58;48;69;63;65;67;71
BINGO CARABOBO;3687;5;4;11;1;15;17;30;21;20;27;31;44;43;32;50;51;46;59;52;62;64;61;72;70
BINGO CARABOBO;3688;11;7;12;13;3;26;19;24;18;25;43;41;36;33;50;47;55;54;53;73;70;62;69;71
BINGO CARABOBO;3689;10;4;8;6;1;22;30;21;27;23;35;37;44;42;59;46;57;58;60;68;65;63;67;64
BINGO CARABOBO;3690;5;14;15;2;9;28;17;29;20;16;34;39;45;32;49;52;51;48;56;61;72;74;66;75
BINGO CARABOBO;3691;2;3;1;6;9;17;24;19;22;25;38;33;41;42;51;60;50;52;53;69;72;66;67;62
BINGO CARABOBO;3692;14;7;13;8;11;18;21;27;16;26;39;40;36;34;48;56;49;54;59;74;65;64;70;73
BINGO CARABOBO;3693;12;10;15;5;4;28;29;20;30;23;43;32;44;45;58;47;55;57;46;68;71;63;61;75
BINGO CARABOBO;3694;11;9;7;14;3;25;27;24;19;26;44;34;45;33;50;48;56;58;60;73;68;70;62;69
BINGO CARABOBO;3695;10;1;6;12;8;17;22;28;23;20;32;39;40;36;49;54;57;52;59;72;67;75;74;63
BINGO CARABOBO;3696;13;5;2;4;15;30;18;16;21;29;42;31;41;35;51;55;53;46;47;64;66;65;61;71
BINGO CARABOBO;3697;6;11;2;9;12;27;28;25;29;19;41;38;43;44;50;54;46;52;60;69;71;68;72;62
BINGO CARABOBO;3698;3;15;8;7;10;21;22;16;20;18;35;40;32;31;53;57;49;56;51;65;67;66;73;70
BINGO CARABOBO;3699;1;4;13;5;14;17;23;24;30;26;45;36;39;34;48;58;55;59;47;64;61;63;75;74
BINGO CARABOBO;3700;2;5;1;7;6;23;22;20;28;27;42;38;31;40;46;59;57;53;55;73;63;71;72;64
BINGO CARABOBO;3701;8;12;13;9;10;21;19;30;25;17;44;35;32;41;56;54;58;48;49;66;62;70;69;68
BINGO CARABOBO;3702;14;15;4;3;11;29;24;26;16;18;45;33;39;34;51;52;60;47;50;67;74;65;61;75
BINGO CARABOBO;3703;8;15;10;14;6;22;26;28;23;20;45;41;37;43;54;57;55;52;47;65;61;73;75;68
BINGO CARABOBO;3704;7;4;12;3;13;18;29;21;27;16;40;33;32;34;50;58;48;51;49;71;70;62;67;69
BINGO CARABOBO;3705;5;2;11;1;9;25;19;30;17;24;35;38;31;42;46;53;59;56;60;66;74;63;72;64
BINGO CARABOBO;3706;6;5;11;3;9;17;22;18;20;27;34;38;33;44;57;59;60;50;52;69;73;61;71;66
BINGO CARABOBO;3707;13;14;4;8;2;25;28;26;30;29;39;45;36;35;56;58;47;53;54;65;72;64;67;70
BINGO CARABOBO;3708;1;12;15;10;7;19;23;16;21;24;31;37;43;32;51;48;49;46;55;68;63;74;75;62
BINGO CARABOBO;3709;15;3;6;12;10;20;24;25;22;27;40;31;45;39;60;56;57;53;47;73;71;67;68;75
BINGO CARABOBO;3710;4;9;14;7;13;30;18;19;21;26;37;36;41;33;54;48;49;58;50;62;65;74;64;70
BINGO CARABOBO;3711;1;11;5;2;8;16;23;29;28;17;35;42;32;44;55;51;52;59;46;63;61;69;66;72
BINGO CARABOBO;3712;14;4;3;9;6;28;21;25;19;22;36;43;31;37;57;56;46;50;58;74;66;63;62;73
BINGO CARABOBO;3713;8;10;7;12;15;26;29;24;23;20;44;42;33;39;59;53;49;55;48;67;64;70;61;71
BINGO CARABOBO;3714;5;13;11;2;1;18;27;17;16;30;34;45;38;32;60;51;54;47;52;65;75;68;69;72
BINGO CARABOBO;3715;1;8;11;13;10;30;17;20;18;21;40;35;42;33;50;51;56;52;53;72;63;68;73;62
BINGO CARABOBO;3716;4;7;14;3;9;27;29;25;28;16;37;39;32;38;59;49;55;54;58;74;64;67;66;75
BINGO CARABOBO;3717;6;5;15;12;2;19;26;23;24;22;31;45;44;34;57;46;48;47;60;71;69;70;61;65
BINGO CARABOBO;3718;7;2;5;4;3;20;26;25;23;27;43;35;33;40;59;53;56;58;49;70;64;69;72;67
BINGO CARABOBO;3719;8;12;13;14;9;19;21;28;17;22;32;41;38;45;51;55;54;57;60;62;75;73;71;74
BINGO CARABOBO;3720;11;10;6;1;15;24;29;16;18;30;37;39;42;31;46;50;48;52;47;66;65;68;61;63
BINGO CARABOBO;3721;6;10;5;8;12;16;19;18;29;27;31;44;33;40;53;47;56;59;52;68;65;74;66;62
BINGO CARABOBO;3722;3;13;4;2;14;22;24;26;20;21;36;38;39;42;55;60;48;57;51;67;70;69;64;73
BINGO CARABOBO;3723;9;15;7;11;1;28;23;25;30;17;37;35;43;32;50;49;58;54;46;72;63;61;75;71
BINGO CARABOBO;3724;2;13;10;14;3;26;27;19;18;17;31;38;33;36;53;52;54;49;47;67;63;72;73;64
BINGO CARABOBO;3725;9;11;12;7;4;30;21;22;25;16;35;41;37;42;57;50;56;55;59;70;71;61;65;69
BINGO CARABOBO;3726;6;8;1;15;5;24;28;23;29;20;32;43;34;40;58;51;48;60;46;74;68;66;75;62
BINGO CARABOBO;3727;4;11;1;7;3;16;29;19;23;27;39;36;34;33;50;47;54;58;55;75;74;67;69;71
BINGO CARABOBO;3728;5;12;6;14;10;18;28;17;30;25;35;38;45;32;51;60;52;57;49;64;63;72;65;68
BINGO CARABOBO;3729;2;15;9;13;8;22;21;20;24;26;42;43;37;40;53;56;48;46;59;61;70;66;73;62
BINGO CARABOBO;3730;10;11;6;9;3;17;26;28;24;27;42;41;35;36;47;51;60;52;49;70;69;67;73;71
BINGO CARABOBO;3731;2;7;12;14;1;22;18;16;19;30;44;34;38;33;48;56;57;59;53;63;72;75;62;74
BINGO CARABOBO;3732;15;4;8;13;5;20;25;29;23;21;31;43;32;40;58;50;55;46;54;64;66;65;61;68
BINGO CARABOBO;3733;11;2;12;5;3;23;20;22;30;24;42;33;40;45;47;58;59;48;57;74;64;70;69;72
BINGO CARABOBO;3734;10;13;4;7;1;18;25;21;26;28;34;39;36;32;55;53;60;56;50;73;71;65;62;66
BINGO CARABOBO;3735;8;9;14;15;6;17;27;19;16;29;35;38;31;37;52;51;54;49;46;68;63;61;75;67
BINGO CARABOBO;3736;9;10;8;11;4;24;22;18;27;28;41;40;43;32;56;53;52;55;60;61;64;74;69;71
BINGO CARABOBO;3737;3;6;1;5;7;19;25;26;16;20;44;42;39;34;48;54;50;51;59;70;68;72;62;65
BINGO CARABOBO;3738;13;14;12;2;15;23;29;21;17;30;38;31;35;37;57;47;49;58;46;66;75;67;73;63
BINGO CARABOBO;3739;4;5;2;9;12;21;28;29;23;25;44;38;40;42;51;47;56;50;55;65;72;64;69;66
BINGO CARABOBO;3740;1;13;7;8;14;30;20;24;26;17;35;34;43;32;58;53;48;46;60;67;62;71;63;74
BINGO CARABOBO;3741;6;10;11;15;3;19;16;22;27;18;33;36;41;31;59;49;54;57;52;73;68;61;70;75
BINGO CARABOBO;3742;2;7;15;10;9;22;19;25;23;28;37;40;41;34;46;57;56;59;51;68;65;71;67;63
BINGO CARABOBO;3743;3;4;11;13;14;26;17;29;30;16;38;33;43;42;60;53;55;58;47;70;72;64;66;75
BINGO CARABOBO;3744;6;12;5;8;1;18;21;24;27;20;39;31;45;44;52;49;54;48;50;73;62;69;61;74
BINGO CARABOBO;3745;7;12;6;8;15;27;26;17;22;23;36;34;33;38;59;49;47;56;51;73;65;64;71;67
BINGO CARABOBO;3746;10;9;5;13;11;25;29;24;18;21;45;43;39;41;52;57;50;53;46;70;66;68;75;69
BINGO CARABOBO;3747;2;4;3;14;1;30;20;16;28;19;32;40;42;31;54;58;60;55;48;72;63;61;74;62
BINGO CARABOBO;3748;13;5;2;1;7;23;25;26;21;16;37;39;36;44;51;55;48;47;56;73;62;71;65;74
BINGO CARABOBO;3749;10;12;4;15;9;19;20;27;28;18;43;41;31;38;58;59;52;57;60;63;64;66;68;70
BINGO CARABOBO;3750;3;14;8;6;11;22;24;30;17;29;45;33;42;32;50;53;46;54;49;72;67;69;75;61
BINGO CARABOBO;3751;3;10;2;12;13;26;17;23;22;28;45;41;35;43;50;53;48;49;57;70;71;74;65;64
BINGO CARABOBO;3752;5;7;1;11;9;24;25;20;29;19;42;38;33;34;47;46;59;55;58;73;62;69;72;63
BINGO CARABOBO;3753;8;6;14;4;15;16;30;18;27;21;39;36;31;40;60;54;56;51;52;66;61;68;75;67
BINGO CARABOBO;3754;9;11;5;10;13;27;25;22;29;17;44;37;45;32;55;47;48;52;58;61;70;73;71;69
BINGO CARABOBO;3755;6;14;7;12;4;28;19;21;16;18;38;34;31;39;57;60;49;59;53;72;66;64;67;62
BINGO CARABOBO;3756;8;3;15;1;2;26;23;30;20;24;36;41;43;40;54;50;51;56;46;65;68;74;75;63
BINGO CARABOBO;3757;2;9;5;3;12;21;29;30;28;22;37;43;32;33;48;53;55;56;52;74;64;65;66;62
BINGO CARABOBO;3758;7;8;13;6;10;17;20;18;19;25;36;40;35;45;46;49;50;51;57;70;68;63;73;69
BINGO CARABOBO;3759;11;14;1;15;4;23;24;26;16;27;31;41;38;42;59;47;54;60;58;71;75;67;61;72
BINGO CARABOBO;3760;10;5;8;1;2;27;21;26;20;19;32;31;40;35;59;47;57;51;50;65;69;66;71;73
BINGO CARABOBO;3761;11;4;9;15;6;30;17;22;18;23;37;42;38;34;52;48;49;60;54;67;64;62;63;72
BINGO CARABOBO;3762;13;7;12;3;14;25;29;16;24;28;33;36;41;44;58;55;53;46;56;74;75;68;61;70
BINGO CARABOBO;3763;10;1;4;14;12;20;26;25;28;19;36;35;39;37;48;58;56;59;50;62;66;74;75;70
BINGO CARABOBO;3764;9;7;6;13;8;21;29;18;27;30;40;32;34;42;47;57;49;52;60;71;64;73;72;68
BINGO CARABOBO;3765;11;5;15;3;2;17;22;16;24;23;44;38;31;45;55;53;51;54;46;65;67;69;61;63
BINGO CARABOBO;3766;14;12;1;3;7;19;30;23;26;25;41;39;36;40;58;53;47;52;51;68;74;75;66;64
BINGO CARABOBO;3767;11;10;13;4;2;28;29;22;20;21;35;45;38;44;60;46;54;49;50;63;72;65;69;73
BINGO CARABOBO;3768;8;6;9;15;5;17;18;24;27;16;33;37;43;34;57;48;56;55;59;67;70;61;62;71
BINGO CARABOBO;3769;10;14;5;6;8;29;28;18;20;21;43;42;40;33;56;60;57;47;55;71;63;75;68;69
BINGO CARABOBO;3770;4;13;1;9;7;24;16;22;19;27;34;39;31;38;49;58;48;50;46;73;74;65;66;70
BINGO CARABOBO;3771;11;15;2;3;12;25;23;30;17;26;45;35;32;37;52;54;53;51;59;62;64;67;61;72
BINGO CARABOBO;3772;1;4;5;10;15;20;26;23;19;24;40;32;41;36;57;56;48;49;52;64;63;65;67;74
BINGO CARABOBO;3773;14;6;8;9;7;27;21;29;22;25;35;34;45;39;58;51;60;54;50;72;73;68;62;71
BINGO CARABOBO;3774;12;3;13;11;2;16;18;28;30;17;33;42;38;44;53;55;59;47;46;66;69;70;61;75
BINGO CARABOBO;3775;14;8;3;2;13;23;25;29;22;27;41;43;45;44;47;58;55;50;57;70;71;68;61;73
BINGO CARABOBO;3776;5;1;12;11;15;21;24;20;18;19;33;37;35;38;59;56;54;51;49;67;64;74;75;63
BINGO CARABOBO;3777;9;4;10;7;6;17;28;26;30;16;36;39;31;34;52;46;53;48;60;69;72;62;65;66
BINGO CARABOBO;3778;15;10;7;3;9;25;24;30;20;28;32;33;34;36;50;54;53;58;57;63;66;65;74;62
BINGO CARABOBO;3779;8;1;12;2;13;23;22;27;17;19;37;31;42;43;59;55;47;49;48;71;70;64;67;69
BINGO CARABOBO;3780;11;5;14;6;4;26;21;18;29;16;45;35;44;38;60;46;51;52;56;61;72;73;75;68
BINGO CARABOBO;3781;12;4;8;5;2;16;19;25;23;20;41;37;42;36;47;50;56;53;51;61;70;63;67;71
BINGO CARABOBO;3782;13;6;14;1;7;21;29;30;22;24;45;44;31;32;54;58;52;49;46;66;65;64;72;69
BINGO CARABOBO;3783;3;10;11;15;9;18;27;26;28;17;43;35;34;38;48;57;59;60;55;74;68;73;75;62
BINGO CARABOBO;3784;6;11;12;3;4;19;18;20;17;29;38;32;36;34;53;59;48;51;60;68;74;61;73;63
BINGO CARABOBO;3785;7;13;8;15;2;25;24;26;21;27;45;37;44;35;50;46;49;55;54;65;69;72;71;62
BINGO CARABOBO;3786;10;14;1;5;9;28;16;22;23;30;40;42;31;43;52;56;57;58;47;66;70;64;67;75
BINGO CARABOBO;3787;4;10;14;11;5;25;27;26;22;30;38;42;34;41;59;49;48;54;58;62;70;71;64;69
BINGO CARABOBO;3788;7;8;6;9;2;19;17;24;21;20;32;33;36;43;52;50;47;53;51;72;74;68;65;67
BINGO CARABOBO;3789;15;1;12;13;3;18;29;28;16;23;35;39;44;31;56;57;55;60;46;66;63;73;75;61
BINGO CARABOBO;3790;4;12;1;15;6;23;25;28;26;20;37;44;40;43;54;53;57;48;47;68;70;65;63;66
BINGO CARABOBO;3791;7;13;10;3;8;17;24;22;16;19;34;45;32;33;56;55;50;51;59;71;61;62;69;67
BINGO CARABOBO;3792;5;14;9;11;2;27;18;21;30;29;36;39;31;41;49;46;58;60;52;72;73;75;74;64
BINGO CARABOBO;3793;8;3;14;5;2;20;26;19;27;30;42;31;37;41;51;58;56;52;50;70;63;69;64;74
BINGO CARABOBO;3794;13;4;7;6;9;18;29;22;21;24;43;44;35;32;54;48;55;57;47;72;61;67;66;62
BINGO CARABOBO;3795;15;12;10;11;1;23;28;17;25;16;34;45;33;38;59;49;53;60;46;68;71;65;73;75
BINGO CARABOBO;3796;9;2;8;12;15;24;16;23;17;30;35;33;37;34;51;56;57;60;55;70;75;64;61;71
BINGO CARABOBO;3797;10;3;13;11;5;20;21;25;28;27;42;44;41;45;48;52;50;47;54;65;69;74;67;63
BINGO CARABOBO;3798;4;1;14;6;7;18;22;19;29;26;36;32;31;40;58;46;49;53;59;68;66;72;73;62
BINGO CARABOBO;3799;9;15;5;4;10;28;18;26;27;20;35;37;33;34;48;56;57;46;59;65;71;62;70;73
BINGO CARABOBO;3800;2;8;6;7;11;25;29;23;21;16;39;40;36;43;53;55;50;51;58;69;75;68;61;72
BINGO CARABOBO;3801;13;1;12;3;14;19;22;17;30;24;31;45;32;42;60;47;52;49;54;74;64;66;67;63
BINGO CARABOBO;3802;4;6;7;10;14;21;20;22;17;19;43;40;33;39;50;57;48;58;49;63;62;66;71;64
BINGO CARABOBO;3803;12;5;8;15;2;30;24;28;23;26;35;32;42;34;54;56;60;55;53;69;70;72;65;74
BINGO CARABOBO;3804;13;1;11;3;9;18;25;16;29;27;37;31;45;41;47;52;46;59;51;67;73;61;68;75
BINGO CARABOBO;3805;4;1;12;11;10;30;27;20;26;21;31;41;40;44;51;58;48;55;57;62;68;73;64;61
BINGO CARABOBO;3806;8;13;6;3;7;16;29;24;18;22;42;37;36;32;54;59;56;52;46;74;69;63;65;66
BINGO CARABOBO;3807;9;15;5;14;2;19;23;25;17;28;38;34;39;45;47;50;53;49;60;72;71;70;75;67
BINGO CARABOBO;3808;5;6;10;9;11;17;20;26;29;18;44;33;37;39;55;47;59;53;52;63;66;68;69;72
BINGO CARABOBO;3809;7;4;13;8;2;28;22;25;24;19;43;36;40;38;54;60;48;49;58;71;61;62;64;75
BINGO CARABOBO;3810;14;15;3;12;1;27;16;30;23;21;42;32;45;34;51;56;50;57;46;65;70;67;74;73
BINGO CARABOBO;3811;7;11;4;6;10;22;28;19;18;26;45;34;38;39;59;48;47;50;58;73;74;71;67;63
BINGO CARABOBO;3812;9;2;14;5;8;29;25;16;24;20;44;42;36;31;60;49;53;56;55;69;65;62;68;70
BINGO CARABOBO;3813;12;13;15;3;1;27;30;17;23;21;33;40;32;43;51;57;54;52;46;64;66;61;72;75
BINGO CARABOBO;3814;3;7;14;5;12;18;21;19;23;27;41;44;34;32;46;48;52;58;53;68;64;74;66;72
BINGO CARABOBO;3815;6;10;13;9;2;26;16;20;24;28;33;35;43;42;56;51;50;59;54;62;67;73;65;75
BINGO CARABOBO;3816;1;8;11;15;4;22;30;17;29;25;40;37;38;31;47;55;57;60;49;69;71;70;63;61
BINGO CARABOBO;3817;3;2;8;14;6;23;27;17;22;28;41;45;40;42;54;57;46;52;60;63;69;72;70;61
BINGO CARABOBO;3818;9;7;15;1;10;26;21;24;25;29;43;37;34;33;56;51;59;49;50;66;73;64;67;65
BINGO CARABOBO;3819;12;11;13;4;5;20;19;18;16;30;44;38;39;31;58;48;55;53;47;62;71;74;75;68
BINGO CARABOBO;3820;2;11;3;1;10;21;19;22;25;17;37;40;39;41;59;58;51;55;48;71;62;66;68;69
BINGO CARABOBO;3821;9;5;12;13;14;23;20;27;28;26;44;42;38;33;54;57;53;47;56;72;61;75;67;64
BINGO CARABOBO;3822;7;4;8;6;15;24;30;16;18;29;34;43;32;36;49;60;46;50;52;73;74;65;63;70
BINGO CARABOBO;3823;7;5;12;11;13;29;28;22;18;26;36;38;34;40;53;57;58;55;59;69;74;68;65;75
BINGO CARABOBO;3824;6;9;10;1;8;23;27;24;20;25;32;42;33;43;48;50;56;54;60;72;71;67;70;64
BINGO CARABOBO;3825;4;14;3;15;2;30;19;17;16;21;35;37;31;45;49;46;51;52;47;63;66;61;73;62
BINGO CARABOBO;3826;9;2;4;15;7;18;19;29;25;17;35;40;45;36;52;46;51;53;57;65;66;69;70;73
BINGO CARABOBO;3827;14;10;3;5;12;24;27;30;23;28;42;43;31;32;48;47;58;54;56;72;74;68;62;64
BINGO CARABOBO;3828;6;11;8;13;1;22;21;16;26;20;34;38;37;33;55;50;59;49;60;71;63;61;67;75
BINGO CARABOBO;3829;3;4;8;10;15;20;27;19;23;21;45;41;42;39;59;47;53;55;49;67;62;70;75;68
BINGO CARABOBO;3830;5;7;2;12;1;17;18;26;29;24;33;34;36;37;57;60;58;50;51;64;69;66;63;73
BINGO CARABOBO;3831;6;13;9;11;14;22;16;28;25;30;38;32;31;40;48;52;54;56;46;65;71;74;72;61
BINGO CARABOBO;3832;10;2;9;3;7;19;23;26;30;17;37;44;43;40;47;54;46;56;55;65;71;74;72;64
BINGO CARABOBO;3833;14;6;11;8;4;18;21;27;25;22;41;36;39;34;50;60;51;57;52;69;70;62;67;73
BINGO CARABOBO;3834;15;5;1;12;13;24;29;16;20;28;32;31;33;45;58;59;49;48;53;66;63;68;75;61
BINGO CARABOBO;3835;14;9;12;7;6;24;26;16;19;29;36;41;43;38;49;57;58;53;48;61;74;65;63;70
BINGO CARABOBO;3836;11;15;1;5;4;23;21;22;20;25;31;39;44;40;56;47;51;55;50;75;67;69;68;62
BINGO CARABOBO;3837;8;2;10;13;3;27;18;28;17;30;35;32;37;34;46;59;60;52;54;66;71;73;72;64
BINGO CARABOBO;3838;4;2;7;11;15;18;20;28;25;24;32;40;45;34;53;55;47;46;50;63;70;72;75;66
BINGO CARABOBO;3839;12;3;5;13;8;29;30;27;23;17;31;36;43;37;49;54;52;59;51;65;73;71;67;69
BINGO CARABOBO;3840;9;10;6;14;1;21;19;16;26;22;41;39;35;38;57;56;58;60;48;74;61;68;62;64
BINGO CARABOBO;3841;5;4;7;13;12;29;24;19;30;21;42;35;41;34;52;46;49;54;57;74;70;64;62;66
BINGO CARABOBO;3842;14;8;10;9;3;27;20;25;22;17;39;31;43;40;51;53;56;59;58;65;68;61;67;69
BINGO CARABOBO;3843;6;11;2;15;1;23;28;26;16;18;45;37;36;32;48;55;50;47;60;72;71;73;75;63
BINGO CARABOBO;3844;9;6;13;5;7;24;25;17;19;22;39;40;38;41;59;52;54;50;55;71;65;69;70;72
BINGO CARABOBO;3845;4;14;11;1;12;29;27;20;26;16;37;42;32;44;49;58;56;57;51;74;64;73;66;62
BINGO CARABOBO;3846;3;10;2;15;8;21;30;28;23;18;45;33;34;43;60;48;47;53;46;67;63;68;61;75
BINGO CARABOBO;3847;12;14;8;7;4;28;26;23;30;27;38;41;32;36;47;59;48;55;51;67;72;65;70;74
BINGO CARABOBO;3848;1;9;13;3;6;19;24;17;20;22;34;42;43;37;52;56;54;57;53;62;68;71;66;63
BINGO CARABOBO;3849;10;11;5;15;2;29;25;16;18;21;33;35;31;44;60;49;46;58;50;73;61;64;75;69
BINGO CARABOBO;3850;9;4;6;13;11;24;28;20;22;26;31;38;40;45;59;56;52;48;54;73;62;69;75;74
BINGO CARABOBO;3851;15;12;2;1;8;17;30;23;21;18;33;35;32;34;46;55;53;58;57;66;70;64;71;67
BINGO CARABOBO;3852;14;5;3;7;10;25;27;29;19;16;39;41;36;44;50;51;47;49;60;65;72;63;68;61
BINGO CARABOBO;3853;6;8;13;1;7;28;19;16;25;23;42;43;32;38;47;57;56;50;48;64;63;70;65;68
BINGO CARABOBO;3854;10;12;11;15;4;22;21;26;18;24;34;33;37;45;52;59;55;51;58;71;69;61;67;72
BINGO CARABOBO;3855;3;9;14;2;5;27;29;17;20;30;40;36;35;31;46;53;49;54;60;74;73;75;62;66
BINGO CARABOBO;3856;9;12;6;8;14;17;20;30;21;22;40;43;41;39;49;46;59;57;48;68;71;73;70;64
BINGO CARABOBO;3857;2;11;5;13;10;23;19;27;26;18;35;33;32;44;47;54;58;53;55;67;74;63;61;75
BINGO CARABOBO;3858;7;15;3;1;4;29;25;24;28;16;34;42;37;36;52;56;60;50;51;69;65;66;62;72
BINGO CARABOBO;3859;10;6;4;13;7;26;27;18;19;20;42;33;37;44;55;60;54;47;58;73;75;72;71;74
BINGO CARABOBO;3860;11;9;14;12;15;24;25;16;22;17;31;35;40;39;59;51;49;56;53;67;68;69;64;65
BINGO CARABOBO;3861;5;2;3;1;8;29;23;28;30;21;43;38;45;32;57;48;50;46;52;66;70;63;61;62
BINGO CARABOBO;3862;6;2;14;10;4;20;23;18;26;17;35;44;43;34;47;53;55;51;60;66;63;65;72;64
BINGO CARABOBO;3863;5;11;3;8;9;25;16;24;29;22;38;41;40;32;58;57;56;54;50;73;67;68;75;70
BINGO CARABOBO;3864;12;1;13;15;7;27;21;28;19;30;37;36;39;33;52;49;46;59;48;61;74;69;71;62
BINGO CARABOBO;3865;10;11;5;6;14;22;27;26;17;19;39;33;37;40;57;51;59;47;52;66;63;74;62;72
BINGO CARABOBO;3866;15;3;9;4;13;23;24;21;28;29;45;32;36;35;53;50;49;56;48;70;68;64;71;61
BINGO CARABOBO;3867;2;8;12;7;1;30;18;20;16;25;34;38;31;44;58;55;54;46;60;67;73;65;75;69
BINGO CARABOBO;3868;5;4;1;15;9;23;24;26;28;25;38;37;32;35;55;50;51;57;49;71;66;70;65;68
BINGO CARABOBO;3869;13;12;3;10;2;18;21;29;19;16;43;45;36;40;52;54;58;47;59;74;64;69;75;62
BINGO CARABOBO;3870;11;8;14;7;6;30;22;20;17;27;39;33;31;41;53;48;60;46;56;63;72;61;73;67
BINGO CARABOBO;3871;13;1;6;9;15;16;24;27;26;23;42;35;37;32;57;49;52;55;48;74;69;71;73;70
BINGO CARABOBO;3872;11;12;4;3;5;28;18;25;29;20;34;36;33;38;56;50;58;46;54;75;64;66;67;68
BINGO CARABOBO;3873;7;14;10;2;8;21;22;30;19;17;41;40;44;45;60;51;47;53;59;72;63;62;61;65
BINGO CARABOBO;3874;13;9;1;4;7;25;29;26;19;17;38;33;44;43;48;46;52;51;57;69;63;72;61;64
BINGO CARABOBO;3875;2;14;15;11;12;23;18;27;24;21;42;31;41;34;53;47;50;49;55;66;71;73;68;62
BINGO CARABOBO;3876;8;6;10;3;5;16;22;20;28;30;40;35;37;45;58;59;60;56;54;75;74;70;67;65
BINGO CARABOBO;3877;12;14;7;15;9;26;23;20;24;28;37;38;36;35;57;49;48;52;54;64;65;66;75;72
BINGO CARABOBO;3878;5;6;8;4;11;21;29;22;18;27;33;31;39;43;53;55;58;47;51;68;74;63;71;62
BINGO CARABOBO;3879;3;13;2;10;1;17;19;25;16;30;34;40;44;32;59;56;50;46;60;67;69;61;73;70
BINGO CARABOBO;3880;11;6;1;3;9;28;22;23;27;24;32;34;42;45;58;55;49;51;52;71;69;62;65;64
BINGO CARABOBO;3881;8;10;14;15;5;21;17;25;26;20;36;33;41;40;50;54;59;60;47;74;68;67;73;66
BINGO CARABOBO;3882;7;4;2;13;12;30;29;18;19;16;35;31;39;43;56;57;53;46;48;63;70;72;61;75
BINGO CARABOBO;3883;11;10;3;6;8;20;27;22;19;23;42;37;43;31;53;54;58;52;55;73;61;70;68;65
BINGO CARABOBO;3884;2;9;15;7;13;21;25;29;17;26;41;35;36;33;50;59;49;46;48;66;64;69;72;63
BINGO CARABOBO;3885;12;4;5;1;14;28;30;18;16;24;39;40;45;32;57;56;60;51;47;71;62;74;75;67
BINGO CARABOBO;3886;13;11;9;6;5;23;29;16;25;28;32;44;33;40;52;58;55;51;48;61;72;73;65;62
BINGO CARABOBO;3887;12;7;10;14;8;21;24;30;17;26;36;41;39;37;50;46;57;54;49;75;71;64;66;68
BINGO CARABOBO;3888;4;2;1;3;15;20;19;22;18;27;45;35;43;34;59;47;56;60;53;74;67;69;70;63
BINGO CARABOBO;3889;6;10;15;1;4;30;28;27;29;23;43;41;40;42;56;55;49;58;48;61;73;71;74;65
BINGO CARABOBO;3890;7;5;13;3;12;16;18;24;26;25;38;34;37;39;59;51;57;50;53;75;66;70;62;67
BINGO CARABOBO;3891;8;11;9;2;14;19;20;21;17;22;31;36;45;44;52;54;47;46;60;64;72;69;68;63
BINGO CARABOBO;3892;15;3;13;14;2;21;23;19;27;30;37;44;35;39;58;53;59;54;56;65;66;74;61;68
BINGO CARABOBO;3893;4;1;6;10;9;28;22;17;18;25;41;33;32;40;57;55;46;49;51;64;62;63;75;73
BINGO CARABOBO;3894;11;7;8;12;5;16;20;26;24;29;31;36;45;34;52;50;60;47;48;72;71;69;70;67
BINGO CARABOBO;3895;10;3;2;7;5;17;22;25;26;27;41;44;39;32;49;55;47;57;50;68;63;62;64;72
BINGO CARABOBO;3896;4;15;9;11;1;21;20;29;16;19;45;35;36;37;53;48;51;56;59;66;74;65;69;70
BINGO CARABOBO;3897;6;12;8;14;13;28;18;24;23;30;34;40;38;33;54;46;60;58;52;61;73;67;71;75
BINGO CARABOBO;3898;12;8;14;10;6;19;24;21;20;28;39;40;34;35;59;47;46;60;53;62;67;64;73;69
BINGO CARABOBO;3899;11;13;5;3;1;25;23;29;17;18;37;32;41;44;50;49;52;57;48;68;72;66;70;74
BINGO CARABOBO;3900;9;7;2;4;15;26;30;22;16;27;45;36;42;33;58;54;55;51;56;61;65;71;75;63
BINGO CARABOBO;3901;5;10;9;2;12;22;29;28;26;16;42;43;34;44;58;57;59;48;53;70;74;72;71;64
BINGO CARABOBO;3902;3;13;14;6;4;20;24;30;23;27;31;45;32;37;56;54;50;46;55;67;68;62;66;63
BINGO CARABOBO;3903;8;7;11;15;1;19;18;25;21;17;38;39;40;33;49;52;60;47;51;69;75;65;73;61
BINGO CARABOBO;3904;7;12;6;13;8;21;28;29;23;24;42;32;38;44;48;60;50;53;47;62;66;63;74;72
BINGO CARABOBO;3905;11;10;9;15;2;16;18;27;22;20;40;41;45;36;46;54;55;59;51;65;61;69;67;70
BINGO CARABOBO;3906;4;5;14;1;3;26;25;30;19;17;31;33;43;34;52;56;57;49;58;75;73;64;68;71
BINGO CARABOBO;3907;14;13;3;1;10;29;22;17;28;18;39;37;40;36;56;49;54;50;51;67;70;71;74;64
BINGO CARABOBO;3908;5;8;4;6;11;25;19;27;20;21;33;41;35;32;59;55;52;48;58;65;63;68;66;69
BINGO CARABOBO;3909;12;7;2;15;9;23;16;26;24;30;31;43;38;45;46;57;60;47;53;72;75;62;73;61
BINGO CARABOBO;3910;6;15;2;3;4;19;26;30;27;22;43;36;41;34;50;55;47;59;57;74;66;67;69;64
BINGO CARABOBO;3911;5;12;7;8;13;17;18;24;23;25;44;33;38;45;46;52;49;54;51;73;62;63;65;70
BINGO CARABOBO;3912;1;14;10;9;11;29;21;16;20;28;35;39;40;31;56;60;53;48;58;72;75;71;68;61
BINGO CARABOBO;3913;4;9;2;3;14;17;26;29;22;28;33;31;38;44;54;52;46;60;55;72;73;63;69;68
BINGO CARABOBO;3914;7;11;5;8;13;20;23;25;19;24;40;37;36;42;57;47;49;48;56;74;70;67;71;62
BINGO CARABOBO;3915;15;6;12;10;1;18;27;30;16;21;32;35;34;45;59;58;53;51;50;66;64;65;75;61
BINGO CARABOBO;3916;2;13;10;14;3;26;17;20;16;23;32;38;33;40;53;52;55;57;54;65;75;74;70;62
BINGO CARABOBO;3917;11;9;15;12;5;22;27;25;30;24;35;42;41;43;58;48;56;50;59;72;69;73;63;68
BINGO CARABOBO;3918;6;7;4;8;1;28;29;21;18;19;34;37;45;39;51;60;47;46;49;64;71;66;61;67
BINGO CARABOBO;3919;7;10;4;11;5;23;22;25;26;29;44;40;37;36;56;54;59;49;52;66;62;63;70;69
BINGO CARABOBO;3920;6;14;9;8;3;19;20;30;17;28;34;39;31;38;48;57;58;47;55;75;71;73;67;68
BINGO CARABOBO;3921;13;12;2;15;1;21;27;24;18;16;43;45;42;33;51;53;46;50;60;61;72;74;64;65
BINGO CARABOBO;3922;7;14;4;10;8;25;19;26;27;28;36;35;41;42;48;47;53;56;49;70;73;63;68;64
BINGO CARABOBO;3923;6;11;13;2;9;23;18;21;29;24;37;45;32;34;55;50;52;57;60;69;65;67;71;66
BINGO CARABOBO;3924;5;12;1;3;15;22;17;20;30;16;44;43;39;31;51;59;54;58;46;61;72;74;62;75
BINGO CARABOBO;3925;3;9;14;7;6;28;30;18;21;27;34;40;33;39;59;50;55;57;53;70;69;62;61;65
BINGO CARABOBO;3926;2;4;10;12;8;26;17;29;25;19;42;35;31;32;52;49;58;56;47;72;66;67;73;64
BINGO CARABOBO;3927;1;15;13;11;5;23;20;24;22;16;45;38;44;41;60;46;48;51;54;68;74;75;71;63
BINGO CARABOBO;3928;2;3;1;5;13;16;24;20;19;29;41;36;35;42;46;51;50;54;55;71;69;66;75;63
BINGO CARABOBO;3929;11;12;8;7;4;22;18;23;27;26;33;37;39;38;58;48;49;53;56;62;64;65;73;72
BINGO CARABOBO;3930;9;10;6;15;14;21;25;17;30;28;34;43;31;45;57;60;47;59;52;70;67;68;74;61
BINGO CARABOBO;3931;9;8;6;14;3;28;24;20;27;18;31;45;41;34;53;54;47;52;56;61;65;64;69;70
BINGO CARABOBO;3932;15;10;4;5;12;19;25;21;26;29;33;32;35;39;57;51;48;58;59;71;67;62;68;66
BINGO CARABOBO;3933;2;11;1;7;13;30;17;23;22;16;43;40;37;44;55;50;46;49;60;75;72;73;74;63
BINGO CARABOBO;3934;8;12;10;5;9;18;25;27;24;16;36;34;40;33;48;58;46;49;53;68;65;71;67;63
BINGO CARABOBO;3935;1;2;3;6;11;19;26;21;22;28;42;35;43;44;59;57;55;52;54;70;73;74;72;66
BINGO CARABOBO;3936;15;7;14;4;13;23;29;30;17;20;39;32;37;45;50;56;51;60;47;62;69;75;61;64
BINGO CARABOBO;3937;8;9;15;4;7;16;21;22;27;26;42;40;39;38;52;59;53;48;57;61;68;71;74;75
BINGO CARABOBO;3938;3;5;1;10;6;29;20;30;23;25;35;33;45;34;54;60;47;46;50;65;62;64;69;67
BINGO CARABOBO;3939;13;11;14;12;2;19;28;18;17;24;32;44;37;43;55;49;51;58;56;66;63;72;70;73
BINGO CARABOBO;3940;4;11;12;10;6;25;29;27;23;24;39;41;37;36;57;60;55;51;59;73;63;62;69;67
BINGO CARABOBO;3941;7;13;2;1;5;28;26;21;22;19;43;38;44;45;52;53;47;54;46;74;71;70;72;64
BINGO CARABOBO;3942;9;3;14;15;8;18;20;16;17;30;32;35;31;34;56;58;49;50;48;66;68;65;75;61
BINGO CARABOBO;3943;11;3;5;13;4;18;26;30;28;19;34;35;38;32;52;59;50;54;51;63;64;66;71;70
BINGO CARABOBO;3944;7;9;2;14;15;21;20;17;25;23;36;43;37;44;57;49;58;53;47;62;65;74;67;69
BINGO CARABOBO;3945;12;6;8;10;1;22;29;16;24;27;33;41;45;40;48;55;56;60;46;72;68;61;75;73
BINGO CARABOBO;3946;13;14;8;10;4;23;18;22;28;25;36;41;33;39;59;47;52;53;50;67;74;72;73;64
BINGO CARABOBO;3947;7;2;1;6;5;20;26;29;21;19;43;37;34;40;51;55;60;54;46;65;62;69;71;66
BINGO CARABOBO;3948;9;3;12;15;11;17;24;27;30;16;38;31;45;32;56;58;48;49;57;70;68;75;63;61
BINGO CARABOBO;3949;10;2;9;4;14;25;17;23;27;30;38;44;45;41;55;47;51;50;46;67;71;73;72;68
BINGO CARABOBO;3950;15;11;3;12;8;24;28;21;18;22;32;33;40;39;56;58;57;54;59;62;65;70;64;61
BINGO CARABOBO;3951;13;1;6;7;5;19;20;16;26;29;43;31;36;34;60;52;53;49;48;63;69;75;66;74
BINGO CARABOBO;3952;7;13;2;12;9;22;19;25;24;17;35;33;42;36;54;55;49;52;51;67;74;61;75;72
BINGO CARABOBO;3953;3;8;6;10;4;23;30;28;26;27;40;43;32;44;57;58;48;47;56;68;71;69;70;63
BINGO CARABOBO;3954;11;1;5;15;14;18;21;29;20;16;45;39;34;31;59;53;50;46;60;65;66;62;73;64
BINGO CARABOBO;3955;1;7;6;13;11;18;20;21;24;28;34;35;44;32;56;55;50;47;52;63;71;75;69;62
BINGO CARABOBO;3956;9;14;8;15;5;26;19;22;29;16;37;40;43;38;49;54;58;59;53;73;64;70;68;67
BINGO CARABOBO;3957;10;12;4;2;3;27;30;25;17;23;33;39;42;41;51;48;57;60;46;72;66;61;74;65
BINGO CARABOBO;3958;7;6;10;14;13;16;28;22;20;21;39;32;33;42;55;51;59;49;53;61;68;73;65;67
BINGO CARABOBO;3959;4;5;8;12;9;19;23;17;29;30;43;41;44;37;57;50;56;52;48;66;70;71;74;63
BINGO CARABOBO;3960;1;3;15;11;2;25;24;18;27;26;34;40;31;35;60;54;47;58;46;64;69;72;75;62
BINGO CARABOBO;3961;13;9;1;6;4;27;25;16;18;19;39;37;32;42;48;51;49;55;54;62;68;66;74;75
BINGO CARABOBO;3962;2;11;12;14;8;29;22;26;23;20;36;31;40;35;59;52;57;53;56;69;72;61;64;73
BINGO CARABOBO;3963;10;5;15;7;3;28;30;21;17;24;33;41;44;45;47;50;60;46;58;70;71;67;65;63
BINGO CARABOBO;3964;6;9;10;3;7;16;22;29;30;20;36;44;42;35;48;53;55;56;58;70;69;68;71;73
BINGO CARABOBO;3965;14;2;5;8;1;25;19;24;28;27;38;37;33;43;54;52;47;49;59;74;62;65;67;66
BINGO CARABOBO;3966;12;15;11;4;13;21;23;26;17;18;39;40;45;31;57;50;51;46;60;75;64;63;72;61
BINGO CARABOBO;3967;4;13;12;7;5;28;17;25;18;26;40;42;44;34;56;48;60;53;46;64;66;62;65;72
BINGO CARABOBO;3968;10;6;2;8;11;24;16;21;20;19;35;33;38;45;47;49;51;58;57;68;75;73;71;63
BINGO CARABOBO;3969;3;9;1;14;15;30;23;27;29;22;39;32;31;43;59;54;50;55;52;74;70;61;67;69
BINGO CARABOBO;3970;15;11;7;2;1;19;26;18;24;17;40;45;41;32;48;50;49;54;56;71;68;72;63;66
BINGO CARABOBO;3971;6;10;4;13;9;21;20;25;27;29;31;43;39;38;57;53;60;51;47;64;75;67;73;74
BINGO CARABOBO;3972;12;5;3;14;8;22;23;28;30;16;42;36;33;44;59;55;52;46;58;65;61;69;62;70
BINGO CARABOBO;3973;5;12;15;13;4;17;21;22;19;28;34;40;38;31;55;57;48;56;51;61;70;63;66;72
BINGO CARABOBO;3974;3;6;10;2;14;27;26;18;23;24;37;35;42;44;54;52;49;53;46;65;69;68;74;67
BINGO CARABOBO;3975;1;8;9;11;7;20;30;16;25;29;39;32;33;45;47;59;60;50;58;75;71;73;64;62
BINGO CARABOBO;3976;3;8;6;9;10;23;30;29;28;17;35;44;37;32;46;49;53;47;54;71;74;63;62;66
BINGO CARABOBO;3977;12;4;2;13;14;25;27;18;22;19;43;36;45;34;60;55;58;50;57;73;75;67;65;69
BINGO CARABOBO;3978;7;11;15;1;5;20;24;26;21;16;40;39;42;41;59;52;48;56;51;61;70;68;64;72
BINGO CARABOBO;3979;7;13;1;12;8;20;22;24;19;21;34;42;35;43;47;46;59;52;58;67;61;66;72;63
BINGO CARABOBO;3980;6;4;3;9;2;29;25;18;17;16;36;38;37;41;53;54;51;56;57;69;70;65;74;62
BINGO CARABOBO;3981;15;5;11;10;14;27;26;23;28;30;33;40;31;45;48;50;55;49;60;71;73;68;64;75
BINGO CARABOBO;3982;6;5;9;10;14;23;25;29;17;22;34;42;39;37;59;55;58;50;49;67;69;61;64;66
BINGO CARABOBO;3983;15;1;12;4;3;27;24;19;21;28;43;40;41;31;57;60;52;51;53;74;63;65;62;70
BINGO CARABOBO;3984;2;11;8;13;7;26;18;16;20;30;45;38;33;36;54;48;47;46;56;71;68;73;75;72
BINGO CARABOBO;3985;5;14;13;15;7;28;19;27;21;18;34;37;41;42;48;57;55;56;49;65;72;66;74;73
BINGO CARABOBO;3986;9;12;10;4;8;26;20;24;22;16;43;31;35;45;51;46;50;53;58;64;62;69;68;63
BINGO CARABOBO;3987;2;3;11;1;6;29;23;30;17;25;32;40;33;39;52;54;59;47;60;70;71;67;61;75
BINGO CARABOBO;3988;4;12;14;3;6;28;23;20;22;19;39;34;43;38;58;49;50;59;55;65;75;74;71;67
BINGO CARABOBO;3989;10;5;13;2;8;26;30;29;21;18;33;32;36;37;48;57;52;47;46;61;68;64;69;63
BINGO CARABOBO;3990;7;1;9;11;15;25;17;16;27;24;45;44;42;41;54;60;53;56;51;70;66;72;73;62
BINGO CARABOBO;3991;4;2;9;8;14;19;17;21;25;29;38;41;39;37;49;57;59;48;51;67;69;62;70;74
BINGO CARABOBO;3992;6;13;15;10;12;22;27;26;23;16;44;45;33;40;56;47;58;53;46;72;63;61;68;66
BINGO CARABOBO;3993;11;3;5;7;1;20;24;28;18;30;43;42;36;34;54;55;50;52;60;75;71;65;73;64
BINGO CARABOBO;3994;13;5;3;7;12;28;27;30;21;23;32;43;37;42;47;56;55;50;57;66;65;69;74;63
BINGO CARABOBO;3995;10;4;6;15;14;18;26;17;19;22;35;39;40;34;48;54;49;52;51;67;72;73;64;71
BINGO CARABOBO;3996;1;8;11;9;2;24;25;20;29;16;44;31;45;38;58;53;60;46;59;62;68;61;70;75
BINGO CARABOBO;3997;5;2;11;9;10;30;27;20;28;22;42;41;38;43;59;51;47;50;54;65;73;75;67;69
BINGO CARABOBO;3998;4;6;1;7;12;21;18;29;19;17;34;44;40;32;53;56;46;48;55;70;64;63;72;71
BINGO CARABOBO;3999;14;8;13;15;3;16;24;25;23;26;31;39;45;33;49;57;58;52;60;74;66;62;68;61
BINGO CARABOBO;4000;13;9;7;8;10;29;18;22;21;17;43;36;40;38;50;53;52;55;58;66;64;63;73;62
BINGO CARABOBO;4001;6;15;5;2;12;28;23;19;24;26;31;39;32;33;48;56;60;57;51;65;70;71;69;68
BINGO CARABOBO;4002;11;4;14;3;1;20;27;25;30;16;37;41;35;44;47;54;49;46;59;72;74;67;61;75
BINGO CARABOBO;4003;15;13;7;9;12;25;22;23;17;26;34;39;41;43;56;57;55;58;54;63;69;65;74;61
BINGO CARABOBO;4004;5;11;2;10;3;28;18;21;24;30;42;40;36;32;60;47;52;59;53;68;75;62;67;66
BINGO CARABOBO;4005;8;1;4;14;6;19;27;20;29;16;37;38;33;31;48;49;50;46;51;73;70;71;72;64
BINGO CARABOBO;4006;8;11;4;7;2;23;25;18;21;27;39;35;42;40;47;48;59;60;54;73;69;63;71;74
BINGO CARABOBO;4007;10;15;6;14;3;30;17;19;22;29;41;38;36;37;49;51;57;55;46;64;70;62;72;65
BINGO CARABOBO;4008;1;9;5;13;12;26;20;24;16;28;44;31;45;33;56;53;50;52;58;68;75;66;61;67
BINGO CARABOBO;4009;9;8;10;4;7;17;22;16;20;26;36;43;45;31;54;59;48;57;56;72;68;67;65;73
BINGO CARABOBO;4010;12;6;13;2;3;27;25;19;21;23;33;44;32;39;52;50;58;49;53;71;62;75;64;69
BINGO CARABOBO;4011;11;14;15;1;5;24;28;30;29;18;41;38;42;34;60;46;51;47;55;61;66;70;74;63
BINGO CARABOBO;4012;2;5;8;9;15;25;21;19;22;30;37;39;36;33;48;53;49;58;51;71;62;66;69;65
BINGO CARABOBO;4013;6;12;3;10;14;28;27;17;18;24;38;42;35;34;57;46;60;52;50;70;61;75;68;72
BINGO CARABOBO;4014;11;4;7;13;1;23;29;16;20;26;45;40;41;31;56;54;55;59;47;64;73;67;74;63
BINGO CARABOBO;4015;6;10;11;9;13;26;17;29;24;20;38;41;36;42;58;46;49;48;53;75;66;68;64;74
BINGO CARABOBO;4016;3;5;8;2;15;22;27;28;30;18;32;37;35;43;56;60;50;51;54;72;71;70;61;69
BINGO CARABOBO;4017;14;4;7;1;12;19;21;23;25;16;33;31;34;40;59;55;52;47;57;73;62;65;67;63
BINGO CARABOBO;4018;12;8;9;7;15;21;22;18;19;27;35;41;32;43;60;54;58;52;55;75;68;66;62;67
BINGO CARABOBO;4019;6;3;2;13;10;30;20;26;24;16;31;34;38;42;47;49;48;56;53;70;71;65;74;69
BINGO CARABOBO;4020;1;14;5;11;4;17;25;28;23;29;37;44;45;33;50;46;51;59;57;72;63;64;61;73
BINGO CARABOBO;4021;14;9;13;3;11;19;27;24;23;22;33;34;32;45;49;51;47;60;50;70;64;66;72;74
BINGO CARABOBO;4022;12;7;5;15;4;28;26;18;25;17;39;42;40;31;57;46;48;54;55;75;63;67;71;62
BINGO CARABOBO;4023;6;2;1;8;10;29;21;16;20;30;43;38;41;35;56;59;53;58;52;73;68;65;69;61
BINGO CARABOBO;4024;12;7;11;8;10;18;21;26;16;23;32;41;43;42;59;60;50;49;46;61;69;72;62;68
BINGO CARABOBO;4025;2;9;15;13;3;20;24;29;28;22;45;36;39;34;51;52;56;53;47;67;64;71;75;66
BINGO CARABOBO;4026;1;6;4;14;5;25;17;27;19;30;33;35;40;31;54;55;57;58;48;74;65;63;70;73
BINGO CARABOBO;4027;2;11;15;3;1;24;26;17;20;18;33;38;41;37;55;50;49;48;51;62;61;67;66;72
BINGO CARABOBO;4028;7;10;8;12;9;27;25;19;21;22;45;32;39;34;57;53;58;47;56;75;65;68;70;73
BINGO CARABOBO;4029;13;5;6;14;4;30;16;28;29;23;31;43;35;44;52;59;46;54;60;63;64;71;74;69
BINGO CARABOBO;4030;5;15;8;12;7;28;30;23;24;19;34;31;44;35;55;57;49;46;53;73;64;65;61;66
BINGO CARABOBO;4031;2;9;11;6;3;25;26;27;21;17;42;43;36;40;52;58;56;48;54;63;71;62;69;74
BINGO CARABOBO;4032;1;4;10;13;14;22;18;16;29;20;33;39;37;32;47;51;50;59;60;70;68;67;75;72
BINGO CARABOBO;4033;2;3;5;14;12;25;20;30;17;23;36;44;43;40;59;58;48;52;56;65;63;72;74;61
BINGO CARABOBO;4034;15;8;11;10;4;16;26;29;19;24;41;38;35;34;49;60;47;53;51;75;64;66;67;69
BINGO CARABOBO;4035;9;7;6;1;13;27;22;21;28;18;42;37;45;32;57;46;54;50;55;73;68;62;71;70
BINGO CARABOBO;4036;11;8;2;7;5;30;29;22;16;20;37;43;41;44;55;49;52;58;60;63;62;69;66;67
BINGO CARABOBO;4037;15;10;4;12;3;26;18;21;27;19;40;31;34;35;56;50;48;51;57;65;73;68;71;70
BINGO CARABOBO;4038;6;13;9;1;14;25;23;24;17;28;36;39;33;42;59;53;54;46;47;61;74;72;64;75
BINGO CARABOBO;4039;10;14;8;9;5;22;21;28;18;17;41;33;36;40;54;53;56;49;58;68;64;62;74;65
BINGO CARABOBO;4040;6;7;12;15;4;26;20;25;30;27;35;38;31;43;52;59;60;46;55;69;63;71;67;66
BINGO CARABOBO;4041;13;3;1;2;11;16;29;19;23;24;37;39;34;32;57;48;47;51;50;73;61;72;75;70
BINGO CARABOBO;4042;11;7;9;10;5;20;24;30;17;19;38;39;41;34;58;55;52;48;49;72;71;66;61;67
BINGO CARABOBO;4043;6;3;13;12;2;23;22;29;27;18;33;36;32;43;59;53;54;50;56;63;73;65;74;62
BINGO CARABOBO;4044;8;15;14;4;1;25;28;26;21;16;31;35;42;44;46;51;47;60;57;75;68;69;70;64
BINGO CARABOBO;4045;15;12;11;1;6;28;30;26;21;23;39;40;31;35;51;58;59;52;54;66;67;72;68;63
BINGO CARABOBO;4046;9;3;13;4;8;24;22;25;17;18;33;38;36;43;57;49;56;46;50;65;64;71;74;62
BINGO CARABOBO;4047;2;10;7;5;14;19;29;16;20;27;34;42;41;45;55;48;60;47;53;70;69;73;61;75
BINGO CARABOBO;4048;8;9;4;6;12;20;28;27;18;29;43;33;31;32;59;56;54;53;60;75;63;70;66;73
BINGO CARABOBO;4049;7;3;14;13;11;23;21;26;25;19;42;38;34;37;57;49;51;55;58;64;72;69;62;65
BINGO CARABOBO;4050;10;15;2;5;1;17;30;24;16;22;45;39;35;40;52;46;48;47;50;67;71;68;74;61
BINGO CARABOBO;4051;13;9;7;10;3;29;26;18;16;27;35;40;39;31;53;55;51;58;59;70;66;65;67;69
BINGO CARABOBO;4052;12;6;14;4;5;19;22;17;20;28;44;42;32;45;47;49;48;57;50;63;62;68;74;64
BINGO CARABOBO;4053;2;11;1;15;8;24;21;23;25;30;43;34;36;38;54;60;52;46;56;71;72;73;61;75
BINGO CARABOBO;4054;11;1;14;9;5;19;26;25;18;28;44;37;34;39;57;52;54;51;47;73;74;61;72;66
BINGO CARABOBO;4055;6;12;4;8;13;20;30;16;24;21;42;32;36;38;49;53;50;55;59;69;68;64;75;71
BINGO CARABOBO;4056;15;3;2;10;7;22;23;17;27;29;33;41;45;31;46;56;60;48;58;65;70;62;63;67
BINGO CARABOBO;4057;6;10;3;2;12;19;26;21;28;20;35;37;32;34;50;55;47;48;60;73;70;75;63;72
BINGO CARABOBO;4058;14;4;7;11;5;23;25;24;29;17;42;43;33;31;57;56;54;49;58;71;67;68;64;65
BINGO CARABOBO;4059;13;1;9;8;15;22;27;18;30;16;39;36;45;44;53;52;51;46;59;69;66;61;74;62
BINGO CARABOBO;4060;10;14;9;8;7;19;21;23;30;25;41;43;35;39;55;54;51;58;56;68;63;69;65;67
BINGO CARABOBO;4061;13;12;4;6;11;18;24;27;28;17;33;42;34;36;50;57;59;49;48;74;64;62;61;71
BINGO CARABOBO;4062;15;5;1;2;3;20;22;29;26;16;38;32;31;44;47;46;53;60;52;72;75;70;73;66
BINGO CARABOBO;4063;10;13;7;12;3;29;23;26;27;25;36;33;35;32;47;54;60;48;55;74;67;73;70;69
BINGO CARABOBO;4064;5;8;11;9;2;28;21;19;22;17;42;43;44;41;50;56;52;53;57;75;63;66;71;65
BINGO CARABOBO;4065;6;15;4;14;1;20;24;30;16;18;31;39;45;34;46;51;49;59;58;68;62;61;72;64
BINGO CARABOBO;4066;7;13;14;2;8;17;22;23;16;29;39;34;40;41;49;47;54;57;48;74;72;73;75;67
BINGO CARABOBO;4067;3;5;6;9;10;21;27;25;20;30;33;36;31;43;58;50;51;52;55;61;65;68;66;62
BINGO CARABOBO;4068;15;1;4;12;11;18;24;28;19;26;37;44;35;42;59;46;53;56;60;71;63;70;64;69
BINGO CARABOBO;4069;2;6;10;14;13;23;29;26;30;19;35;40;39;38;56;48;50;52;58;71;70;72;67;65
BINGO CARABOBO;4070;4;3;5;15;8;27;25;22;21;17;37;44;33;31;54;47;53;49;51;68;62;73;66;63
BINGO CARABOBO;4071;1;11;9;7;12;20;24;18;28;16;34;41;45;32;55;57;46;60;59;64;69;74;61;75
BINGO CARABOBO;4072;4;14;12;9;2;19;23;18;25;20;43;42;33;37;59;56;51;54;53;66;64;71;69;67
BINGO CARABOBO;4073;13;10;7;8;5;22;24;17;21;16;40;39;31;34;52;48;60;57;46;62;74;75;65;72
BINGO CARABOBO;4074;6;3;15;1;11;28;27;30;26;29;38;45;41;36;50;58;55;47;49;73;63;68;61;70
BINGO CARABOBO;4075;11;15;7;13;14;21;28;19;26;29;40;35;42;45;50;51;48;52;53;68;67;63;66;74
BINGO CARABOBO;4076;6;2;8;4;5;25;16;22;24;18;39;34;38;36;47;57;60;58;55;75;69;71;73;64
BINGO CARABOBO;4077;12;3;9;10;1;30;17;23;20;27;43;31;32;44;49;54;56;46;59;65;61;70;72;62
BINGO CARABOBO;4078;14;2;15;6;3;21;27;25;23;24;41;43;34;40;51;57;54;52;56;68;74;69;73;70
BINGO CARABOBO;4079;9;5;8;11;10;18;20;19;26;17;39;32;37;33;59;53;55;48;49;67;62;65;64;72
BINGO CARABOBO;4080;12;1;13;4;7;30;28;29;22;16;42;35;38;31;50;58;60;47;46;66;71;75;63;61
BINGO CARABOBO;4081;14;11;4;5;8;26;27;25;28;22;37;32;41;38;47;51;56;50;57;74;61;62;66;67
BINGO CARABOBO;4082;15;9;2;7;3;21;23;18;29;16;34;31;35;42;53;48;55;52;54;64;71;70;65;68
BINGO CARABOBO;4083;6;12;10;1;13;20;19;24;17;30;39;40;33;45;49;59;58;46;60;69;73;63;72;75
BINGO CARABOBO;4084;4;5;15;10;12;22;24;21;29;26;36;44;33;39;47;46;54;59;52;75;62;70;63;65
BINGO CARABOBO;4085;6;7;8;2;1;23;18;16;17;25;41;34;32;45;51;50;55;58;49;68;66;73;67;69
BINGO CARABOBO;4086;9;14;3;11;13;19;27;28;30;20;31;38;42;37;56;53;48;60;57;64;74;71;72;61
BINGO CARABOBO;4087;13;2;3;8;4;23;27;19;30;18;33;41;42;34;51;52;59;57;49;72;68;70;73;63
BINGO CARABOBO;4088;5;15;10;6;14;25;26;20;22;28;43;36;35;38;53;47;50;56;58;71;69;61;74;65
BINGO CARABOBO;4089;11;7;9;12;1;17;24;21;16;29;37;40;32;39;48;55;54;60;46;64;67;66;75;62
BINGO CARABOBO;4090;9;7;13;10;12;19;28;21;26;29;32;38;44;43;55;53;56;54;57;70;64;74;68;67
BINGO CARABOBO;4091;2;4;14;6;3;18;20;17;24;23;40;33;35;37;60;58;59;50;47;73;63;61;72;65
BINGO CARABOBO;4092;5;11;1;8;15;30;25;27;22;16;36;42;34;45;51;48;49;46;52;69;62;66;75;71
BINGO CARABOBO;4093;9;1;6;11;4;21;28;30;27;22;42;33;44;38;51;52;53;50;54;64;69;66;61;63
BINGO CARABOBO;4094;12;7;8;10;3;23;25;24;26;29;40;41;43;34;57;55;48;47;49;71;70;65;74;67
BINGO CARABOBO;4095;5;13;14;2;15;17;16;19;18;20;45;31;35;36;59;56;58;60;46;75;73;68;72;62
BINGO CARABOBO;4096;3;8;7;9;14;27;21;22;29;19;32;41;43;40;58;60;56;54;51;68;61;69;72;71
BINGO CARABOBO;4097;5;2;4;10;13;23;25;20;16;18;42;39;34;36;55;48;49;53;57;62;73;70;66;74
BINGO CARABOBO;4098;1;11;6;12;15;24;26;28;30;17;35;33;37;31;46;52;59;50;47;67;65;75;63;64
BINGO CARABOBO;4099;9;10;6;13;12;17;20;24;26;28;33;44;32;43;56;48;57;50;54;64;61;67;68;73
BINGO CARABOBO;4100;4;5;2;3;11;18;27;25;30;23;41;31;42;45;58;53;52;51;59;74;62;70;65;72
BINGO CARABOBO;4101;14;8;1;7;15;29;21;16;22;19;38;37;35;34;55;47;60;46;49;63;66;69;75;71
BINGO CARABOBO;4102;1;10;8;9;11;19;26;20;29;24;40;33;32;37;48;49;55;57;56;75;66;71;70;67
BINGO CARABOBO;4103;12;5;4;7;2;22;21;27;23;18;31;39;38;43;59;60;50;54;53;62;65;64;68;63
BINGO CARABOBO;4104;13;6;14;15;3;28;30;17;25;16;41;42;45;34;51;52;47;46;58;74;72;73;69;61
BINGO CARABOBO;4105;15;5;7;8;4;27;19;23;20;16;34;32;37;44;58;47;54;55;50;74;62;70;73;72
BINGO CARABOBO;4106;2;9;6;11;3;25;17;18;21;29;36;42;39;35;57;59;52;49;60;69;71;75;67;64
BINGO CARABOBO;4107;10;13;1;12;14;22;30;28;24;26;43;45;31;41;48;51;46;53;56;65;63;61;68;66
BINGO CARABOBO;4108;5;14;1;6;2;24;22;30;21;26;45;33;43;36;54;58;60;55;50;62;64;72;69;68
BINGO CARABOBO;4109;11;15;9;8;3;23;29;25;17;27;34;42;37;38;52;57;48;49;56;66;63;70;73;67
BINGO CARABOBO;4110;7;12;4;10;13;16;18;19;20;28;31;35;44;39;51;53;47;59;46;65;61;71;75;74
BINGO CARABOBO;4111;9;4;3;12;6;18;17;22;27;26;34;32;40;39;51;48;56;50;59;63;73;67;74;62
BINGO CARABOBO;4112;11;14;10;8;7;20;21;24;29;16;38;43;35;37;54;53;55;60;57;68;64;69;65;66
BINGO CARABOBO;4113;15;13;2;5;1;25;30;23;28;19;41;31;33;44;47;49;52;46;58;70;61;71;75;72
BINGO CARABOBO;4114;5;11;3;10;13;27;18;25;30;28;43;42;34;36;48;51;57;60;56;72;61;74;65;66
BINGO CARABOBO;4115;12;1;2;7;8;24;20;17;19;16;32;40;41;31;53;47;54;50;59;64;70;63;62;75
BINGO CARABOBO;4116;6;14;9;15;4;22;29;26;23;21;39;38;44;37;52;58;49;55;46;68;71;73;67;69
BINGO CARABOBO;4117;14;13;11;6;7;24;26;28;21;25;41;37;32;35;57;50;54;48;56;67;72;74;73;62
BINGO CARABOBO;4118;2;9;10;12;8;23;17;18;20;19;36;44;40;42;59;58;47;55;51;69;66;75;71;65
BINGO CARABOBO;4119;3;4;5;1;15;27;30;22;16;29;39;43;38;33;52;53;60;49;46;68;61;64;63;70
BINGO CARABOBO;4120;11;12;10;13;2;30;23;24;19;16;39;43;42;35;57;53;51;55;46;73;69;66;65;63
BINGO CARABOBO;4121;4;6;14;5;7;22;20;18;25;29;44;33;34;32;48;54;56;58;49;64;67;68;62;75
BINGO CARABOBO;4122;9;3;8;15;1;26;27;21;28;17;31;41;45;37;59;50;60;47;52;61;72;71;74;70
BINGO CARABOBO;4123;8;9;7;15;6;25;22;18;20;27;40;38;45;36;50;55;60;52;57;72;68;67;73;74
BINGO CARABOBO;4124;13;10;5;3;12;29;19;28;17;30;37;41;42;32;54;51;47;49;53;61;71;64;69;66
BINGO CARABOBO;4125;11;2;14;4;1;16;24;23;21;26;35;44;33;34;48;56;46;58;59;63;75;62;65;70
BINGO CARABOBO;4126;2;13;3;8;12;22;23;27;25;16;42;44;35;43;58;50;53;55;49;67;68;73;66;70
BINGO CARABOBO;4127;9;5;4;10;11;30;21;28;19;18;45;38;33;34;54;52;59;60;57;74;72;65;71;69
BINGO CARABOBO;4128;1;14;6;15;7;20;24;26;29;17;37;40;39;32;48;56;46;47;51;64;62;63;75;61
BINGO CARABOBO;4129;3;13;6;11;4;21;27;17;19;22;41;40;39;43;58;51;60;46;55;66;69;73;65;72
BINGO CARABOBO;4130;10;15;12;2;7;24;30;28;29;16;36;38;37;32;52;54;50;49;56;64;74;63;68;62
BINGO CARABOBO;4131;14;8;1;5;9;25;23;18;20;26;33;44;31;45;57;53;48;47;59;67;61;71;70;75
BINGO CARABOBO;4132;3;6;9;8;12;21;26;28;24;19;43;44;42;36;46;47;57;54;49;70;75;74;65;71
BINGO CARABOBO;4133;15;2;7;13;1;18;20;22;23;16;41;38;33;45;55;58;50;56;48;64;67;73;62;63
BINGO CARABOBO;4134;10;11;4;14;5;27;29;17;30;25;40;37;39;32;52;53;60;59;51;68;61;66;69;72
BINGO CARABOBO;4135;14;8;12;3;4;27;21;25;26;16;40;41;33;38;57;58;50;53;56;62;72;63;69;67
BINGO CARABOBO;4136;9;7;5;13;2;18;19;17;24;29;43;37;44;34;47;48;54;60;51;61;65;73;64;68
BINGO CARABOBO;4137;6;10;11;1;15;28;22;20;23;30;36;42;39;31;49;52;55;46;59;71;70;75;74;66
BINGO CARABOBO;4138;8;10;3;5;7;27;21;23;29;22;36;42;43;33;51;55;59;48;52;62;65;63;64;67
BINGO CARABOBO;4139;15;4;6;12;13;24;28;26;19;25;40;34;35;44;53;56;47;46;57;68;75;66;70;72
BINGO CARABOBO;4140;11;9;1;2;14;17;18;20;30;16;39;45;41;31;58;54;50;49;60;69;71;73;61;74
BINGO CARABOBO;4141;10;3;12;14;13;29;23;26;28;22;43;38;44;42;50;53;58;60;56;69;74;61;63;65
BINGO CARABOBO;4142;7;5;11;8;6;27;20;16;19;24;32;35;40;45;51;49;48;52;54;71;66;68;64;62
BINGO CARABOBO;4143;9;15;1;2;4;18;21;17;25;30;31;33;34;37;47;57;59;46;55;73;70;67;75;72
BINGO CARABOBO;4144;6;3;2;14;11;26;25;16;30;21;41;39;38;44;53;55;49;52;54;73;66;68;72;61
BINGO CARABOBO;4145;5;10;13;9;7;28;20;17;29;19;35;42;45;37;58;59;60;56;51;67;71;65;63;70
BINGO CARABOBO;4146;12;4;8;1;15;22;24;18;23;27;40;36;43;31;47;57;48;46;50;75;74;64;62;69
BINGO CARABOBO;4147;13;15;1;8;11;20;21;17;22;27;34;42;36;38;53;49;58;52;59;68;62;67;70;63
BINGO CARABOBO;4148;9;2;14;6;12;26;19;23;30;24;40;33;37;43;51;57;47;46;56;69;75;66;72;71
BINGO CARABOBO;4149;5;4;3;7;10;25;28;18;16;29;45;41;31;32;48;55;54;50;60;74;65;61;73;64
BINGO CARABOBO;4150;12;10;14;4;8;18;29;24;23;22;35;32;34;43;56;57;50;52;55;63;70;66;69;71
BINGO CARABOBO;4151;11;9;1;6;3;17;19;28;16;21;42;45;33;44;53;60;51;54;59;72;74;62;73;64
BINGO CARABOBO;4152;13;7;5;15;2;26;20;25;27;30;38;31;40;36;47;58;49;48;46;65;67;75;68;61
BINGO CARABOBO;4153;2;12;14;5;15;21;17;30;16;19;37;40;32;44;51;50;48;47;46;72;68;66;75;64
BINGO CARABOBO;4154;10;6;4;7;8;29;24;18;26;23;41;35;43;34;55;60;54;56;57;70;62;67;69;63
BINGO CARABOBO;4155;9;3;1;11;13;22;20;27;25;28;42;36;38;31;58;53;49;59;52;73;74;65;61;71
BINGO CARABOBO;4156;3;9;11;5;8;30;21;23;24;27;43;38;41;34;55;52;59;54;58;67;66;68;69;75
BINGO CARABOBO;4157;10;14;15;1;12;17;22;26;20;19;37;40;44;35;49;48;57;60;51;62;64;73;63;65
BINGO CARABOBO;4158;6;7;4;2;13;28;18;16;29;25;39;32;36;42;56;46;50;47;53;71;72;70;61;74
BINGO CARABOBO;4159;11;8;4;15;1;17;21;19;25;18;32;35;39;42;48;51;47;57;56;70;71;68;62;69
BINGO CARABOBO;4160;7;9;10;13;12;20;26;30;24;28;40;43;45;36;55;50;52;46;53;73;72;65;63;67
BINGO CARABOBO;4161;5;6;3;2;14;27;16;29;22;23;33;44;37;31;58;60;54;49;59;66;64;74;75;61
BINGO CARABOBO;4162;7;4;5;13;14;21;22;28;24;25;39;44;40;31;54;47;58;49;51;63;67;64;73;72
BINGO CARABOBO;4163;11;3;10;6;12;26;23;29;17;18;42;37;32;35;52;57;48;59;53;69;66;74;65;70
BINGO CARABOBO;4164;2;8;1;9;15;27;20;30;16;19;34;41;43;36;46;50;55;60;56;75;68;71;62;61
BINGO CARABOBO;4165;5;2;1;15;7;21;24;27;25;18;33;44;43;37;56;57;48;55;58;65;70;66;69;61
BINGO CARABOBO;4166;6;12;4;11;13;23;30;19;28;22;40;39;34;36;47;51;54;46;59;71;73;75;64;63
BINGO CARABOBO;4167;10;14;3;9;8;20;29;16;17;26;35;41;38;31;52;53;49;50;60;67;72;62;74;68
BINGO CARABOBO;4168;4;9;13;5;1;24;27;26;28;29;33;37;31;42;54;57;60;52;59;66;69;71;70;74
BINGO CARABOBO;4169;6;12;10;3;7;19;21;23;17;20;43;34;44;32;51;46;50;58;49;63;67;72;68;73
BINGO CARABOBO;4170;11;15;14;2;8;16;22;25;18;30;39;38;45;35;55;53;48;47;56;62;61;65;75;64
BINGO CARABOBO;4171;14;6;9;7;1;17;23;24;21;28;41;35;34;42;60;55;53;47;57;61;69;74;68;71
BINGO CARABOBO;4172;8;10;5;12;4;22;16;30;26;20;44;36;32;43;52;54;51;58;48;70;72;66;63;64
BINGO CARABOBO;4173;11;13;3;15;2;27;25;19;29;18;39;31;37;45;49;56;50;59;46;65;62;73;67;75
BINGO CARABOBO;4174;1;10;4;14;5;21;18;24;27;22;43;36;33;39;50;51;58;46;59;62;64;74;72;73
BINGO CARABOBO;4175;3;6;15;9;2;29;25;20;30;19;44;41;40;34;53;52;56;48;55;67;65;66;70;71
BINGO CARABOBO;4176;12;8;11;7;13;26;16;23;28;17;37;38;45;31;54;49;60;47;57;69;68;61;63;75
BINGO CARABOBO;4177;13;2;3;9;4;30;25;16;27;28;36;39;33;40;49;58;46;48;50;70;63;68;66;61
BINGO CARABOBO;4178;6;10;12;5;8;20;29;18;17;21;37;41;45;32;52;56;59;60;47;62;65;71;64;73
BINGO CARABOBO;4179;7;15;1;11;14;22;24;19;26;23;34;42;38;43;53;54;55;57;51;75;74;69;72;67
BINGO CARABOBO;4180;7;14;2;6;13;30;25;28;17;29;41;43;37;42;51;49;46;48;60;67;63;62;74;73
BINGO CARABOBO;4181;5;9;15;4;11;19;18;22;23;26;35;36;33;39;54;47;57;56;52;68;70;75;66;71
BINGO CARABOBO;4182;3;10;8;12;1;16;24;21;20;27;32;40;45;31;50;58;55;53;59;65;72;64;69;61
BINGO CARABOBO;4183;6;5;11;10;7;25;19;28;18;27;33;36;38;32;57;49;47;51;54;69;71;64;61;75
BINGO CARABOBO;4184;1;4;15;13;2;29;26;16;24;21;31;35;45;42;50;52;60;56;53;73;65;62;68;74
BINGO CARABOBO;4185;9;8;14;12;3;22;20;23;30;17;39;43;41;34;58;59;48;55;46;67;70;66;72;63
BINGO CARABOBO;4186;2;9;10;6;8;17;25;26;22;20;33;43;40;31;59;52;47;53;49;69;67;71;65;70
BINGO CARABOBO;4187;7;1;5;13;3;23;18;24;21;28;38;42;34;37;51;57;50;55;54;61;74;62;68;66
BINGO CARABOBO;4188;12;11;4;15;14;16;19;30;27;29;44;36;41;32;58;56;46;60;48;63;64;73;72;75
BINGO CARABOBO;4189;7;4;14;2;5;18;30;23;27;25;37;38;34;39;57;58;52;55;56;68;63;65;71;74
BINGO CARABOBO;4190;3;1;11;12;13;20;24;22;16;26;41;44;45;33;54;46;50;53;59;70;64;66;67;62
BINGO CARABOBO;4191;9;10;8;6;15;28;17;29;21;19;42;40;35;32;60;47;49;48;51;69;61;72;73;75
BINGO CARABOBO;4192;4;3;2;13;14;17;21;29;16;27;33;32;44;42;53;47;56;50;52;74;71;73;62;68
BINGO CARABOBO;4193;11;6;12;10;9;26;22;24;28;19;36;31;38;35;46;49;55;58;57;65;70;69;72;67
BINGO CARABOBO;4194;7;1;8;5;15;25;20;30;18;23;41;45;34;39;48;51;54;59;60;63;66;64;61;75
BINGO CARABOBO;4195;4;10;8;6;11;18;29;30;16;26;40;44;36;39;49;50;57;59;54;70;65;61;71;73
BINGO CARABOBO;4196;5;2;3;14;12;19;28;21;22;25;42;38;37;43;53;55;48;52;56;64;72;74;63;75
BINGO CARABOBO;4197;7;13;15;1;9;20;24;27;23;17;32;41;31;45;58;60;46;51;47;66;68;67;62;69
BINGO CARABOBO;4198;2;4;11;6;12;29;17;16;21;25;45;33;38;41;52;54;50;59;48;69;61;63;71;73
BINGO CARABOBO;4199;8;9;10;1;5;28;20;24;27;19;35;36;42;31;46;51;60;58;56;62;65;70;66;72
BINGO CARABOBO;4200;7;14;13;15;3;22;26;30;18;23;34;40;39;44;49;53;55;57;47;75;67;64;68;74
BINGO CARABOBO;4201;14;10;3;12;11;19;20;23;25;29;38;31;35;34;53;57;52;49;50;65;61;75;72;66
BINGO CARABOBO;4202;15;9;2;6;8;17;28;24;22;26;36;33;37;43;46;48;56;59;47;67;71;74;63;64
BINGO CARABOBO;4203;13;1;4;7;5;21;27;18;16;30;42;39;44;32;54;58;51;60;55;68;69;62;70;73
BINGO CARABOBO;4204;9;12;4;14;1;18;28;26;29;16;45;41;44;38;52;57;53;55;48;66;67;72;63;64
BINGO CARABOBO;4205;6;15;3;8;10;23;20;24;25;27;42;32;37;36;59;51;49;56;54;74;62;61;71;75
BINGO CARABOBO;4206;7;2;5;11;13;22;17;21;19;30;34;40;43;35;47;58;46;50;60;68;70;65;69;73
BINGO CARABOBO;4207;13;15;2;1;5;22;27;24;20;30;44;36;43;39;55;48;60;58;49;62;64;67;65;73
BINGO CARABOBO;4208;12;10;11;7;9;16;23;17;19;29;45;38;33;34;53;57;50;46;51;75;61;63;68;71
BINGO CARABOBO;4209;4;8;6;14;3;21;26;28;25;18;37;32;41;31;54;52;59;56;47;69;70;74;66;72
BINGO CARABOBO;4210;9;10;11;8;2;19;23;20;21;28;36;42;44;39;47;56;55;51;53;66;72;64;65;62
BINGO CARABOBO;4211;5;4;15;3;6;25;27;18;29;22;35;38;41;45;59;46;52;48;60;74;75;71;67;73
BINGO CARABOBO;4212;13;7;12;14;1;26;17;24;16;30;32;33;43;31;58;50;54;49;57;68;69;61;70;63
BINGO CARABOBO;4213;9;6;12;14;10;21;25;22;20;28;44;45;39;41;52;54;49;47;58;67;65;71;62;64
BINGO CARABOBO;4214;8;4;15;5;7;18;17;26;23;27;35;38;37;42;53;59;56;46;50;61;68;72;66;69
BINGO CARABOBO;4215;13;3;11;2;1;29;24;30;16;19;31;43;32;40;51;48;57;55;60;75;73;63;74;70
BINGO CARABOBO;4216;5;14;12;8;9;18;22;24;27;19;33;42;31;45;54;47;51;49;60;75;68;64;65;72
BINGO CARABOBO;4217;2;13;11;10;3;20;23;28;26;17;34;37;38;43;55;56;53;48;50;74;66;61;63;70
BINGO CARABOBO;4218;1;7;6;4;15;21;29;16;25;30;36;39;41;32;57;58;46;52;59;67;69;71;73;62
BINGO CARABOBO;4219;10;2;8;14;13;22;28;29;18;27;35;40;43;38;53;49;54;60;47;63;62;68;65;71
BINGO CARABOBO;4220;3;7;12;5;1;23;25;26;24;20;32;37;31;41;55;57;59;51;58;67;70;75;73;64
BINGO CARABOBO;4221;6;9;4;15;11;17;19;21;16;30;36;44;39;45;50;46;56;48;52;69;66;72;61;74
BINGO CARABOBO;4222;3;2;10;12;6;29;17;22;28;27;35;33;37;40;53;58;47;59;57;70;62;63;67;73
BINGO CARABOBO;4223;8;14;1;13;7;19;18;20;16;21;34;43;41;45;55;48;52;46;56;68;75;64;72;71
BINGO CARABOBO;4224;15;11;9;4;5;25;24;23;26;30;36;38;32;42;60;49;50;51;54;65;66;69;74;61
BINGO CARABOBO;4225;2;3;9;5;4;19;29;28;25;18;39;44;43;38;49;48;53;54;58;62;73;68;71;70
BINGO CARABOBO;4226;13;8;15;11;1;30;24;17;21;27;40;33;45;41;50;51;55;57;47;72;74;66;63;65
BINGO CARABOBO;4227;7;12;10;6;14;22;20;16;26;23;36;35;42;34;59;60;52;56;46;75;64;61;69;67
BINGO CARABOBO;4228;11;9;2;6;5;19;16;24;30;29;40;32;31;44;55;49;56;58;60;71;70;62;64;65
BINGO CARABOBO;4229;15;10;12;8;3;23;18;20;27;26;42;33;35;39;54;53;59;57;46;69;63;68;67;75
BINGO CARABOBO;4230;4;13;14;1;7;22;28;17;21;25;37;41;43;36;47;51;50;52;48;73;72;66;74;61
BINGO CARABOBO;4231;9;8;4;5;13;19;16;29;21;28;34;41;33;36;54;56;58;48;55;68;74;71;67;73
BINGO CARABOBO;4232;14;6;10;12;3;23;18;22;25;24;44;31;42;37;57;47;59;60;52;62;70;72;65;63
BINGO CARABOBO;4233;11;2;15;1;7;27;17;26;20;30;35;40;43;45;49;53;50;46;51;69;66;61;75;64
BINGO CARABOBO;4234;15;7;11;2;13;24;25;16;18;21;38;39;41;35;52;47;57;55;51;71;61;66;75;73
BINGO CARABOBO;4235;10;8;6;5;14;28;30;23;27;22;33;34;36;31;53;49;46;54;58;68;69;63;74;72
BINGO CARABOBO;4236;9;12;1;4;3;20;29;17;19;26;37;42;32;45;50;56;48;60;59;67;64;62;70;65
BINGO CARABOBO;4237;13;15;14;3;4;30;27;29;23;25;37;39;44;33;50;46;57;52;58;68;67;74;65;73
BINGO CARABOBO;4238;8;1;2;7;9;26;24;22;17;16;32;42;40;35;56;51;47;53;59;71;63;66;72;61
BINGO CARABOBO;4239;6;10;12;5;11;19;28;18;20;21;45;31;43;34;60;49;55;48;54;69;64;70;75;62
BINGO CARABOBO;4240;8;9;3;10;12;27;17;24;29;30;40;44;38;42;57;50;53;51;47;73;63;64;62;70
BINGO CARABOBO;4241;14;4;13;15;1;18;16;22;26;23;35;34;32;36;58;49;60;48;56;71;67;68;74;61
BINGO CARABOBO;4242;2;5;7;11;6;21;19;20;25;28;41;33;31;37;55;46;54;59;52;72;69;66;65;75
BINGO CARABOBO;4243;1;12;13;8;14;25;22;28;26;21;44;38;37;40;58;52;53;59;46;67;66;68;69;71
BINGO CARABOBO;4244;6;7;10;5;9;27;16;24;23;20;36;35;42;41;49;55;50;57;48;63;62;65;74;70
BINGO CARABOBO;4245;4;3;15;2;11;19;17;18;29;30;31;43;45;33;56;54;60;47;51;73;61;64;72;75
BINGO CARABOBO;4246;8;2;11;7;6;20;26;30;19;28;45;38;37;43;48;58;51;47;56;75;62;71;68;63
BINGO CARABOBO;4247;3;12;9;4;10;21;16;18;22;29;42;33;34;36;60;59;55;46;54;67;65;74;70;72
BINGO CARABOBO;4248;13;5;1;15;14;27;24;17;23;25;39;41;35;44;53;52;50;57;49;64;69;73;61;66
BINGO CARABOBO;4249;2;7;4;14;9;30;20;21;27;18;44;38;34;33;59;54;57;56;53;71;63;67;74;69
BINGO CARABOBO;4250;13;6;15;10;1;24;22;19;25;28;36;40;45;31;55;58;51;47;49;73;65;66;75;61
BINGO CARABOBO;4251;11;8;5;12;3;17;26;23;29;16;32;37;43;42;48;46;60;52;50;68;72;64;70;62
BINGO CARABOBO;4252;12;5;13;9;7;17;18;21;22;20;42;37;35;38;47;56;46;53;50;70;75;66;73;63
BINGO CARABOBO;4253;11;8;1;10;15;19;23;28;29;24;43;36;41;39;49;54;57;52;55;68;64;65;62;71
BINGO CARABOBO;4254;2;3;4;14;6;26;25;30;27;16;40;32;31;44;48;51;59;60;58;69;74;61;67;72
BINGO CARABOBO;4255;14;3;9;10;2;30;24;23;22;21;37;44;40;35;57;51;58;54;59;71;63;67;69;68
BINGO CARABOBO;4256;4;6;7;13;11;18;28;26;29;20;34;33;38;36;52;60;53;55;48;73;74;62;66;70
BINGO CARABOBO;4257;12;5;8;1;15;16;17;25;19;27;42;43;31;45;46;47;56;49;50;72;75;65;61;64
BINGO CARABOBO;4258;3;4;9;8;5;20;25;27;28;24;34;40;39;36;53;51;58;56;48;68;66;75;62;71
BINGO CARABOBO;4259;14;2;6;1;10;17;22;19;21;16;44;35;45;38;55;47;46;60;50;63;72;73;69;65
BINGO CARABOBO;4260;15;12;13;11;7;29;18;26;30;23;42;33;41;31;49;54;59;57;52;67;70;64;74;61
BINGO CARABOBO;4261;12;15;8;5;6;27;21;22;26;25;45;35;36;39;53;55;56;59;50;67;66;69;64;68
BINGO CARABOBO;4262;11;10;13;9;2;19;24;17;18;29;38;42;32;41;48;58;57;51;47;71;74;65;63;73
BINGO CARABOBO;4263;4;3;1;14;7;20;23;30;28;16;34;37;44;31;52;54;49;46;60;61;62;75;72;70
BINGO CARABOBO;4264;10;9;5;2;8;25;18;24;20;28;40;38;33;34;55;53;48;46;49;72;74;66;75;62
BINGO CARABOBO;4265;6;4;11;13;7;17;19;30;27;26;39;35;44;36;50;51;56;54;57;70;69;67;73;68
BINGO CARABOBO;4266;15;12;3;1;14;21;16;23;22;29;31;41;42;45;47;59;58;60;52;65;71;61;64;63
BINGO CARABOBO;4267;7;3;11;4;8;24;17;23;25;26;44;34;42;39;47;49;53;54;48;67;71;62;66;70
BINGO CARABOBO;4268;12;6;5;15;2;22;29;28;18;21;37;33;35;38;60;52;57;56;51;65;74;68;64;75
BINGO CARABOBO;4269;10;9;13;1;14;27;30;16;20;19;41;32;43;45;59;46;55;50;58;69;73;63;72;61
BINGO CARABOBO;4270;2;6;4;3;1;23;30;22;16;18;34;40;36;41;55;47;56;57;46;68;75;65;73;66
BINGO CARABOBO;4271;10;15;9;8;7;27;19;21;25;20;39;45;33;38;60;53;59;51;58;70;67;72;64;71
BINGO CARABOBO;4272;12;13;5;14;11;28;17;24;26;29;32;37;44;42;50;52;54;49;48;63;69;74;62;61
BINGO CARABOBO;4273;15;4;14;1;5;26;27;25;29;22;36;45;39;35;55;60;52;58;56;72;74;71;61;66
BINGO CARABOBO;4274;10;9;3;6;12;24;28;18;23;21;41;38;42;44;49;53;57;51;50;67;73;75;63;68
BINGO CARABOBO;4275;11;7;8;2;13;19;17;20;16;30;34;33;32;31;48;47;54;59;46;69;64;65;62;70
BINGO CARABOBO;4276;13;15;10;6;5;20;22;19;27;21;33;43;34;40;46;47;54;59;52;64;69;74;65;71
BINGO CARABOBO;4277;4;7;9;2;1;29;25;24;18;28;44;32;35;45;55;53;57;48;51;70;66;61;67;63
BINGO CARABOBO;4278;3;12;8;14;11;16;30;17;23;26;31;36;38;37;58;56;50;60;49;68;72;73;62;75
BINGO CARABOBO;4279;11;1;2;7;9;19;23;24;29;18;33;41;42;34;59;48;55;53;47;61;69;71;73;66
BINGO CARABOBO;4280;10;15;6;13;8;30;26;20;25;27;32;39;38;37;52;49;54;50;56;70;68;67;72;65
BINGO CARABOBO;4281;4;3;5;14;12;17;21;28;22;16;43;35;45;36;46;58;60;57;51;64;62;74;63;75
BINGO CARABOBO;4282;10;11;2;9;13;18;27;21;25;17;33;38;39;40;52;51;53;50;49;72;65;74;67;62
BINGO CARABOBO;4283;1;7;4;8;5;20;23;24;28;22;42;32;43;41;60;47;54;57;48;73;66;63;75;64
BINGO CARABOBO;4284;6;14;3;12;15;30;26;29;19;16;35;37;34;44;55;58;56;46;59;69;61;68;71;70
BINGO CARABOBO;4285;10;14;3;11;2;26;23;25;22;28;34;39;38;33;60;47;48;59;53;73;72;69;66;74
BINGO CARABOBO;4286;12;9;4;6;7;17;18;27;24;29;32;35;37;45;46;56;52;51;50;65;68;75;67;71
BINGO CARABOBO;4287;8;5;13;15;1;20;16;21;19;30;44;31;40;43;55;54;49;57;58;64;62;70;63;61
BINGO CARABOBO;4288;8;13;12;5;10;23;17;22;28;19;38;33;36;42;54;56;60;48;53;66;73;65;70;68
BINGO CARABOBO;4289;3;9;7;14;4;25;24;20;26;27;43;44;41;31;58;52;50;51;59;74;64;72;62;71
BINGO CARABOBO;4290;11;1;2;6;15;29;21;30;18;16;45;35;39;32;57;49;46;47;55;67;69;75;61;63
BINGO CARABOBO;4291;1;12;13;6;5;18;21;28;16;27;36;39;45;38;52;59;54;50;56;68;72;62;66;70
BINGO CARABOBO;4292;15;8;4;11;7;23;26;25;29;30;41;44;35;37;57;48;53;51;58;71;74;64;73;65
BINGO CARABOBO;4293;10;9;3;14;2;17;24;20;22;19;33;32;42;31;49;46;55;60;47;67;63;69;75;61
BINGO CARABOBO;4294;13;2;1;3;5;26;19;28;18;20;35;43;36;44;60;55;48;50;57;67;70;75;63;74
BINGO CARABOBO;4295;6;14;4;12;7;29;24;17;30;25;34;42;40;39;46;52;53;58;59;62;64;68;66;71
BINGO CARABOBO;4296;11;10;15;9;8;16;22;27;23;21;33;37;45;41;49;54;56;47;51;65;69;73;61;72
BINGO CARABOBO;4297;11;6;7;9;14;17;26;27;23;20;38;36;31;39;52;50;59;49;55;64;67;75;65;66
BINGO CARABOBO;4298;4;15;8;3;2;29;19;24;28;22;44;37;40;42;46;54;51;48;56;70;71;69;63;73
BINGO CARABOBO;4299;1;12;10;5;13;25;16;18;30;21;34;43;33;35;57;53;58;60;47;62;61;74;68;72
BINGO CARABOBO;4300;14;7;9;13;10;18;28;21;27;17;33;40;39;31;47;48;51;56;59;70;66;62;63;69
BINGO CARABOBO;4301;1;5;3;12;6;30;22;20;26;24;45;41;34;42;60;54;57;55;49;72;73;75;74;67
BINGO CARABOBO;4302;15;11;4;2;8;29;25;23;19;16;43;44;36;32;53;58;50;46;52;71;64;65;68;61
BINGO CARABOBO;4303;4;12;11;5;2;26;25;29;19;23;43;40;34;36;49;47;55;50;58;72;73;65;68;71
BINGO CARABOBO;4304;8;1;10;13;9;27;24;16;21;20;33;38;37;41;57;53;51;48;46;64;70;74;63;69
BINGO CARABOBO;4305;3;14;6;7;15;22;28;17;18;30;42;31;44;45;59;52;56;54;60;61;67;66;75;62
BINGO CARABOBO;4306;4;11;14;2;5;23;26;27;18;21;35;32;39;40;54;57;52;53;49;66;65;63;71;69
BINGO CARABOBO;4307;6;9;12;13;3;19;28;25;29;24;42;33;36;31;47;56;46;51;50;75;64;72;73;70
BINGO CARABOBO;4308;7;10;1;15;8;30;20;17;16;22;45;41;44;38;59;48;60;55;58;61;62;68;74;67
BINGO CARABOBO;4309;4;8;11;13;2;22;20;16;26;19;33;39;36;40;46;57;59;52;58;74;65;70;61;64
BINGO CARABOBO;4310;9;15;5;6;12;21;25;27;28;24;42;32;35;45;48;49;53;51;55;72;69;63;67;75
BINGO CARABOBO;4311;7;10;3;14;1;17;23;18;30;29;41;44;31;43;47;56;54;50;60;66;68;71;62;73
BINGO CARABOBO;4312;12;11;13;14;5;24;22;18;21;23;43;33;34;41;56;58;57;52;59;70;72;69;64;63
BINGO CARABOBO;4313;7;8;6;3;4;29;25;26;28;27;35;32;36;38;48;50;51;54;47;65;66;68;62;67
BINGO CARABOBO;4314;10;15;9;2;1;19;20;30;17;16;37;44;45;31;46;55;53;49;60;75;71;74;73;61
BINGO CARABOBO;4315;2;11;9;3;12;22;20;19;28;17;39;38;34;37;53;58;52;48;55;63;71;67;73;74
BINGO CARABOBO;4316;6;5;13;8;1;29;23;27;24;21;42;41;32;33;57;54;49;59;56;68;65;72;66;62
BINGO CARABOBO;4317;14;10;15;4;7;26;18;16;25;30;35;36;31;43;51;60;47;50;46;70;64;61;75;69
BINGO CARABOBO;4318;5;9;2;12;6;21;18;19;17;24;36;40;41;35;58;54;52;55;49;63;66;61;70;65
BINGO CARABOBO;4319;3;14;8;13;1;29;23;20;27;28;33;39;37;38;56;47;51;57;59;71;73;64;69;67
BINGO CARABOBO;4320;10;4;11;15;7;26;30;22;25;16;34;44;32;42;50;46;53;60;48;62;68;74;75;72
BINGO CARABOBO;4321;4;10;6;8;15;29;19;23;30;25;38;41;40;43;57;47;59;54;51;65;68;71;69;74
BINGO CARABOBO;4322;7;12;2;9;5;27;18;17;24;26;33;45;37;44;52;50;58;46;49;67;66;73;63;72
BINGO CARABOBO;4323;14;3;13;11;1;21;22;28;16;20;39;34;31;36;53;60;48;56;55;62;61;70;64;75
BINGO CARABOBO;4324;5;8;11;9;13;19;24;27;23;18;35;32;45;31;58;57;54;53;48;67;73;72;64;74
BINGO CARABOBO;4325;10;1;3;4;7;26;25;22;16;29;40;36;43;41;59;47;55;49;56;75;62;61;66;69
BINGO CARABOBO;4326;15;12;6;2;14;30;17;21;28;20;33;44;42;38;50;52;60;51;46;70;63;65;68;71
BINGO CARABOBO;4327;8;2;7;3;5;27;21;29;24;30;41;39;32;42;49;46;57;56;55;61;63;66;69;68
BINGO CARABOBO;4328;14;1;13;10;15;17;18;28;22;20;40;37;43;38;47;60;52;51;59;74;72;64;70;75
BINGO CARABOBO;4329;12;11;4;9;6;16;25;23;26;19;31;35;36;45;48;58;50;53;54;71;67;65;62;73
BINGO CARABOBO;4330;8;10;5;4;7;26;21;23;29;16;36;31;33;42;51;54;49;55;59;69;64;67;68;75
BINGO CARABOBO;4331;15;1;2;9;11;18;22;25;17;20;35;43;41;34;48;52;58;57;50;62;70;71;73;65
BINGO CARABOBO;4332;12;6;14;3;13;19;30;27;28;24;38;40;44;39;53;46;56;60;47;72;66;74;61;63
BINGO CARABOBO;4333;7;14;4;3;12;29;22;24;27;21;36;31;38;39;57;59;50;52;49;71;61;73;74;70
BINGO CARABOBO;4334;8;10;15;2;5;28;20;25;16;23;42;45;40;37;60;56;48;47;51;65;72;66;75;67
BINGO CARABOBO;4335;9;6;1;11;13;18;19;17;30;26;43;41;32;44;54;55;58;46;53;64;69;63;68;62
BINGO CARABOBO;4336;15;9;11;7;6;26;23;30;28;20;40;34;33;42;47;50;58;52;48;72;69;66;71;74
BINGO CARABOBO;4337;8;12;1;5;3;16;27;29;24;18;43;41;39;36;54;55;53;49;59;68;67;75;65;62
BINGO CARABOBO;4338;13;4;10;14;2;21;19;25;22;17;37;35;32;45;51;60;56;57;46;70;73;61;64;63
BINGO CARABOBO;4339;11;13;5;9;8;23;29;28;18;21;37;41;38;35;59;54;49;51;57;70;63;74;64;75
BINGO CARABOBO;4340;7;14;12;3;10;20;27;17;25;30;39;32;34;44;50;53;56;60;48;61;69;65;67;62
BINGO CARABOBO;4341;2;4;6;15;1;19;24;22;16;26;33;40;45;42;47;58;52;46;55;71;68;73;66;72
BINGO CARABOBO;4342;9;7;12;2;6;25;22;18;20;21;32;44;41;43;54;55;48;50;56;71;64;74;62;66
BINGO CARABOBO;4343;14;10;13;11;8;23;26;24;27;29;38;34;33;40;47;53;49;51;58;65;69;67;72;73
BINGO CARABOBO;4344;3;4;1;5;15;17;28;19;30;16;45;31;39;36;46;59;60;57;52;61;68;75;70;63
BINGO CARABOBO;4345;7;2;5;11;13;30;28;19;17;20;32;35;44;40;55;54;58;48;47;66;74;68;62;67
BINGO CARABOBO;4346;10;4;3;6;8;16;24;21;26;25;39;34;41;42;53;57;46;50;51;71;72;63;65;64
BINGO CARABOBO;4347;9;14;15;1;12;29;23;18;27;22;33;38;43;31;52;59;56;49;60;73;70;69;75;61
BINGO CARABOBO;4348;8;7;3;12;4;26;25;22;19;24;33;43;37;35;48;53;56;57;59;70;64;63;66;62
BINGO CARABOBO;4349;1;9;10;14;11;29;21;23;18;16;34;32;39;42;47;46;54;60;51;74;61;72;75;73
BINGO CARABOBO;4350;2;13;6;5;15;27;17;28;30;20;36;41;38;31;55;49;50;58;52;67;68;69;65;71
BINGO CARABOBO;4351;9;6;11;5;7;26;25;23;18;22;42;40;43;33;54;56;53;48;51;65;67;64;72;62
BINGO CARABOBO;4352;13;4;8;14;15;20;21;29;24;28;37;44;41;34;52;50;55;46;49;75;70;66;73;63
BINGO CARABOBO;4353;3;10;2;1;12;19;30;17;27;16;32;45;31;36;57;60;59;58;47;74;71;68;61;69
BINGO CARABOBO;4354;4;11;12;5;7;18;19;25;21;24;35;37;34;40;47;54;55;59;56;71;75;63;66;67
BINGO CARABOBO;4355;10;13;2;14;3;17;20;23;28;30;36;32;41;42;57;49;53;48;50;62;64;72;73;65
BINGO CARABOBO;4356;8;1;9;15;6;16;26;27;29;22;39;44;45;33;51;58;52;46;60;70;61;69;68;74
BINGO CARABOBO;4357;4;2;1;9;13;21;17;24;19;28;41;36;38;32;59;50;55;52;51;64;69;63;66;73
BINGO CARABOBO;4358;12;6;15;5;7;18;27;29;22;26;40;37;42;44;56;58;53;49;48;70;68;67;65;62
BINGO CARABOBO;4359;8;11;14;10;3;23;16;20;30;25;39;33;31;45;46;57;47;54;60;74;71;72;75;61
BINGO CARABOBO;4360;14;2;6;11;13;16;20;21;22;24;39;44;36;32;47;53;52;48;57;72;64;62;63;67
BINGO CARABOBO;4361;1;5;10;7;9;18;30;29;25;27;34;40;37;35;46;59;58;51;54;71;66;73;69;70
BINGO CARABOBO;4362;15;4;8;12;3;26;17;19;23;28;38;43;41;31;56;55;60;50;49;74;68;61;65;75
BINGO CARABOBO;4363;13;14;9;6;5;18;20;22;19;27;42;32;38;33;47;53;60;51;48;62;70;65;73;75
BINGO CARABOBO;4364;8;10;7;11;2;30;28;24;17;21;36;40;41;35;52;55;54;57;46;67;69;66;61;74
BINGO CARABOBO;4365;3;4;1;12;15;26;23;25;29;16;43;45;31;44;50;56;58;59;49;72;71;63;68;64
BINGO CARABOBO;4366;2;14;7;8;11;25;22;27;30;24;34;38;33;32;59;52;55;47;57;70;65;61;74;63
BINGO CARABOBO;4367;10;9;6;4;13;23;20;19;29;17;40;39;42;43;51;56;54;58;48;71;64;73;67;68
BINGO CARABOBO;4368;5;3;1;15;12;21;28;18;26;16;45;41;36;37;49;46;60;53;50;69;66;75;62;72
BINGO CARABOBO;4369;3;1;8;13;10;19;29;20;16;18;42;32;38;44;54;48;51;52;53;74;67;62;73;69
BINGO CARABOBO;4370;7;12;2;11;9;25;23;24;22;30;43;33;35;41;55;49;47;50;59;65;66;71;64;68
BINGO CARABOBO;4371;6;5;14;4;15;28;21;26;27;17;37;40;31;39;56;46;58;60;57;72;75;70;61;63
BINGO CARABOBO;4372;10;4;11;9;3;24;30;21;19;20;31;37;41;38;54;59;60;47;57;64;68;71;63;65
BINGO CARABOBO;4373;14;5;15;2;8;25;28;17;26;22;33;35;43;45;51;49;48;56;53;73;74;62;72;66
BINGO CARABOBO;4374;1;13;12;6;7;18;27;23;16;29;36;40;32;42;55;46;58;52;50;70;67;69;61;75
BINGO CARABOBO;4375;4;5;10;3;6;30;28;16;18;25;41;40;38;37;48;59;51;55;57;73;64;68;65;63
BINGO CARABOBO;4376;14;2;8;7;12;27;20;22;19;26;44;42;36;33;53;52;49;50;58;62;70;69;75;71
BINGO CARABOBO;4377;13;1;11;9;15;24;29;23;21;17;43;34;45;32;46;54;60;47;56;66;67;61;72;74
BINGO CARABOBO;4378;5;12;11;1;8;19;20;22;17;29;38;33;34;41;56;46;57;48;58;67;65;70;71;75
BINGO CARABOBO;4379;3;13;2;10;14;18;27;23;30;24;39;35;44;31;59;51;49;54;53;66;68;72;69;64
BINGO CARABOBO;4380;6;7;4;15;9;25;21;26;16;28;45;40;32;43;60;55;50;52;47;62;63;74;61;73
BINGO CARABOBO;4381;11;7;3;6;5;21;19;27;16;29;44;39;40;38;50;57;48;55;54;65;61;68;70;72
BINGO CARABOBO;4382;8;10;2;9;13;25;20;23;28;22;34;43;45;31;52;58;47;51;53;69;63;66;74;73
BINGO CARABOBO;4383;1;15;14;4;12;30;18;24;26;17;32;41;37;36;46;56;60;59;49;75;64;67;71;62
BINGO CARABOBO;4384;9;10;14;15;2;19;18;28;17;25;39;42;31;43;59;55;54;48;57;66;68;70;74;62
BINGO CARABOBO;4385;12;5;7;4;1;26;20;29;21;24;34;44;41;36;51;52;58;47;60;63;67;65;69;64
BINGO CARABOBO;4386;11;13;3;8;6;16;27;22;30;23;45;33;37;32;50;53;49;46;56;73;71;75;72;61
BINGO CARABOBO;4387;12;3;9;6;10;29;18;23;26;24;36;37;43;45;56;55;49;51;47;64;72;68;67;65
BINGO CARABOBO;4388;14;8;7;4;5;22;20;28;27;17;35;32;44;38;60;48;57;52;46;71;69;63;73;74
BINGO CARABOBO;4389;15;1;11;13;2;30;19;21;16;25;39;33;31;41;53;58;59;54;50;66;70;62;61;75
BINGO CARABOBO;4390;9;12;2;13;3;21;23;27;29;16;40;38;31;34;58;59;56;49;53;61;72;69;63;64
BINGO CARABOBO;4391;14;15;6;5;4;20;26;28;17;19;35;37;32;45;52;48;57;60;50;65;71;67;73;68
BINGO CARABOBO;4392;7;10;8;1;11;18;25;24;30;22;33;43;42;41;54;55;46;47;51;70;62;74;75;66
BINGO CARABOBO;4393;3;4;11;10;5;26;28;22;27;16;33;38;42;36;52;57;56;50;48;74;75;63;62;68
BINGO CARABOBO;4394;1;7;12;14;13;19;17;25;29;23;39;34;31;45;55;58;49;53;54;65;70;67;69;71
BINGO CARABOBO;4395;6;2;9;15;8;24;21;18;20;30;41;35;44;32;47;59;51;60;46;72;73;61;66;64
BINGO CARABOBO;4396;4;7;13;12;6;27;28;30;17;22;44;40;45;41;48;58;50;55;59;66;71;70;63;64
BINGO CARABOBO;4397;9;2;5;11;14;29;26;19;23;24;33;35;38;34;54;53;49;56;52;68;67;61;73;75
BINGO CARABOBO;4398;10;3;8;15;1;20;16;21;18;25;36;42;31;39;47;57;46;51;60;69;72;62;65;74
BINGO CARABOBO;4399;9;1;2;15;5;18;26;21;16;29;44;36;43;38;55;48;51;50;54;72;63;62;74;68
BINGO CARABOBO;4400;13;11;14;7;3;27;19;30;25;20;45;39;33;35;56;59;49;58;46;70;71;69;73;66
BINGO CARABOBO;4401;10;4;6;8;12;28;23;22;24;17;34;32;41;31;52;47;60;53;57;64;65;75;61;67
BINGO CARABOBO;4402;9;11;12;8;2;19;23;21;16;26;32;42;34;39;47;56;57;58;49;75;68;72;65;70
BINGO CARABOBO;4403;5;4;1;13;6;17;18;27;29;22;31;44;41;45;50;52;51;59;46;71;73;67;62;69
BINGO CARABOBO;4404;14;7;10;15;3;28;30;24;25;20;35;38;43;33;53;48;54;60;55;66;63;61;64;74
BINGO CARABOBO;4405;2;4;9;8;3;17;25;19;22;21;36;37;31;45;57;59;54;56;60;66;61;73;64;63
BINGO CARABOBO;4406;10;14;15;7;11;27;23;29;24;28;39;41;35;43;49;55;47;51;48;74;65;69;67;62
BINGO CARABOBO;4407;13;5;6;1;12;20;18;26;30;16;44;33;38;32;53;52;46;58;50;71;70;75;68;72
BINGO CARABOBO;4408;14;5;13;7;11;20;23;28;29;19;34;43;41;40;51;58;52;46;57;62;70;61;67;71
BINGO CARABOBO;4409;1;12;10;8;6;21;25;16;26;27;44;37;38;32;55;53;59;54;50;65;64;74;75;68
BINGO CARABOBO;4410;4;15;3;9;2;17;24;30;18;22;33;31;35;45;56;60;48;49;47;66;69;63;72;73
BINGO CARABOBO;4411;11;3;4;6;5;22;28;18;19;29;31;36;40;37;58;49;53;50;46;64;62;69;68;74
BINGO CARABOBO;4412;9;10;14;2;8;24;26;27;25;23;44;38;32;42;55;47;48;56;52;66;73;71;70;75
BINGO CARABOBO;4413;12;13;7;1;15;21;20;17;16;30;43;35;45;33;57;54;59;60;51;63;67;72;65;61
BINGO CARABOBO;4414;3;2;11;12;6;29;17;25;28;27;35;43;36;34;54;59;52;60;48;62;65;66;68;74
BINGO CARABOBO;4415;13;14;1;10;8;20;21;22;19;26;44;37;40;39;47;53;49;50;57;72;67;75;70;71
BINGO CARABOBO;4416;9;7;5;4;15;16;30;23;24;18;42;38;33;45;46;55;51;56;58;61;69;64;73;63
BINGO CARABOBO;4417;7;6;9;4;8;26;25;21;18;24;45;38;36;37;54;52;57;47;48;70;72;66;64;74
BINGO CARABOBO;4418;11;10;15;14;3;22;16;20;27;19;42;32;40;39;49;50;53;59;55;73;75;68;67;69
BINGO CARABOBO;4419;2;5;1;13;12;23;30;29;28;17;31;33;34;44;46;56;60;51;58;62;71;63;65;61
BINGO CARABOBO;4420;2;14;7;9;3;19;29;22;28;21;39;31;44;33;50;56;54;60;58;65;62;68;69;71
BINGO CARABOBO;4421;12;11;8;15;10;26;20;25;23;24;32;36;42;34;55;49;52;53;51;67;74;63;64;73
BINGO CARABOBO;4422;6;1;4;13;5;17;30;27;18;16;35;41;38;45;57;47;48;46;59;70;66;75;72;61
BINGO CARABOBO;4423;1;5;11;14;10;26;29;28;19;18;33;41;34;35;53;55;57;59;48;70;61;69;65;68
BINGO CARABOBO;4424;12;4;9;6;13;24;23;16;27;30;37;43;31;36;47;52;54;56;50;67;63;71;75;74
BINGO CARABOBO;4425;7;15;3;8;2;20;21;25;17;22;42;45;38;32;46;51;49;60;58;66;72;73;64;62
BINGO CARABOBO;4426;8;12;2;10;4;29;19;21;23;25;43;42;44;38;49;58;51;47;57;63;67;75;66;74
BINGO CARABOBO;4427;7;6;13;5;14;17;30;24;26;18;40;45;37;36;50;48;60;52;54;69;72;62;71;70
BINGO CARABOBO;4428;9;11;15;3;1;22;27;28;20;16;32;39;31;35;53;46;59;55;56;68;61;64;65;73
BINGO CARABOBO;4429;12;15;13;9;1;26;29;24;20;19;44;31;36;45;57;53;50;58;49;62;61;68;74;67
BINGO CARABOBO;4430;3;7;8;11;4;21;22;23;17;16;38;34;42;37;59;47;55;54;51;70;69;64;66;72
BINGO CARABOBO;4431;14;6;10;2;5;25;28;27;30;18;33;32;39;40;52;46;60;56;48;63;65;71;73;75
BINGO CARABOBO;4432;14;4;9;2;7;19;23;24;28;29;39;43;37;41;55;48;52;51;57;71;73;66;64;74
BINGO CARABOBO;4433;6;11;5;10;12;22;20;27;17;16;31;42;40;44;53;59;49;58;54;67;62;68;70;72
BINGO CARABOBO;4434;8;13;3;15;1;26;21;25;30;18;34;45;33;38;50;60;46;56;47;65;63;69;61;75
BINGO CARABOBO;4435;14;6;8;11;4;23;25;30;22;26;33;41;39;32;59;50;54;56;57;67;65;66;62;64
BINGO CARABOBO;4436;9;10;13;15;5;29;27;20;18;24;40;43;42;34;46;52;47;53;55;74;63;69;72;68
BINGO CARABOBO;4437;3;12;2;1;7;17;21;28;16;19;44;37;45;31;49;51;60;58;48;70;71;73;75;61
BINGO CARABOBO;4438;4;12;7;6;1;29;18;22;28;20;45;34;35;39;58;49;53;50;59;70;72;73;69;63
BINGO CARABOBO;4439;14;5;3;13;8;30;23;26;19;17;43;44;36;32;57;56;55;51;47;71;65;67;66;64
BINGO CARABOBO;4440;10;2;11;9;15;16;25;27;24;21;40;38;31;41;46;54;48;60;52;74;68;62;75;61
BINGO CARABOBO;4441;13;14;9;6;1;23;29;28;20;26;34;43;39;35;54;48;52;53;57;66;68;72;75;65
BINGO CARABOBO;4442;7;11;2;10;8;19;21;18;17;22;40;38;37;41;58;59;49;55;46;70;74;69;62;73
BINGO CARABOBO;4443;4;5;15;12;3;25;30;27;16;24;42;36;31;32;60;51;50;47;56;71;63;61;67;64
BINGO CARABOBO;4444;6;13;14;2;1;28;24;20;27;25;35;34;43;45;54;49;50;48;58;63;69;71;62;68
BINGO CARABOBO;4445;8;7;12;4;11;19;21;30;22;23;38;42;32;33;59;47;51;57;46;75;67;72;70;61
BINGO CARABOBO;4446;9;10;15;3;5;26;17;16;18;29;36;37;44;31;55;56;52;53;60;73;65;74;64;66
BINGO CARABOBO;4447;8;12;2;6;10;27;21;22;20;23;44;37;40;39;55;48;51;56;49;68;63;67;70;69
BINGO CARABOBO;4448;11;14;4;3;7;25;18;19;16;26;35;33;36;42;54;50;58;46;47;73;62;64;71;65
BINGO CARABOBO;4449;9;1;5;15;13;30;29;17;24;28;45;31;41;34;59;57;53;52;60;66;74;72;61;75
BINGO CARABOBO;4450;14;2;8;10;6;19;29;28;16;26;32;42;38;35;52;50;56;55;47;66;64;74;63;69
BINGO CARABOBO;4451;3;1;4;11;12;27;22;17;25;24;36;43;37;45;54;53;58;57;59;73;72;70;67;62
BINGO CARABOBO;4452;7;9;13;5;15;21;30;23;20;18;34;33;44;40;60;48;49;51;46;68;65;71;75;61
BINGO CARABOBO;4453;8;10;4;9;11;29;22;24;27;17;33;35;34;39;53;59;56;58;50;67;68;70;62;64
BINGO CARABOBO;4454;14;15;1;12;5;23;26;21;19;28;37;43;38;42;49;57;60;51;46;69;75;73;72;63
BINGO CARABOBO;4455;7;2;13;3;6;25;20;18;30;16;32;36;44;31;47;52;48;54;55;66;71;65;74;61
BINGO CARABOBO;4456;2;13;8;3;9;22;30;20;16;24;36;35;44;33;53;51;60;58;52;70;72;64;73;75
BINGO CARABOBO;4457;1;5;11;10;6;27;21;28;18;29;37;38;31;45;50;54;48;55;56;71;67;65;69;66
BINGO CARABOBO;4458;12;15;14;4;7;23;17;25;19;26;34;39;42;32;59;47;49;57;46;63;68;74;62;61
BINGO CARABOBO;4459;15;1;9;11;7;18;25;21;17;20;37;32;38;40;59;54;60;46;53;75;64;72;67;63
BINGO CARABOBO;4460;3;8;4;10;14;19;24;28;27;22;36;33;45;42;51;58;52;48;56;73;68;71;62;66
BINGO CARABOBO;4461;5;13;12;6;2;23;26;30;29;16;34;41;43;35;55;50;47;57;49;65;69;61;70;74
BINGO CARABOBO;4462;13;12;10;8;7;21;24;22;25;28;37;43;38;32;47;53;48;49;55;73;70;71;64;72
BINGO CARABOBO;4463;1;6;15;3;2;18;26;16;30;27;33;36;41;35;57;50;52;51;59;61;74;65;63;69
BINGO CARABOBO;4464;5;9;11;4;14;20;23;19;29;17;44;34;31;42;56;54;58;60;46;66;68;67;62;75
BINGO CARABOBO;4465;6;12;3;14;10;29;22;23;24;17;43;41;32;34;49;57;51;56;52;66;68;67;71;75
BINGO CARABOBO;4466;2;1;9;11;7;19;21;28;18;20;39;35;42;40;59;47;55;48;53;63;69;70;72;73
BINGO CARABOBO;4467;13;15;5;4;8;26;27;25;30;16;44;31;45;33;60;50;58;46;54;64;62;61;74;65
BINGO CARABOBO;4468;6;9;7;1;14;29;30;26;19;27;41;38;32;35;55;59;50;46;57;73;63;66;68;74
BINGO CARABOBO;4469;15;13;2;10;11;22;21;24;20;25;37;31;40;33;58;56;48;52;51;61;70;69;67;65
BINGO CARABOBO;4470;12;4;8;5;3;23;18;28;16;17;42;43;34;44;60;54;47;53;49;71;72;64;75;62
BINGO CARABOBO;4471;2;8;5;10;12;20;24;27;23;22;37;34;32;39;56;60;48;47;55;66;62;74;63;71
BINGO CARABOBO;4472;13;9;3;11;4;18;16;26;17;29;42;33;31;44;53;59;51;57;50;75;73;70;69;72
BINGO CARABOBO;4473;7;6;1;15;14;19;28;21;30;25;43;45;38;40;49;54;46;52;58;67;64;65;68;61
BINGO CARABOBO;4474;14;13;6;15;1;23;28;24;22;17;40;32;42;38;50;53;54;52;56;72;62;68;64;63
BINGO CARABOBO;4475;11;3;7;10;8;25;29;19;26;21;43;34;41;31;47;59;60;51;57;66;71;65;69;73
BINGO CARABOBO;4476;4;12;5;2;9;18;27;16;30;20;44;35;45;37;58;48;49;46;55;70;67;74;75;61
BINGO CARABOBO;4477;8;11;1;9;7;30;18;21;20;27;42;34;33;43;59;56;57;49;54;65;66;62;63;70
BINGO CARABOBO;4478;3;12;15;6;2;26;16;22;19;24;41;40;45;36;50;58;60;52;48;72;75;68;74;69
BINGO CARABOBO;4479;5;13;4;14;10;29;28;23;25;17;32;35;38;31;51;47;46;53;55;61;67;71;73;64
BINGO CARABOBO;4480;13;4;5;10;7;29;17;21;18;20;41;35;32;38;55;52;58;46;56;62;69;67;66;65
BINGO CARABOBO;4481;9;3;2;11;14;26;28;24;27;25;43;44;33;42;57;47;59;50;54;72;63;71;61;73
BINGO CARABOBO;4482;15;6;8;12;1;23;22;30;19;16;37;31;34;45;48;51;49;53;60;74;70;75;68;64
BINGO CARABOBO;4483;2;3;6;10;8;23;26;21;19;22;43;37;45;36;51;46;52;48;50;67;71;75;65;70
BINGO CARABOBO;4484;15;7;12;4;1;16;20;29;18;24;40;35;31;34;58;53;47;59;54;68;66;74;72;63
BINGO CARABOBO;4485;14;11;9;13;5;25;27;28;30;17;32;44;42;33;55;57;49;60;56;64;61;69;73;62
BINGO CARABOBO;4486;10;5;8;9;7;17;25;29;27;16;43;36;41;34;51;46;52;54;50;72;74;65;68;64
BINGO CARABOBO;4487;2;12;13;15;6;24;26;19;23;28;33;44;40;32;56;55;58;59;60;67;66;69;71;73
BINGO CARABOBO;4488;11;4;1;3;14;18;20;30;21;22;42;45;31;37;48;53;49;47;57;63;70;75;61;62
BINGO CARABOBO;4489;4;2;14;13;11;20;30;29;26;25;41;39;43;35;55;50;58;48;57;67;70;63;72;68
BINGO CARABOBO;4490;6;12;8;7;3;19;22;27;18;24;32;36;44;33;51;54;52;47;59;73;65;66;64;74
BINGO CARABOBO;4491;15;5;1;9;10;23;17;21;28;16;38;40;34;31;56;53;49;60;46;69;61;71;75;62
BINGO CARABOBO;4492;13;10;8;12;1;20;22;24;19;18;38;39;42;44;52;53;54;47;59;75;70;65;73;64
BINGO CARABOBO;4493;9;4;2;3;11;21;26;25;30;23;41;35;32;34;48;56;60;58;49;72;61;66;68;71
BINGO CARABOBO;4494;5;7;14;6;15;28;29;27;16;17;45;36;31;43;51;50;55;57;46;63;74;67;62;69
BINGO CARABOBO;4495;3;11;7;12;6;28;26;16;21;25;34;39;37;38;54;52;53;57;55;73;72;63;66;69
BINGO CARABOBO;4496;9;2;10;5;4;18;22;24;17;20;36;41;31;35;49;46;48;56;47;64;70;62;71;61
BINGO CARABOBO;4497;13;14;1;8;15;29;30;23;27;19;43;32;42;44;51;58;59;50;60;68;65;74;67;75
BINGO CARABOBO;4498;5;4;14;3;7;23;18;29;20;22;39;40;41;42;55;58;53;52;49;65;69;67;73;72
BINGO CARABOBO;4499;6;10;13;2;8;21;28;27;17;19;37;32;34;35;51;59;47;50;60;63;74;62;66;64
BINGO CARABOBO;4500;9;12;1;15;11;24;25;26;30;16;45;36;33;31;48;57;56;46;54;61;70;71;75;68
BINGO CARABOBO;4501;9;3;12;4;7;16;28;24;19;26;37;43;36;42;53;49;51;58;55;62;67;73;72;63
BINGO CARABOBO;4502;2;6;11;14;10;22;27;29;30;23;45;38;35;33;56;52;59;57;48;66;65;71;64;69
BINGO CARABOBO;4503;5;1;8;13;15;18;25;20;17;21;41;32;39;34;54;50;60;47;46;74;70;68;61;75
BINGO CARABOBO;4504;5;7;6;9;10;16;28;24;20;21;40;39;43;34;54;53;51;56;46;67;70;66;62;64
BINGO CARABOBO;4505;4;11;2;8;12;26;22;23;27;19;44;31;32;36;50;58;55;57;48;68;65;71;69;73
BINGO CARABOBO;4506;3;13;14;1;15;29;17;30;25;18;37;41;45;35;59;49;52;60;47;74;63;72;75;61
BINGO CARABOBO;4507;7;8;5;14;3;23;17;18;26;28;39;43;45;33;51;52;46;48;56;62;70;69;75;72
BINGO CARABOBO;4508;1;12;9;10;6;19;20;25;21;27;36;37;42;32;57;54;49;50;47;71;68;63;73;65
BINGO CARABOBO;4509;15;2;11;13;4;16;29;22;24;30;38;35;31;44;59;58;55;60;53;67;66;64;74;61
BINGO CARABOBO;4510;7;11;14;9;8;27;23;24;21;28;42;32;34;41;55;50;49;53;60;67;65;71;68;66
BINGO CARABOBO;4511;10;6;2;4;3;26;18;30;22;25;33;43;35;45;54;48;56;57;47;72;74;69;61;73
BINGO CARABOBO;4512;13;1;12;5;15;20;29;17;16;19;39;36;37;40;51;58;46;59;52;64;62;70;75;63
BINGO CARABOBO;4513;2;7;3;6;12;29;17;21;27;26;36;39;38;42;55;59;57;52;48;66;73;72;65;69
BINGO CARABOBO;4514;10;9;8;14;13;20;23;22;24;28;35;33;31;44;50;54;49;51;47;74;68;70;63;71
BINGO CARABOBO;4515;4;11;5;15;1;18;25;16;30;19;43;32;34;45;53;58;56;46;60;61;75;64;62;67
BINGO CARABOBO;4516;3;10;8;15;4;20;22;25;18;28;32;34;40;33;56;60;52;46;54;73;64;67;74;69
BINGO CARABOBO;4517;9;12;5;1;6;30;16;17;21;26;37;36;43;41;57;47;53;59;51;72;75;70;62;65
BINGO CARABOBO;4518;13;11;2;7;14;27;29;23;24;19;38;44;35;39;48;50;58;55;49;68;71;61;63;66
BINGO CARABOBO;4519;14;8;9;3;6;17;29;22;23;27;41;38;31;40;52;55;51;53;49;70;71;74;65;75
BINGO CARABOBO;4520;12;7;4;15;13;25;24;21;16;26;39;36;32;34;57;56;47;59;60;72;63;69;66;68
BINGO CARABOBO;4521;11;10;1;5;2;19;20;30;28;18;42;33;35;45;48;46;54;58;50;61;73;64;62;67
BINGO CARABOBO;4522;6;9;4;3;7;22;20;18;25;23;35;44;31;33;54;57;59;48;53;64;74;62;63;65
BINGO CARABOBO;4523;14;15;11;13;2;28;16;21;30;29;36;43;40;37;49;51;55;52;46;75;71;69;72;67
BINGO CARABOBO;4524;5;1;10;8;12;26;24;19;27;17;32;41;39;45;50;58;47;60;56;68;70;73;61;66
BINGO CARABOBO;4525;1;9;13;11;6;26;20;27;25;19;40;32;37;36;57;52;54;58;53;71;62;63;66;64
BINGO CARABOBO;4526;3;4;10;8;12;30;18;17;21;24;41;44;42;35;48;51;50;55;46;70;68;67;75;72
BINGO CARABOBO;4527;5;14;15;2;7;28;29;23;16;22;39;43;31;45;56;59;60;47;49;73;61;69;74;65
BINGO CARABOBO;4528;1;11;2;8;9;23;21;27;22;29;33;32;42;37;55;50;56;48;47;72;68;75;63;66
BINGO CARABOBO;4529;3;5;7;14;6;24;28;30;25;17;38;44;43;36;54;52;53;51;59;62;64;73;74;67
BINGO CARABOBO;4530;15;10;12;4;13;19;20;26;18;16;39;40;45;34;49;60;58;57;46;70;71;65;69;61
BINGO CARABOBO;4531;5;11;14;10;9;24;16;18;21;28;42;41;37;36;47;57;55;52;59;62;66;65;71;68
BINGO CARABOBO;4532;7;15;13;4;6;22;30;19;26;27;39;33;31;38;54;51;50;53;48;69;70;64;63;67
BINGO CARABOBO;4533;12;1;8;2;3;20;23;17;29;25;40;44;45;32;49;46;60;56;58;73;72;75;61;74
BINGO CARABOBO;4534;14;13;3;5;2;28;24;27;30;16;32;44;41;39;53;49;58;50;48;74;66;72;64;63
BINGO CARABOBO;4535;8;10;11;15;12;29;20;18;17;21;35;43;38;45;57;54;59;52;55;62;68;71;61;69
BINGO CARABOBO;4536;6;7;1;9;4;25;19;23;26;22;33;42;40;36;47;56;60;51;46;67;70;73;65;75
BINGO CARABOBO;4537;13;2;7;10;12;25;24;16;18;19;45;34;35;40;55;58;56;47;57;62;70;68;63;64
BINGO CARABOBO;4538;8;4;6;9;5;17;26;29;27;22;41;33;39;32;49;60;48;51;52;73;74;66;69;65
BINGO CARABOBO;4539;11;1;3;15;14;20;21;23;30;28;42;38;43;31;53;50;54;59;46;75;71;67;72;61
BINGO CARABOBO;4540;8;10;12;2;9;21;27;24;22;26;37;44;38;40;50;51;57;58;46;63;65;66;67;61
BINGO CARABOBO;4541;11;14;13;7;5;29;23;20;18;19;39;35;36;43;53;48;52;55;49;75;64;72;73;69
BINGO CARABOBO;4542;6;3;15;4;1;25;28;30;16;17;41;42;32;31;54;59;60;56;47;71;74;70;68;62
BINGO CARABOBO;4543;5;13;10;8;4;29;18;23;19;24;41;43;32;33;57;56;52;48;54;65;67;64;72;61
BINGO CARABOBO;4544;12;9;6;11;15;20;22;28;26;17;37;44;39;40;55;53;49;60;58;74;63;73;71;68
BINGO CARABOBO;4545;3;2;1;14;7;16;25;27;30;21;38;34;31;45;46;51;59;50;47;75;70;62;69;66
BINGO CARABOBO;4546;3;14;11;5;10;21;22;28;19;20;36;37;38;33;50;55;54;59;57;67;71;70;65;69
BINGO CARABOBO;4547;4;12;7;1;13;17;16;24;27;30;35;32;44;42;58;53;47;51;49;62;63;73;74;64
BINGO CARABOBO;4548;9;6;15;2;8;23;25;26;29;18;41;34;45;39;46;56;60;48;52;72;61;68;66;75
BINGO CARABOBO;4549;6;14;3;1;9;24;28;19;18;21;37;33;39;35;49;60;52;50;47;69;63;70;75;61
BINGO CARABOBO;4550;4;10;5;8;12;22;30;17;25;26;44;43;45;31;58;48;57;56;54;72;71;68;62;74
BINGO CARABOBO;4551;11;13;2;7;15;27;20;23;16;29;42;38;40;34;53;46;55;59;51;66;65;67;64;73
BINGO CARABOBO;4552;11;1;3;2;5;17;30;29;27;16;31;44;34;41;56;48;52;57;51;68;74;63;62;66
BINGO CARABOBO;4553;7;13;9;15;6;21;19;22;28;23;37;43;36;42;58;46;49;55;53;73;65;70;75;64
BINGO CARABOBO;4554;14;4;10;12;8;20;25;24;26;18;32;39;33;45;54;50;59;60;47;67;69;72;61;71
BINGO CARABOBO;4555;1;8;6;4;13;28;29;30;25;20;38;42;34;43;50;56;55;47;53;65;74;73;68;61
BINGO CARABOBO;4556;15;2;3;7;12;23;21;24;19;18;33;35;45;39;51;48;49;59;52;63;66;62;67;70
BINGO CARABOBO;4557;11;10;9;14;5;27;17;22;26;16;31;40;32;44;57;60;54;58;46;71;69;72;75;64
BINGO CARABOBO;4558;5;14;3;2;8;21;23;27;25;19;32;40;37;35;51;52;55;46;60;63;65;74;70;72
BINGO CARABOBO;4559;10;11;7;9;13;26;17;18;20;24;42;36;45;34;54;56;48;49;57;62;69;68;75;71
BINGO CARABOBO;4560;12;4;6;1;15;29;22;28;16;30;39;41;44;31;58;53;47;50;59;67;66;61;73;64
BINGO CARABOBO;4561;11;6;4;10;7;21;27;20;29;18;40;44;42;33;55;49;48;50;57;72;64;73;65;74
BINGO CARABOBO;4562;5;12;14;1;2;23;26;25;24;30;35;37;38;32;58;53;52;54;47;71;69;62;70;68
BINGO CARABOBO;4563;13;9;8;15;3;17;22;19;28;16;39;31;43;36;59;51;60;56;46;61;66;75;67;63
BINGO CARABOBO;4564;8;15;14;4;7;20;21;27;29;26;42;40;45;41;51;56;57;50;48;74;65;63;73;69
BINGO CARABOBO;4565;2;9;5;6;13;17;18;23;28;30;36;38;39;43;55;46;59;54;52;62;72;71;67;64
BINGO CARABOBO;4566;11;10;3;12;1;19;22;24;16;25;34;33;31;44;49;58;53;47;60;68;66;70;75;61
BINGO CARABOBO;4567;11;9;15;14;5;25;24;18;20;22;38;40;31;32;55;49;51;56;54;70;75;68;62;65
BINGO CARABOBO;4568;8;2;13;12;3;28;29;17;30;23;36;39;35;44;48;53;46;47;58;64;71;66;72;67
BINGO CARABOBO;4569;6;10;4;1;7;26;21;27;19;16;37;34;45;43;59;50;57;60;52;73;69;61;63;74
BINGO CARABOBO;4570;2;6;7;9;5;17;16;20;29;18;35;36;41;33;54;47;53;48;56;64;63;68;72;73
BINGO CARABOBO;4571;4;13;14;10;11;22;25;19;21;26;44;42;37;31;60;50;46;59;57;65;66;69;75;62
BINGO CARABOBO;4572;8;12;3;1;15;28;27;24;23;30;40;39;34;43;55;52;49;58;51;71;74;67;70;61
BINGO CARABOBO;4573;14;10;5;4;6;20;18;26;19;23;42;39;38;43;59;51;57;50;52;68;73;64;63;61
BINGO CARABOBO;4574;3;13;9;12;15;17;30;27;21;16;40;34;35;36;49;55;53;58;47;74;69;71;70;72
BINGO CARABOBO;4575;7;1;11;2;8;28;24;25;22;29;45;41;44;31;48;54;56;60;46;67;66;65;75;62
BINGO CARABOBO;4576;7;6;12;5;8;16;20;26;23;19;36;40;43;34;57;49;48;56;58;63;65;68;61;67
BINGO CARABOBO;4577;3;13;2;15;10;29;24;30;28;21;42;33;39;37;60;51;52;59;54;73;64;66;70;69
BINGO CARABOBO;4578;4;9;14;1;11;18;25;17;22;27;44;31;45;32;47;53;50;55;46;74;75;72;71;62
BINGO CARABOBO;4579;12;3;10;9;14;28;20;19;26;18;38;35;40;42;56;55;54;50;46;66;74;68;62;73
BINGO CARABOBO;4580;11;6;13;4;5;24;22;27;23;30;33;32;41;36;48;52;58;49;51;65;63;75;67;70
BINGO CARABOBO;4581;15;1;7;8;2;25;21;16;29;17;37;45;44;34;57;53;59;47;60;64;69;61;71;72
BINGO CARABOBO;4582;11;7;1;8;2;19;22;21;25;29;35;39;44;42;57;58;54;48;56;69;66;63;71;62
BINGO CARABOBO;4583;13;4;9;5;6;30;20;23;26;17;43;41;37;34;50;46;47;59;51;67;72;65;73;68
BINGO CARABOBO;4584;3;12;15;10;14;27;18;16;28;24;38;32;33;31;49;60;52;53;55;70;61;75;64;74
BINGO CARABOBO;4585;7;6;14;4;12;21;26;17;23;28;41;44;40;42;60;49;53;58;55;62;70;73;71;74
BINGO CARABOBO;4586;8;5;10;11;1;20;18;16;22;24;39;38;36;34;51;47;56;48;50;72;64;68;63;61
BINGO CARABOBO;4587;9;3;13;15;2;25;27;19;30;29;32;45;31;35;57;52;59;46;54;65;67;69;75;66
BINGO CARABOBO;4588;3;6;12;5;13;30;21;17;20;27;35;36;34;38;52;47;55;59;51;66;70;75;63;64
BINGO CARABOBO;4589;14;8;11;1;4;18;19;24;25;28;43;40;41;32;58;49;48;54;50;71;62;61;72;73
BINGO CARABOBO;4590;2;10;15;9;7;26;22;23;29;16;37;44;45;31;56;53;57;46;60;67;68;69;74;65
BINGO CARABOBO;4591;9;8;7;5;6;29;16;24;23;19;34;37;33;40;49;52;54;55;57;63;68;71;67;62
BINGO CARABOBO;4592;2;10;11;14;4;18;25;21;20;26;35;43;38;39;47;48;56;53;59;64;65;61;69;75
BINGO CARABOBO;4593;3;13;12;15;1;28;22;27;30;17;36;42;45;32;50;60;51;46;58;73;74;70;72;66
BINGO CARABOBO;4594;10;1;3;14;7;27;28;23;20;29;36;42;33;39;51;59;48;55;46;66;74;64;63;69
BINGO CARABOBO;4595;2;11;6;8;4;19;24;26;21;30;32;35;38;43;52;53;49;57;60;70;72;68;61;73
BINGO CARABOBO;4596;12;9;13;15;5;22;18;25;17;16;44;37;40;45;54;50;56;47;58;71;65;62;67;75
BINGO CARABOBO;4597;9;11;15;3;8;21;18;26;29;27;33;44;40;38;55;56;48;51;53;73;68;69;61;70
BINGO CARABOBO;4598;13;7;5;14;4;19;17;20;24;16;32;41;42;43;47;49;50;57;58;71;66;65;63;67
BINGO CARABOBO;4599;12;2;1;10;6;28;30;22;23;25;31;39;45;35;59;52;60;46;54;75;74;64;72;62
BINGO CARABOBO;4600;7;13;8;14;4;23;26;20;25;28;41;35;34;37;58;50;59;53;52;72;74;62;65;73
BINGO CARABOBO;4601;5;12;2;15;6;19;24;16;30;22;38;42;44;32;47;54;57;55;51;66;71;67;70;75
BINGO CARABOBO;4602;1;9;3;10;11;21;18;27;29;17;40;39;45;33;48;49;46;56;60;68;64;63;61;69
BINGO CARABOBO;4603;12;8;11;13;10;20;23;28;16;27;40;44;36;33;51;47;48;58;55;72;70;62;63;68
BINGO CARABOBO;4604;2;5;15;4;6;22;29;26;25;17;41;43;32;31;50;56;59;54;52;74;66;67;75;64
BINGO CARABOBO;4605;9;1;7;3;14;24;21;19;18;30;42;38;45;39;57;49;53;46;60;65;73;69;61;71
BINGO CARABOBO;4606;12;10;4;8;14;23;26;20;24;17;44;38;43;42;51;53;60;52;56;68;75;71;73;74
BINGO CARABOBO;4607;5;3;2;15;9;22;25;27;21;30;34;36;32;40;54;50;49;58;48;70;64;66;62;67
BINGO CARABOBO;4608;11;13;7;6;1;18;16;29;19;28;31;33;37;45;57;55;47;59;46;72;61;69;65;63
BINGO CARABOBO;4609;6;13;14;5;9;18;28;23;27;20;33;41;42;35;56;55;59;49;53;62;74;69;68;67
BINGO CARABOBO;4610;11;3;8;10;15;26;30;19;17;25;39;34;44;38;57;54;60;50;48;66;71;65;70;72
BINGO CARABOBO;4611;1;2;12;4;7;24;16;21;29;22;31;37;36;45;58;51;47;52;46;64;61;63;73;75
BINGO CARABOBO;4612;4;3;11;6;13;18;19;26;28;25;35;42;40;34;53;48;51;57;59;62;72;63;65;73
BINGO CARABOBO;4613;12;1;14;7;2;20;24;21;27;16;33;39;43;36;49;58;47;46;50;70;64;71;67;61
BINGO CARABOBO;4614;15;8;9;5;10;22;17;23;30;29;32;41;45;38;54;60;56;55;52;66;74;68;75;69
BINGO CARABOBO;4615;8;12;6;9;4;19;20;17;16;30;38;41;33;37;53;51;55;48;52;67;72;66;68;73
BINGO CARABOBO;4616;15;7;10;13;1;24;28;22;25;27;44;34;36;35;54;58;59;57;56;64;71;75;70;65
BINGO CARABOBO;4617;11;2;14;5;3;29;18;23;21;26;31;39;43;45;47;50;49;60;46;61;62;74;69;63
BINGO CARABOBO;4618;8;5;7;14;6;18;23;29;25;28;39;41;42;33;60;57;53;49;50;66;69;62;70;64
BINGO CARABOBO;4619;11;9;13;12;3;20;19;27;26;22;35;37;36;38;55;48;52;56;54;72;61;71;63;73
BINGO CARABOBO;4620;10;4;2;15;1;30;24;16;21;17;44;43;34;31;47;58;46;51;59;68;74;67;65;75
BINGO CARABOBO;4621;1;4;3;8;6;21;17;29;24;23;33;35;40;36;52;48;46;55;57;63;64;70;66;69
BINGO CARABOBO;4622;11;12;2;7;13;22;25;26;19;20;43;42;34;41;60;53;58;51;47;72;71;74;62;65
BINGO CARABOBO;4623;10;9;5;15;14;27;30;18;16;28;39;37;45;31;54;56;59;50;49;68;67;73;75;61
BINGO CARABOBO;4624;2;7;1;5;11;21;29;24;30;17;41;45;42;43;57;53;58;55;46;62;66;69;67;75
BINGO CARABOBO;4625;13;9;8;6;10;18;28;23;16;25;38;35;34;37;60;51;56;49;52;65;71;61;70;68
BINGO CARABOBO;4626;15;3;12;14;4;27;22;20;26;19;40;36;31;39;50;54;48;59;47;64;73;72;74;63
BINGO CARABOBO;4627;2;12;9;13;6;24;26;17;25;16;37;42;40;33;46;52;56;48;59;70;73;74;71;66
BINGO CARABOBO;4628;10;11;1;8;7;21;23;22;28;20;41;44;39;36;49;55;53;57;54;75;62;64;69;63
BINGO CARABOBO;4629;5;3;14;4;15;19;29;18;27;30;31;43;45;35;50;58;47;51;60;61;67;68;72;65
BINGO CARABOBO;4630;15;5;3;12;1;22;25;28;18;24;37;41;40;36;50;56;58;49;57;66;63;65;71;62
BINGO CARABOBO;4631;4;9;6;7;10;19;27;17;23;16;43;32;35;39;55;54;59;53;51;72;67;68;75;73
BINGO CARABOBO;4632;11;2;13;14;8;21;26;29;20;30;45;44;38;31;52;60;46;48;47;64;61;74;69;70
BINGO CARABOBO;4633;2;3;5;6;12;16;22;21;29;25;42;35;36;37;46;55;48;59;50;62;75;65;68;63
BINGO CARABOBO;4634;14;4;11;7;13;27;28;20;24;30;43;41;32;33;52;58;56;49;57;71;67;64;72;66
BINGO CARABOBO;4635;10;1;9;8;15;26;18;19;23;17;34;31;45;44;53;47;51;60;54;70;61;73;69;74
BINGO CARABOBO;4636;12;13;9;8;6;28;27;17;20;19;36;38;32;35;54;49;50;57;51;63;72;64;74;75
BINGO CARABOBO;4637;14;11;3;10;2;26;18;24;29;21;43;39;42;44;52;58;59;48;55;68;61;66;65;70
BINGO CARABOBO;4638;5;4;7;15;1;22;16;25;30;23;41;40;34;45;47;46;56;60;53;69;73;67;71;62
BINGO CARABOBO;4639;3;14;5;9;15;29;24;26;25;27;37;44;31;42;57;50;56;46;54;70;66;69;71;72
BINGO CARABOBO;4640;11;13;6;8;2;28;19;21;22;17;38;39;36;40;47;55;48;53;60;74;63;67;68;73
BINGO CARABOBO;4641;4;12;10;7;1;16;18;23;20;30;41;35;34;45;52;51;49;58;59;64;75;65;61;62
BINGO CARABOBO;4642;3;5;12;14;10;17;29;26;27;24;35;39;34;36;59;51;56;55;48;74;62;70;75;69
BINGO CARABOBO;4643;2;1;4;6;8;18;25;21;20;30;44;31;43;33;58;47;49;50;53;71;63;66;64;72
BINGO CARABOBO;4644;15;7;9;13;11;23;19;16;28;22;42;41;38;45;57;54;46;52;60;68;67;65;73;61
BINGO CARABOBO;4645;14;2;10;11;7;21;30;27;17;20;36;38;43;41;60;58;59;48;51;71;70;73;67;65
BINGO CARABOBO;4646;13;12;15;8;4;16;18;26;24;19;40;45;34;39;50;56;49;54;57;68;63;66;69;74
BINGO CARABOBO;4647;9;5;3;1;6;25;28;22;29;23;33;35;42;32;53;52;47;55;46;75;72;64;62;61
BINGO CARABOBO;4648;15;10;6;7;12;26;23;19;24;20;41;39;33;36;56;53;48;51;52;66;63;72;61;74
BINGO CARABOBO;4649;5;8;13;1;4;22;29;21;17;16;44;38;34;40;54;55;60;46;47;70;65;67;68;73
BINGO CARABOBO;4650;11;3;14;2;9;27;25;30;18;28;32;35;37;45;57;59;58;49;50;75;64;62;71;69
BINGO CARABOBO;4651;3;4;12;14;2;21;27;22;26;28;43;37;32;34;47;48;53;51;52;63;67;62;64;73
BINGO CARABOBO;4652;11;5;10;9;1;25;20;29;17;23;45;33;36;38;49;54;58;55;56;71;65;68;72;66
BINGO CARABOBO;4653;13;6;8;7;15;24;30;18;16;19;39;44;41;42;46;59;50;57;60;70;69;74;61;75
BINGO CARABOBO;4654;2;3;14;6;12;24;16;26;27;18;37;34;45;40;56;54;51;49;53;62;73;74;67;64
BINGO CARABOBO;4655;5;13;4;8;7;25;29;20;21;19;35;41;43;36;58;52;50;48;46;65;68;71;70;63
BINGO CARABOBO;4656;10;15;11;1;9;22;17;23;28;30;31;39;32;44;57;47;59;60;55;69;61;66;75;72
BINGO CARABOBO;4657;10;14;5;13;2;22;21;23;25;19;32;44;36;37;56;55;49;59;50;68;65;70;73;62
BINGO CARABOBO;4658;6;4;12;3;9;17;24;29;18;26;42;35;41;31;60;47;53;48;52;67;74;71;72;64
BINGO CARABOBO;4659;15;7;8;1;11;28;30;27;16;20;39;43;33;45;51;57;54;58;46;63;69;66;61;75
BINGO CARABOBO;4660;9;12;8;3;5;16;19;30;23;27;33;40;35;37;48;57;50;60;49;61;63;71;65;69
BINGO CARABOBO;4661;7;6;10;15;2;26;21;17;20;24;41;43;39;34;52;51;46;54;56;72;62;70;68;73
BINGO CARABOBO;4662;4;11;13;14;1;29;28;22;18;25;38;31;45;36;58;59;47;53;55;67;74;66;75;64
BINGO CARABOBO;4663;1;10;9;4;2;25;30;18;27;28;44;40;37;41;48;52;58;46;55;72;67;74;61;69
BINGO CARABOBO;4664;5;15;3;12;7;23;22;24;29;17;38;32;31;34;59;54;56;49;50;63;73;65;66;68
BINGO CARABOBO;4665;8;13;11;6;14;21;19;26;16;20;33;36;45;35;47;57;53;60;51;64;71;70;62;75
BINGO CARABOBO;4666;12;3;9;6;5;25;17;28;29;21;39;44;40;41;59;47;49;48;51;64;69;67;62;73
BINGO CARABOBO;4667;10;13;7;8;2;19;18;20;24;23;43;32;37;42;60;57;46;52;54;74;65;70;71;61
BINGO CARABOBO;4668;1;14;15;4;11;27;26;22;16;30;38;35;33;45;55;56;58;53;50;66;72;75;68;63
BINGO CARABOBO;4669;4;1;15;9;11;20;21;18;17;24;31;38;37;32;57;58;60;55;49;67;72;64;65;73
BINGO CARABOBO;4670;3;12;14;7;13;28;19;25;23;26;35;36;41;44;53;51;48;59;56;61;66;74;63;71
BINGO CARABOBO;4671;5;2;8;6;10;30;29;27;16;22;45;33;43;34;47;54;50;52;46;62;69;75;68;70
BINGO CARABOBO;4672;10;15;9;3;12;21;29;30;24;26;35;40;37;43;51;49;54;56;52;61;66;63;62;75
BINGO CARABOBO;4673;1;5;11;14;4;18;20;17;22;19;39;33;41;32;53;47;48;50;57;68;67;69;74;65
BINGO CARABOBO;4674;7;8;13;6;2;23;25;27;16;28;44;42;34;45;59;55;58;46;60;70;71;72;73;64
BINGO CARABOBO;4675;12;14;2;6;15;25;26;30;27;29;39;32;35;33;52;47;53;57;58;71;74;68;73;64
BINGO CARABOBO;4676;8;11;7;9;1;22;17;24;18;20;45;36;31;37;49;48;46;60;54;65;67;70;69;62
BINGO CARABOBO;4677;4;3;10;13;5;19;21;28;16;23;44;41;42;40;51;56;50;59;55;66;75;63;72;61
BINGO CARABOBO;4678;7;2;13;12;11;26;18;23;21;17;33;40;34;42;52;58;47;60;57;66;73;74;62;72
BINGO CARABOBO;4679;4;14;10;15;6;28;27;20;29;25;37;41;39;31;48;53;56;49;46;68;70;69;71;67
BINGO CARABOBO;4680;9;8;1;3;5;19;22;30;16;24;43;44;35;45;51;55;54;59;50;63;75;61;65;64
BINGO CARABOBO;4681;10;14;2;3;8;27;22;26;19;20;37;35;38;44;51;50;58;59;54;63;66;71;64;65
BINGO CARABOBO;4682;4;7;11;5;13;28;16;21;29;18;39;41;40;31;55;47;49;46;56;70;68;69;67;74
BINGO CARABOBO;4683;1;9;15;6;12;25;23;24;30;17;34;36;33;32;57;53;52;48;60;62;75;72;61;73
BINGO CARABOBO;4684;5;3;15;6;9;27;18;21;17;19;44;36;39;32;57;47;49;59;56;66;62;61;73;65
BINGO CARABOBO;4685;4;2;8;7;13;16;24;25;29;26;42;34;35;38;60;53;48;51;54;64;74;71;72;69
BINGO CARABOBO;4686;14;11;10;12;1;22;23;28;30;20;43;45;40;31;55;58;50;46;52;70;67;63;75;68
BINGO CARABOBO;4687;8;13;7;14;9;22;23;26;27;17;35;34;45;44;55;52;50;54;53;68;64;72;63;65
BINGO CARABOBO;4688;10;5;3;4;2;21;24;28;30;25;31;33;39;40;48;59;60;49;58;73;67;71;69;62
BINGO CARABOBO;4689;11;6;12;15;1;19;18;20;16;29;37;38;42;36;57;51;46;47;56;74;66;70;61;75
BINGO CARABOBO;4690;10;2;9;1;14;29;24;30;17;19;33;34;40;41;52;51;47;53;48;62;66;64;71;67
BINGO CARABOBO;4691;13;4;7;8;15;18;26;27;22;21;38;45;32;37;49;57;55;58;50;72;68;63;69;65
BINGO CARABOBO;4692;11;12;5;3;6;23;28;16;20;25;31;36;42;44;56;54;59;46;60;73;74;61;70;75
BINGO CARABOBO;4693;14;7;5;13;1;17;20;23;27;19;35;41;44;33;51;58;56;60;55;65;66;71;72;68
BINGO CARABOBO;4694;10;11;9;12;6;16;24;21;25;22;37;34;43;42;53;52;46;59;49;75;69;63;67;62
BINGO CARABOBO;4695;3;4;2;8;15;29;26;30;28;18;39;40;36;38;48;50;54;57;47;64;73;74;70;61
BINGO CARABOBO;4696;12;11;10;14;7;22;17;27;30;26;32;36;34;41;50;52;59;47;49;66;64;73;68;70
BINGO CARABOBO;4697;5;8;3;13;6;18;29;25;19;21;37;38;43;42;55;58;60;48;53;71;69;72;65;63
BINGO CARABOBO;4698;15;9;1;4;2;16;20;28;24;23;35;44;31;33;51;57;46;56;54;67;61;74;75;62
BINGO CARABOBO;4699;2;5;10;4;9;24;21;18;27;19;34;35;33;42;48;50;58;51;53;73;64;65;74;75
BINGO CARABOBO;4700;7;3;8;12;14;26;22;16;25;29;32;45;40;43;56;60;54;57;55;68;66;72;62;63
BINGO CARABOBO;4701;11;13;1;6;15;28;23;17;20;30;36;38;44;31;52;46;49;47;59;70;69;67;61;71
BINGO CARABOBO;4702;10;8;6;2;7;26;19;23;21;28;39;35;40;34;59;55;57;60;50;73;70;68;66;64
BINGO CARABOBO;4703;14;15;9;11;13;22;24;17;20;27;36;31;41;44;56;51;53;52;49;69;72;67;74;65
BINGO CARABOBO;4704;1;4;3;12;5;25;29;16;18;30;38;32;43;37;48;46;54;47;58;62;71;75;61;63
BINGO CARABOBO;4705;9;4;12;2;14;17;23;25;30;16;44;42;35;38;53;47;56;51;50;65;71;61;66;75
BINGO CARABOBO;4706;10;8;7;13;11;20;27;19;28;21;33;32;43;39;48;55;54;57;59;67;62;72;64;74
BINGO CARABOBO;4707;3;1;6;5;15;26;29;22;18;24;31;40;45;34;60;49;46;58;52;73;70;63;68;69
BINGO CARABOBO;4708;2;10;6;4;8;18;24;22;20;29;39;41;38;33;51;56;52;57;49;63;69;68;75;66
BINGO CARABOBO;4709;14;3;11;12;13;17;19;26;28;25;37;35;34;36;58;55;48;60;53;73;71;70;65;72
BINGO CARABOBO;4710;15;5;1;7;9;23;27;16;21;30;44;32;45;31;47;50;54;46;59;62;67;64;74;61
BINGO CARABOBO;4711;3;11;12;7;14;18;27;16;19;23;31;33;44;41;57;50;52;55;53;71;72;61;67;64
BINGO CARABOBO;4712;10;15;8;5;6;17;21;30;28;20;43;38;34;42;59;54;47;58;46;73;74;66;69;62
BINGO CARABOBO;4713;9;4;13;2;1;25;24;29;26;22;35;40;45;37;56;51;60;48;49;65;75;68;70;63
BINGO CARABOBO;4714;3;6;2;5;9;23;19;30;28;26;32;31;35;39;58;59;49;51;55;73;61;75;63;62
BINGO CARABOBO;4715;7;13;14;4;15;24;29;18;25;20;44;40;33;38;56;46;53;48;50;68;71;69;72;66
BINGO CARABOBO;4716;10;11;8;12;1;21;22;16;17;27;37;45;43;36;57;52;54;60;47;64;70;67;74;65
BINGO CARABOBO;4717;1;6;14;9;4;21;29;22;18;24;33;40;36;35;51;58;48;55;52;65;63;66;67;64
BINGO CARABOBO;4718;3;15;8;7;2;19;25;20;27;17;39;31;43;44;46;50;53;54;57;72;75;73;69;62
BINGO CARABOBO;4719;10;5;13;12;11;26;23;28;30;16;45;37;42;41;56;49;59;47;60;68;71;70;61;74
BINGO CARABOBO;4720;6;12;2;13;9;16;30;21;22;27;37;36;31;41;54;56;49;53;55;75;68;70;74;72
BINGO CARABOBO;4721;4;10;8;3;14;19;26;18;20;24;33;39;38;32;59;60;46;57;58;62;69;63;65;66
BINGO CARABOBO;4722;5;15;11;1;7;28;17;25;29;23;43;40;35;34;48;47;52;50;51;67;71;64;73;61
BINGO CARABOBO;4723;3;9;1;4;7;22;25;26;29;19;33;34;44;32;51;55;50;47;54;70;64;69;65;72
BINGO CARABOBO;4724;6;12;8;14;10;18;28;27;21;24;38;41;37;40;52;48;57;58;53;62;67;63;66;73
BINGO CARABOBO;4725;2;5;11;13;15;16;20;17;23;30;39;45;31;43;49;59;56;46;60;75;71;68;61;74
BINGO CARABOBO;4726;6;4;10;14;13;26;23;18;17;19;42;40;41;35;51;47;55;52;56;71;64;70;62;72
BINGO CARABOBO;4727;5;7;9;12;3;20;22;29;24;25;32;31;36;39;59;48;53;49;50;68;74;73;63;67
BINGO CARABOBO;4728;1;8;2;11;15;16;28;27;30;21;38;43;37;34;58;57;54;46;60;69;75;61;65;66
BINGO CARABOBO;4729;5;11;2;8;7;21;20;26;27;28;44;33;42;38;50;54;52;58;56;71;63;67;75;61
BINGO CARABOBO;4730;4;14;1;12;10;24;30;18;17;25;35;36;41;34;48;47;55;53;51;65;70;72;73;69
BINGO CARABOBO;4731;13;6;9;3;15;22;23;29;19;16;31;37;40;45;59;46;57;60;49;64;66;68;74;62
BINGO CARABOBO;4732;2;6;8;15;12;20;26;28;29;18;45;37;35;41;55;59;47;49;52;73;72;71;75;68
BINGO CARABOBO;4733;11;3;5;7;4;22;17;21;27;30;32;31;33;39;57;56;50;51;60;69;65;70;63;64
BINGO CARABOBO;4734;13;14;10;9;1;23;24;19;25;16;36;40;34;44;46;53;54;48;58;67;66;62;61;74
BINGO CARABOBO;4735;6;14;7;2;13;19;23;30;22;16;45;33;36;44;50;54;51;59;57;69;70;67;74;68
BINGO CARABOBO;4736;5;3;1;9;10;24;28;18;27;26;43;37;40;34;58;56;60;52;49;62;73;72;66;61
BINGO CARABOBO;4737;8;11;15;12;4;25;17;20;21;29;41;42;39;35;53;55;47;46;48;71;64;65;75;63
BINGO CARABOBO;4738;10;6;3;12;4;25;24;17;22;29;39;44;45;34;58;47;48;53;54;63;68;71;62;67
BINGO CARABOBO;4739;8;13;7;11;5;18;16;21;28;20;41;37;35;36;55;60;51;57;52;64;69;75;72;70
BINGO CARABOBO;4740;1;14;9;2;15;26;27;30;19;23;40;42;33;43;50;46;49;59;56;65;74;66;73;61
BINGO CARABOBO;4741;12;5;8;7;13;28;24;17;29;23;34;41;44;38;52;47;54;46;49;72;74;66;70;64
BINGO CARABOBO;4742;11;3;6;15;10;22;19;26;27;30;40;42;35;36;55;53;48;56;59;71;61;75;65;73
BINGO CARABOBO;4743;9;14;2;4;1;21;18;20;25;16;33;45;31;39;58;51;57;60;50;67;62;68;63;69
BINGO CARABOBO;4744;10;8;13;15;4;27;26;28;25;29;44;38;33;42;59;48;51;58;50;70;74;61;62;65
BINGO CARABOBO;4745;6;14;11;5;7;22;24;30;18;19;39;45;36;40;60;52;55;53;49;69;64;71;68;73
BINGO CARABOBO;4746;2;3;9;1;12;17;21;20;23;16;43;35;31;41;47;54;56;57;46;66;75;67;72;63
BINGO CARABOBO;4747;8;13;15;5;14;30;17;25;23;29;40;41;33;42;49;55;53;46;52;64;72;62;68;74
BINGO CARABOBO;4748;11;12;9;1;7;27;21;18;16;28;34;38;35;44;59;48;47;51;56;66;65;61;71;73
BINGO CARABOBO;4749;6;4;3;10;2;20;19;24;26;22;37;39;45;32;58;50;54;57;60;70;67;69;63;75
BINGO CARABOBO;4750;5;13;2;3;8;17;19;24;26;18;32;39;37;35;54;50;53;60;58;65;67;73;61;64
BINGO CARABOBO;4751;10;11;7;15;12;27;22;20;28;25;41;40;38;43;51;52;47;56;57;72;62;63;69;70
BINGO CARABOBO;4752;9;4;1;6;14;29;21;30;16;23;34;36;44;31;49;48;59;46;55;66;75;71;74;68
BINGO CARABOBO;4753;13;6;7;12;5;20;26;19;28;17;35;40;33;37;54;48;49;50;47;71;63;72;66;65
BINGO CARABOBO;4754;9;11;10;4;8;25;21;23;22;29;41;43;34;38;52;60;51;55;53;61;74;67;70;68
BINGO CARABOBO;4755;2;3;15;14;1;24;18;16;27;30;39;31;45;42;58;57;59;56;46;73;75;64;69;62
BINGO CARABOBO;4756;6;4;8;11;3;20;29;18;22;21;41;43;37;33;50;55;56;57;54;73;68;67;64;62
BINGO CARABOBO;4757;10;5;7;12;14;24;23;25;28;30;44;40;36;39;47;58;59;51;49;70;71;74;63;72
BINGO CARABOBO;4758;13;9;2;15;1;16;26;17;27;19;32;35;31;45;48;53;52;46;60;65;75;61;69;66
BINGO CARABOBO;4759;12;9;15;14;5;27;25;19;17;22;32;35;33;34;59;50;52;55;58;74;61;69;63;66
BINGO CARABOBO;4760;6;11;1;4;7;29;20;18;16;26;39;40;38;45;49;54;51;47;56;65;71;70;75;73
BINGO CARABOBO;4761;8;13;3;2;10;28;30;24;23;21;36;31;37;42;57;53;46;60;48;67;64;62;68;72
BINGO CARABOBO;4762;2;9;6;10;5;20;21;23;28;16;39;35;45;36;53;47;54;48;56;64;63;68;73;62
BINGO CARABOBO;4763;4;13;14;15;7;19;27;25;24;29;43;32;40;37;60;52;59;57;51;66;72;75;69;67
BINGO CARABOBO;4764;8;11;3;1;12;17;18;30;22;26;38;33;31;42;58;50;46;55;49;74;71;65;70;61
BINGO CARABOBO;4765;10;8;2;1;4;27;30;22;16;19;34;36;45;33;51;58;53;46;48;74;68;70;62;64
BINGO CARABOBO;4766;5;6;11;12;14;18;26;24;17;28;41;35;37;39;49;52;57;56;50;61;72;69;71;65
BINGO CARABOBO;4767;3;13;9;15;7;25;29;21;20;23;44;38;40;31;59;60;54;55;47;66;75;73;63;67
BINGO CARABOBO;4768;3;13;5;6;7;22;26;21;20;17;32;31;36;37;52;55;54;48;53;72;71;74;66;69
BINGO CARABOBO;4769;4;12;8;14;9;29;24;28;18;30;41;34;43;40;59;49;57;51;56;70;62;63;65;61
BINGO CARABOBO;4770;2;1;11;10;15;23;27;19;25;16;45;38;33;35;47;50;46;58;60;68;75;67;64;73
BINGO CARABOBO;4771;10;1;4;5;9;17;27;29;22;28;44;34;37;39;48;49;47;52;57;68;67;63;73;72
BINGO CARABOBO;4772;13;3;8;6;15;19;18;23;24;26;32;31;42;36;58;46;55;60;59;69;62;64;61;75
BINGO CARABOBO;4773;11;14;12;2;7;20;25;21;16;30;43;38;35;33;51;53;56;54;50;71;74;66;65;70
BINGO CARABOBO;4774;4;8;15;7;1;29;17;30;20;24;35;37;44;42;53;54;50;58;52;65;62;63;71;73
BINGO CARABOBO;4775;9;6;13;5;11;27;23;22;26;19;41;36;32;33;47;46;51;48;56;61;68;74;67;75
BINGO CARABOBO;4776;10;14;3;12;2;18;25;16;28;21;40;43;31;45;55;49;59;60;57;66;69;70;64;72
BINGO CARABOBO;4777;10;8;2;12;15;27;18;26;30;20;43;36;38;40;53;57;59;54;55;69;66;67;64;71
BINGO CARABOBO;4778;3;1;6;14;13;22;21;29;25;24;41;37;39;34;50;48;56;47;60;72;61;68;70;73
BINGO CARABOBO;4779;5;7;4;11;9;19;23;16;17;28;44;35;45;42;49;58;46;51;52;65;74;75;62;63
BINGO CARABOBO;4780;10;13;2;15;8;23;19;17;28;22;31;40;39;42;58;48;53;54;47;62;67;71;63;74
BINGO CARABOBO;4781;12;4;6;11;9;26;25;30;16;20;33;36;44;38;56;59;55;49;46;64;70;68;61;66
BINGO CARABOBO;4782;5;3;7;1;14;29;21;27;24;18;37;45;43;34;52;50;57;51;60;73;65;72;75;69
BINGO CARABOBO;4783;14;3;4;5;7;25;29;26;22;18;32;35;31;33;58;47;53;51;55;62;75;64;73;69
BINGO CARABOBO;4784;12;13;2;10;15;19;20;27;28;16;42;36;45;41;60;56;59;57;48;68;67;70;71;65
BINGO CARABOBO;4785;9;1;6;8;11;17;24;21;30;23;43;38;44;37;52;50;46;49;54;66;72;61;74;63
BINGO CARABOBO;4786;6;4;5;9;14;20;21;17;18;26;43;34;40;37;58;51;56;52;47;75;68;62;72;70
BINGO CARABOBO;4787;8;2;1;12;11;28;19;25;16;23;39;42;44;32;54;55;53;48;46;71;69;67;63;73
BINGO CARABOBO;4788;10;7;3;13;15;29;30;22;24;27;31;36;45;33;49;50;57;60;59;64;61;74;66;65
BINGO CARABOBO;4789;7;4;10;13;6;18;26;23;22;20;41;42;32;31;48;50;60;57;59;66;62;64;70;63
BINGO CARABOBO;4790;8;3;15;9;14;28;25;17;19;27;39;43;38;37;53;56;55;47;46;67;71;68;73;75
BINGO CARABOBO;4791;11;1;5;2;12;29;24;30;21;16;36;34;33;40;51;58;52;54;49;72;65;74;61;69
BINGO CARABOBO;4792;14;9;15;10;5;29;18;23;27;19;43;37;39;41;50;57;47;51;59;75;67;71;74;68
BINGO CARABOBO;4793;12;4;7;6;13;30;20;25;24;17;42;33;36;32;54;55;48;56;58;73;65;61;72;64
BINGO CARABOBO;4794;8;2;3;1;11;26;21;28;22;16;38;34;45;31;52;49;46;53;60;70;63;62;66;69
BINGO CARABOBO;4795;2;12;15;4;3;24;16;22;25;29;38;42;35;32;56;52;51;48;58;67;65;71;63;70
BINGO CARABOBO;4796;13;6;8;10;11;23;20;21;26;27;40;34;41;37;50;54;46;55;60;66;69;73;72;74
BINGO CARABOBO;4797;14;5;7;9;1;18;19;28;30;17;36;44;31;45;53;47;57;59;49;62;64;68;75;61
BINGO CARABOBO;4798;5;14;9;13;7;28;30;23;27;22;31;43;45;34;55;50;57;53;54;62;63;64;67;70
BINGO CARABOBO;4799;3;8;11;6;2;29;17;18;26;21;42;40;35;44;51;58;56;47;52;69;75;66;72;61
BINGO CARABOBO;4800;1;4;10;12;15;16;24;20;25;19;36;37;33;32;48;59;49;60;46;71;68;65;74;73
BINGO CARABOBO;4801;5;6;8;3;11;24;20;30;16;29;36;44;43;35;50;48;53;51;56;66;63;72;69;68
BINGO CARABOBO;4802;12;7;10;13;15;23;25;28;18;22;37;45;41;34;60;58;46;54;52;67;71;62;65;70
BINGO CARABOBO;4803;14;1;9;2;4;26;21;19;27;17;31;32;42;33;59;47;55;49;57;75;64;73;74;61
BINGO CARABOBO;4804;15;6;13;4;2;27;28;20;23;26;44;40;39;41;53;48;51;56;58;71;72;62;74;73
BINGO CARABOBO;4805;11;8;9;14;5;19;25;21;29;17;38;45;32;34;55;49;47;59;57;70;65;69;64;63
BINGO CARABOBO;4806;7;12;10;3;1;24;18;16;30;22;35;37;42;31;54;52;50;60;46;75;67;61;68;66
BINGO CARABOBO;4807;5;8;4;3;15;19;20;17;24;23;41;33;37;40;60;58;47;54;48;73;65;62;74;64
BINGO CARABOBO;4808;7;13;14;11;6;29;26;27;22;21;35;31;39;36;57;50;51;59;55;68;63;66;70;67
BINGO CARABOBO;4809;10;2;12;1;9;25;30;16;18;28;45;34;42;44;49;53;52;46;56;72;61;71;75;69
BINGO CARABOBO;4810;11;7;9;2;13;24;29;20;21;25;43;42;45;38;53;51;47;57;50;62;63;70;66;64
BINGO CARABOBO;4811;14;10;3;12;4;27;26;18;17;23;36;33;31;32;56;49;54;58;59;74;75;68;73;65
BINGO CARABOBO;4812;8;5;6;1;15;30;19;16;28;22;37;39;34;44;48;55;52;46;60;61;69;71;72;67
BINGO CARABOBO;4813;5;3;2;8;12;17;20;18;27;26;37;39;44;33;50;57;58;51;53;68;64;72;67;70
BINGO CARABOBO;4814;15;14;10;11;6;25;28;29;21;22;31;42;40;45;56;49;55;54;47;73;69;75;63;66
BINGO CARABOBO;4815;4;13;9;7;1;23;19;24;30;16;35;41;34;32;52;60;46;48;59;62;65;71;74;61
BINGO CARABOBO;4816;8;9;3;6;12;23;17;18;22;20;42;33;31;45;59;55;54;53;60;63;67;73;68;62
BINGO CARABOBO;4817;14;11;4;2;13;24;19;27;28;25;41;43;38;37;57;49;47;50;48;69;61;72;65;66
BINGO CARABOBO;4818;10;5;15;1;7;21;30;29;16;26;40;34;32;39;51;52;56;58;46;64;74;71;75;70
BINGO CARABOBO;4819;5;2;14;3;7;19;24;29;27;23;36;42;39;32;50;51;56;47;48;70;72;73;71;75
BINGO CARABOBO;4820;12;9;13;15;1;18;21;17;20;30;44;43;33;37;53;55;54;46;52;67;66;63;69;62
BINGO CARABOBO;4821;11;6;10;8;4;22;26;16;25;28;31;35;41;45;58;60;57;49;59;61;65;68;74;64
BINGO CARABOBO;4822;15;4;2;13;8;27;19;18;21;29;38;45;34;39;54;57;59;49;58;74;61;63;75;67
BINGO CARABOBO;4823;9;7;3;5;10;20;16;22;26;23;43;33;35;41;47;51;52;53;60;71;69;65;73;64
BINGO CARABOBO;4824;12;1;11;6;14;25;24;28;30;17;31;44;42;32;46;50;56;48;55;68;62;66;70;72
BINGO CARABOBO;4825;2;6;14;13;7;16;22;17;25;20;45;38;34;36;59;50;57;56;48;61;73;64;67;63
BINGO CARABOBO;4826;10;12;5;11;4;24;29;28;18;30;42;44;33;32;60;47;55;51;53;65;74;72;68;66
BINGO CARABOBO;4827;8;15;3;9;1;21;23;26;27;19;41;37;35;31;46;49;54;58;52;69;75;70;71;62
BINGO CARABOBO;4828;11;2;13;10;8;30;17;20;26;21;41;43;36;39;55;54;51;58;56;64;74;65;75;67
BINGO CARABOBO;4829;15;14;5;3;6;28;19;27;16;22;33;42;44;40;50;57;46;53;52;72;69;62;61;68
BINGO CARABOBO;4830;1;12;4;9;7;23;24;29;25;18;34;32;31;37;49;59;48;60;47;66;73;70;71;63
BINGO CARABOBO;4831;15;4;6;10;1;26;21;24;23;25;37;44;32;42;57;51;58;56;50;70;63;69;67;66
BINGO CARABOBO;4832;3;8;11;14;9;27;19;17;18;29;38;39;31;35;46;52;55;54;48;71;74;62;68;64
BINGO CARABOBO;4833;12;5;7;2;13;16;20;28;22;30;40;41;36;45;59;47;60;49;53;72;75;73;61;65
BINGO CARABOBO;4834;3;9;11;14;10;27;17;20;21;18;35;45;42;41;59;57;48;58;51;69;68;63;64;73
BINGO CARABOBO;4835;5;1;2;4;7;25;24;22;23;30;34;31;43;33;47;50;60;55;46;75;62;66;65;72
BINGO CARABOBO;4836;12;13;15;6;8;16;26;19;28;29;40;38;32;44;53;54;56;52;49;71;70;67;74;61
BINGO CARABOBO;4837;11;13;3;10;9;20;18;30;21;24;42;34;33;35;60;52;53;55;56;74;73;61;70;66
BINGO CARABOBO;4838;2;14;1;12;5;19;17;26;25;16;40;45;36;31;49;58;47;57;59;68;63;71;67;72
BINGO CARABOBO;4839;8;6;7;4;15;23;27;22;29;28;38;39;44;32;48;51;50;54;46;75;69;65;62;64
BINGO CARABOBO;4840;8;3;2;9;13;22;27;29;19;16;36;35;34;39;48;46;55;58;52;68;67;74;63;70
BINGO CARABOBO;4841;11;7;14;15;10;18;25;23;21;24;44;45;38;37;51;53;49;47;54;65;75;64;71;62
BINGO CARABOBO;4842;6;4;1;12;5;28;26;17;30;20;42;31;43;40;59;50;56;57;60;66;72;73;61;69
BINGO CARABOBO;4843;7;3;12;4;5;25;17;23;30;28;40;35;33;37;47;49;53;55;56;67;66;62;68;74
BINGO CARABOBO;4844;13;8;11;1;6;26;16;29;19;22;34;38;39;42;52;60;50;57;51;73;65;63;69;64
BINGO CARABOBO;4845;14;9;10;2;15;21;24;18;27;20;43;45;36;44;46;48;58;54;59;72;70;75;61;71
BINGO CARABOBO;4846;3;7;5;11;14;25;17;23;18;19;41;39;32;38;58;49;46;57;55;74;66;71;68;64
BINGO CARABOBO;4847;6;15;4;9;8;28;30;21;24;22;40;45;43;35;59;52;53;50;51;63;62;70;69;75
BINGO CARABOBO;4848;10;13;2;1;12;29;27;26;20;16;33;36;31;44;60;47;54;56;48;73;61;67;65;72
BINGO CARABOBO;4849;9;10;1;6;8;27;28;26;29;23;38;32;41;39;47;51;55;50;56;74;62;69;72;71
BINGO CARABOBO;4850;2;13;5;11;14;21;24;25;18;16;45;40;42;37;52;54;60;49;48;64;68;67;73;61
BINGO CARABOBO;4851;15;4;7;3;12;20;22;19;17;30;34;35;31;44;53;58;57;59;46;75;66;70;65;63
BINGO CARABOBO;4852;5;3;9;4;7;23;18;30;22;26;36;32;44;35;54;52;59;50;51;67;68;62;63;65
BINGO CARABOBO;4853;8;10;11;2;1;25;20;16;17;27;37;34;33;42;48;47;55;58;46;69;66;74;75;73
BINGO CARABOBO;4854;12;14;6;13;15;19;21;28;29;24;31;41;40;45;56;53;57;60;49;61;64;71;72;70
BINGO CARABOBO;4855;15;11;10;2;4;18;23;21;17;24;36;44;31;38;52;54;47;60;48;61;71;73;68;74
BINGO CARABOBO;4856;5;7;13;12;8;25;26;16;20;27;34;32;45;37;49;57;59;51;53;65;66;70;67;69
BINGO CARABOBO;4857;3;14;1;6;9;19;28;22;30;29;35;40;39;41;50;58;56;55;46;64;75;63;62;72
BINGO CARABOBO;4858;12;9;13;8;5;21;24;30;20;25;43;34;41;40;54;53;52;47;49;68;62;72;67;66
BINGO CARABOBO;4859;11;15;6;7;3;22;19;18;27;26;33;39;37;42;59;58;46;56;57;71;63;74;73;61
BINGO CARABOBO;4860;4;1;2;10;14;16;28;23;29;17;36;38;31;32;51;55;60;48;50;65;75;70;69;64
BINGO CARABOBO;4861;8;14;3;9;4;19;26;29;27;16;37;32;42;36;48;50;52;49;57;72;62;74;69;63
BINGO CARABOBO;4862;7;12;13;5;2;18;30;22;21;24;33;34;38;44;55;53;47;58;59;64;65;75;70;73
BINGO CARABOBO;4863;6;1;11;10;15;25;23;20;28;17;41;43;40;31;51;56;60;46;54;68;71;66;67;61
BINGO CARABOBO;4864;14;6;5;11;10;26;19;21;23;29;41;35;37;40;57;58;47;48;51;68;75;67;64;62
BINGO CARABOBO;4865;3;1;2;7;12;30;18;28;24;25;42;44;32;34;54;46;50;56;59;69;65;72;66;73
BINGO CARABOBO;4866;15;8;4;9;13;22;20;27;16;17;33;31;45;38;49;55;52;60;53;61;74;63;70;71
BINGO CARABOBO;4867;2;3;6;13;11;25;26;21;17;20;43;35;39;36;56;47;55;57;46;71;74;72;70;64
BINGO CARABOBO;4868;12;14;7;9;1;24;18;19;27;23;34;40;37;38;50;49;48;60;53;65;67;75;68;62
BINGO CARABOBO;4869;5;4;10;15;8;22;28;29;16;30;33;31;45;41;52;58;54;59;51;66;63;69;61;73
BINGO CARABOBO;4870;14;8;2;3;4;26;18;27;21;17;39;40;35;41;55;47;54;50;49;73;64;63;62;74
BINGO CARABOBO;4871;6;13;12;15;9;16;28;22;19;29;38;44;42;33;53;56;59;48;51;69;71;70;68;72
BINGO CARABOBO;4872;1;11;5;7;10;23;24;20;25;30;31;45;34;36;57;58;52;46;60;66;65;67;61;75
BINGO CARABOBO;4873;8;12;14;15;10;21;27;16;28;24;40;38;43;34;54;52;46;49;58;66;68;62;67;74
BINGO CARABOBO;4874;7;11;9;1;5;18;30;29;22;19;41;39;35;42;48;59;60;56;51;64;65;69;63;73
BINGO CARABOBO;4875;6;3;13;4;2;23;20;25;26;17;32;33;37;31;53;55;50;57;47;61;75;71;70;72
BINGO CARABOBO;4876;11;5;7;12;8;30;20;22;28;17;37;39;36;43;51;50;53;56;58;69;68;63;70;74
BINGO CARABOBO;4877;2;6;15;14;4;16;23;19;25;21;41;34;45;31;59;49;57;55;47;72;67;73;62;71
BINGO CARABOBO;4878;10;13;3;9;1;26;27;24;29;18;40;42;32;44;60;46;54;48;52;66;65;64;61;75
BINGO CARABOBO;4879;12;5;10;6;13;26;24;21;27;25;42;33;39;40;48;60;53;55;49;71;75;67;73;63
BINGO CARABOBO;4880;2;4;15;14;9;18;19;22;30;23;38;43;34;37;58;57;54;47;59;66;62;68;65;69
BINGO CARABOBO;4881;3;7;8;1;11;17;20;16;28;29;32;44;45;31;52;46;51;56;50;72;70;64;74;61
BINGO CARABOBO;4882;13;12;4;10;11;21;20;26;16;30;43;42;35;37;55;56;47;51;48;65;68;74;64;63
BINGO CARABOBO;4883;2;5;7;9;3;27;22;24;25;23;34;40;44;39;59;52;58;57;50;72;62;70;69;67
BINGO CARABOBO;4884;6;8;14;1;15;28;18;19;17;29;36;38;32;45;46;53;49;54;60;73;61;71;75;66
BINGO CARABOBO;4885;11;4;3;12;13;28;20;22;16;21;35;41;37;40;47;55;59;52;46;61;66;68;69;72
BINGO CARABOBO;4886;7;14;15;2;10;23;26;19;24;18;39;33;42;43;50;49;53;60;54;64;63;65;67;74
BINGO CARABOBO;4887;6;5;8;1;9;29;30;27;25;17;32;38;36;45;48;56;57;51;58;75;70;71;62;73
BINGO CARABOBO;4888;14;13;12;2;10;25;19;18;20;29;34;38;39;31;59;48;47;51;56;66;69;65;75;73
BINGO CARABOBO;4889;11;3;15;6;5;22;27;24;28;16;41;37;40;36;55;49;57;58;52;72;64;68;62;61
BINGO CARABOBO;4890;8;7;4;9;1;26;23;21;30;17;35;44;33;45;50;60;46;54;53;67;74;70;63;71
BINGO CARABOBO;4891;2;3;15;8;1;29;25;21;23;28;40;39;38;45;56;60;50;55;48;71;74;64;68;69
BINGO CARABOBO;4892;6;13;12;10;4;18;22;17;24;26;33;34;41;43;47;58;53;54;57;72;67;62;65;73
BINGO CARABOBO;4893;14;9;5;7;11;27;16;20;19;30;35;42;31;36;49;51;46;59;52;66;61;63;75;70
BINGO CARABOBO;4894;5;9;13;3;8;22;30;18;17;24;38;41;32;42;49;57;59;46;55;73;74;64;63;65
BINGO CARABOBO;4895;6;1;11;10;12;23;28;19;26;21;40;36;37;43;58;56;53;54;60;69;61;71;75;67
BINGO CARABOBO;4896;2;14;4;15;7;25;27;29;16;20;34;31;44;45;51;48;50;47;52;68;62;66;70;72
BINGO CARABOBO;4897;9;4;11;2;10;24;28;18;20;22;33;40;39;42;49;57;59;58;52;64;74;63;71;62
BINGO CARABOBO;4898;3;7;6;5;14;25;29;26;19;21;36;38;32;37;50;55;53;51;56;72;66;69;73;68
BINGO CARABOBO;4899;8;1;12;13;15;16;23;27;30;17;44;45;34;31;60;48;54;47;46;70;67;75;65;61
BINGO CARABOBO;4900;8;11;13;12;1;26;17;20;16;27;34;36;35;42;47;48;58;55;50;75;65;66;72;63
BINGO CARABOBO;4901;6;5;14;15;3;25;24;28;29;21;37;44;39;33;56;59;49;57;51;71;73;69;74;67
BINGO CARABOBO;4902;7;9;4;10;2;30;18;22;19;23;32;31;41;43;54;53;52;46;60;70;62;64;68;61
BINGO CARABOBO;4903;4;12;2;8;14;20;28;17;25;30;43;44;37;42;54;47;55;58;56;65;63;67;73;71
BINGO CARABOBO;4904;5;11;9;3;7;16;22;21;26;18;33;41;32;38;48;49;53;60;51;66;68;75;64;70
BINGO CARABOBO;4905;10;6;13;1;15;29;24;23;27;19;40;35;31;36;50;52;57;59;46;72;61;69;74;62
BINGO CARABOBO;4906;12;14;6;8;10;28;22;23;30;21;40;32;34;38;55;59;49;53;57;75;68;69;67;66
BINGO CARABOBO;4907;4;9;7;15;13;25;18;17;27;16;31;41;39;33;56;46;52;50;60;71;64;70;72;65
BINGO CARABOBO;4908;3;2;11;1;5;20;19;26;29;24;36;43;45;35;51;48;54;47;58;61;62;73;63;74
BINGO CARABOBO;4909;11;4;6;14;13;22;24;26;29;21;43;38;44;40;49;51;57;59;55;73;63;65;74;70
BINGO CARABOBO;4910;8;5;10;9;3;28;20;18;25;27;32;35;34;36;58;54;56;53;60;64;71;67;62;61
BINGO CARABOBO;4911;12;15;2;7;1;17;16;19;23;30;37;31;33;45;50;52;48;47;46;72;68;66;75;69
BINGO CARABOBO;4912;7;2;11;8;4;25;23;29;27;19;35;34;32;39;47;50;58;48;49;71;64;67;72;74
BINGO CARABOBO;4913;12;5;9;13;6;26;18;21;20;24;44;36;45;40;53;55;56;52;51;65;69;66;62;70
BINGO CARABOBO;4914;14;3;10;15;1;28;17;30;22;16;41;42;37;31;57;54;46;59;60;61;63;68;75;73
BINGO CARABOBO;4915;9;11;3;5;8;20;26;23;27;19;40;34;43;44;55;59;58;57;49;66;73;64;74;67
BINGO CARABOBO;4916;7;14;12;4;10;28;18;21;16;24;32;41;33;42;60;47;51;50;53;71;70;63;68;65
BINGO CARABOBO;4917;15;13;6;1;2;25;29;22;17;30;45;35;37;38;54;48;52;56;46;72;62;75;69;61
BINGO CARABOBO;4918;2;15;1;7;11;27;29;22;30;17;43;40;41;36;56;57;58;47;50;69;62;70;73;61
BINGO CARABOBO;4919;13;14;4;5;6;16;20;26;19;21;35;39;44;38;59;51;53;60;49;75;65;68;71;67
BINGO CARABOBO;4920;10;9;8;3;12;24;25;23;28;18;34;42;45;31;52;48;54;46;55;66;72;64;74;63
BINGO CARABOBO;4921;11;10;14;4;7;21;18;23;17;19;38;39;34;44;58;59;55;47;48;66;69;68;62;67
BINGO CARABOBO;4922;3;6;5;8;9;16;26;22;28;25;42;35;45;32;53;60;51;54;52;73;70;74;71;61
BINGO CARABOBO;4923;12;2;1;13;15;24;20;29;27;30;43;37;40;31;56;49;50;46;57;72;75;65;64;63
BINGO CARABOBO;4924;11;9;13;5;8;24;30;23;26;29;43;33;41;36;52;50;56;54;57;68;67;69;71;62
BINGO CARABOBO;4925;7;15;1;3;10;17;22;20;18;19;38;37;40;32;47;48;58;55;51;64;66;75;63;65
BINGO CARABOBO;4926;14;4;2;12;6;27;21;25;28;16;44;31;39;35;59;60;46;53;49;72;73;70;61;74
BINGO CARABOBO;4927;13;5;15;10;9;27;17;24;18;26;43;32;34;33;46;49;59;54;47;64;65;62;69;75
BINGO CARABOBO;4928;3;11;12;2;4;19;23;16;25;22;37;40;42;35;48;50;52;58;51;70;71;66;61;68
BINGO CARABOBO;4929;8;1;6;7;14;21;29;20;30;28;36;41;31;38;55;57;53;56;60;67;63;73;74;72
BINGO CARABOBO;4930;5;2;10;4;7;20;27;18;29;17;45;35;31;37;52;59;49;54;55;72;69;73;66;71
BINGO CARABOBO;4931;11;3;12;6;13;21;22;24;28;26;40;36;44;33;57;53;47;56;48;67;63;74;64;68
BINGO CARABOBO;4932;1;9;8;14;15;19;25;30;16;23;42;34;39;38;60;58;50;46;51;75;65;70;61;62
BINGO CARABOBO;4933;6;2;3;15;7;25;27;17;30;22;33;44;43;32;60;46;59;53;54;68;73;63;64;71
BINGO CARABOBO;4934;8;10;14;9;11;26;24;18;21;20;36;37;41;40;57;48;52;56;51;66;69;67;72;74
BINGO CARABOBO;4935;5;12;13;1;4;19;29;16;23;28;38;31;35;34;49;58;50;47;55;62;70;61;75;65
BINGO CARABOBO;4936;3;8;6;12;9;26;22;23;21;25;31;44;37;33;53;56;59;49;54;68;71;73;64;67
BINGO CARABOBO;4937;11;2;4;13;1;17;19;20;30;18;35;40;36;42;48;57;47;55;50;74;63;65;66;70
BINGO CARABOBO;4938;14;5;7;10;15;24;28;27;29;16;39;32;45;38;52;51;58;46;60;61;75;69;72;62
BINGO CARABOBO;4939;13;12;15;10;6;26;17;18;21;28;33;34;45;38;48;47;46;54;51;73;64;69;63;67
BINGO CARABOBO;4940;4;5;3;8;2;22;30;27;23;20;40;42;41;35;55;56;53;59;49;72;74;70;65;62
BINGO CARABOBO;4941;7;11;14;1;9;25;24;19;29;16;43;32;31;39;50;58;57;60;52;66;71;75;68;61
BINGO CARABOBO;4942;10;5;13;8;14;26;24;29;17;27;39;32;41;40;60;47;50;53;52;71;73;67;66;69
BINGO CARABOBO;4943;15;1;11;4;12;18;28;22;23;19;33;31;44;36;59;49;55;46;54;63;65;68;64;70
BINGO CARABOBO;4944;6;7;3;2;9;20;25;21;30;16;34;45;38;42;57;56;48;51;58;72;62;75;61;74
BINGO CARABOBO;4945;4;8;9;14;7;21;17;23;18;20;41;44;38;31;55;49;52;53;51;61;69;63;75;71
BINGO CARABOBO;4946;11;13;2;6;12;28;22;29;26;16;42;45;35;43;56;46;48;54;60;67;66;73;65;62
BINGO CARABOBO;4947;5;3;10;15;1;25;30;24;27;19;40;37;39;32;50;57;47;58;59;68;70;74;64;72
BINGO CARABOBO;4948;11;5;8;12;3;20;30;19;22;21;31;34;42;38;54;60;56;57;53;74;69;68;70;71
BINGO CARABOBO;4949;10;4;13;9;2;25;28;17;18;23;33;35;32;39;48;55;58;52;50;63;65;62;72;61
BINGO CARABOBO;4950;14;15;7;1;6;24;27;29;16;26;43;44;37;41;47;51;49;46;59;73;66;67;75;64
BINGO CARABOBO;4951;11;9;14;3;8;29;24;18;23;19;38;41;42;37;48;46;58;49;53;67;69;61;73;65
BINGO CARABOBO;4952;5;10;12;7;15;21;26;22;17;28;44;43;36;32;47;50;54;51;57;64;70;71;75;66
BINGO CARABOBO;4953;2;4;1;6;13;27;25;30;20;16;39;33;45;35;52;56;59;55;60;63;68;62;72;74
BINGO CARABOBO;4954;6;13;12;2;5;20;21;23;18;16;39;35;36;42;53;47;57;48;58;63;64;67;72;61
BINGO CARABOBO;4955;4;11;3;9;14;22;29;17;19;30;33;38;44;32;60;52;59;49;50;69;66;70;75;73
BINGO CARABOBO;4956;7;10;8;1;15;28;24;27;25;26;40;45;31;41;54;51;55;56;46;68;65;74;62;71
BINGO CARABOBO;4957;4;15;9;6;5;28;25;26;16;29;32;41;37;40;49;56;51;48;52;72;66;62;68;70
BINGO CARABOBO;4958;7;10;13;1;3;22;19;20;24;21;35;42;43;45;50;58;46;54;57;67;63;75;61;64
BINGO CARABOBO;4959;12;2;8;14;11;23;27;18;17;30;38;31;36;44;55;59;47;53;60;69;74;65;71;73
BINGO CARABOBO;4960;1;9;13;10;12;17;18;27;26;23;38;37;42;41;59;51;47;55;58;65;63;67;75;69
BINGO CARABOBO;4961;8;3;11;5;4;24;19;21;25;20;32;44;34;36;54;56;48;53;50;64;71;72;70;61
BINGO CARABOBO;4962;15;7;2;14;6;28;29;16;22;30;40;43;45;33;52;49;57;46;60;68;62;73;66;74
BINGO CARABOBO;4963;11;2;14;12;1;24;21;23;16;28;38;43;36;39;56;57;55;59;52;63;66;61;71;67
BINGO CARABOBO;4964;6;15;13;9;3;27;25;29;26;18;41;32;31;37;46;48;54;47;49;72;65;69;73;74
BINGO CARABOBO;4965;7;4;8;10;5;22;17;20;19;30;44;35;45;40;51;53;58;50;60;64;70;68;62;75
BINGO CARABOBO;4966;2;3;10;6;4;28;25;23;21;26;37;39;31;34;58;59;55;49;53;75;67;68;61;64
BINGO CARABOBO;4967;14;13;8;15;5;16;27;22;24;18;35;38;44;45;51;48;57;60;50;70;62;69;65;72
BINGO CARABOBO;4968;7;11;9;12;1;17;29;20;30;19;32;42;41;33;56;46;52;47;54;74;66;71;73;63
BINGO CARABOBO;4969;13;2;9;5;8;21;22;17;19;26;37;44;34;32;55;60;48;58;57;73;69;68;66;72
BINGO CARABOBO;4970;11;10;14;3;7;28;25;18;20;23;33;31;36;41;53;52;49;51;54;74;64;61;62;65
BINGO CARABOBO;4971;12;6;15;4;1;24;27;29;30;16;42;43;35;39;56;46;59;47;50;63;70;71;75;67
BINGO CARABOBO;4972;2;5;13;8;1;25;21;19;23;16;37;35;38;34;59;50;47;51;57;73;75;64;69;70
BINGO CARABOBO;4973;7;15;4;10;11;27;22;28;26;29;40;32;44;39;54;53;58;49;48;74;62;61;65;67
BINGO CARABOBO;4974;9;3;12;14;6;24;17;18;30;20;42;33;31;36;56;46;55;60;52;71;66;68;72;63
BINGO CARABOBO;4975;7;10;11;9;13;17;22;20;30;25;39;38;32;43;54;47;53;51;56;66;68;70;67;62
BINGO CARABOBO;4976;6;3;4;15;2;19;26;18;23;27;33;44;36;31;46;50;58;55;59;64;65;69;71;74
BINGO CARABOBO;4977;5;12;8;14;1;28;21;24;16;29;35;34;41;37;49;48;57;60;52;61;63;73;75;72
BINGO CARABOBO;4978;13;4;5;2;11;27;17;24;25;18;40;31;34;44;55;48;50;59;46;70;75;67;66;65
BINGO CARABOBO;4979;15;12;8;3;6;21;23;19;26;28;33;36;38;41;60;49;57;54;52;63;64;61;72;68
BINGO CARABOBO;4980;10;9;14;1;7;20;22;30;29;16;43;45;37;39;53;51;56;47;58;73;71;69;62;74
BINGO CARABOBO;4981;13;10;7;11;5;22;26;23;21;20;41;40;36;32;52;54;50;49;53;69;67;64;63;61
BINGO CARABOBO;4982;6;8;9;1;3;27;25;17;29;16;39;44;38;43;60;55;57;46;48;74;65;70;66;62
BINGO CARABOBO;4983;12;2;15;14;4;28;24;30;18;19;31;42;33;35;51;47;58;56;59;73;75;71;72;68
BINGO CARABOBO;4984;6;10;14;9;12;19;23;25;29;20;35;44;33;34;56;48;53;51;47;63;70;62;64;71
BINGO CARABOBO;4985;4;2;3;15;7;21;26;28;24;27;37;40;41;31;58;57;55;50;52;67;69;65;68;74
BINGO CARABOBO;4986;5;11;1;13;8;17;22;30;18;16;39;42;45;36;59;60;49;54;46;66;73;72;75;61
BINGO CARABOBO;4987;7;13;5;3;9;29;20;22;25;21;38;43;31;36;47;56;48;54;53;71;69;75;68;70
BINGO CARABOBO;4988;11;1;14;6;2;16;27;28;26;30;42;33;32;41;57;58;46;55;49;64;67;72;66;73
BINGO CARABOBO;4989;8;12;10;4;15;18;19;23;17;24;40;34;39;35;52;50;59;60;51;62;65;63;74;61
BINGO CARABOBO;4990;7;5;14;11;6;22;25;23;30;29;39;45;32;35;54;59;47;58;57;71;62;64;67;73
BINGO CARABOBO;4991;9;15;2;12;8;19;17;18;20;26;44;43;37;33;55;49;48;52;51;69;63;68;61;66
BINGO CARABOBO;4992;4;3;10;13;1;21;27;28;16;24;40;42;36;31;53;56;50;46;60;72;70;65;75;74
BINGO CARABOBO;4993;4;5;7;2;14;27;23;21;26;18;42;39;40;36;56;54;51;52;58;69;74;67;71;72
BINGO CARABOBO;4994;13;9;1;12;3;30;28;17;20;16;37;45;43;35;48;49;53;57;55;70;73;65;64;66
BINGO CARABOBO;4995;8;10;6;15;11;19;25;24;22;29;44;38;31;33;47;59;60;46;50;62;68;63;75;61
BINGO CARABOBO;4996;8;5;13;7;4;20;16;25;17;18;37;44;42;40;56;50;57;59;46;74;75;64;66;68
BINGO CARABOBO;4997;15;11;10;2;12;26;22;27;23;24;39;43;36;45;55;52;54;49;48;72;65;70;67;62
BINGO CARABOBO;4998;9;1;6;3;14;30;21;28;19;29;38;41;31;34;51;58;60;47;53;73;61;69;63;71
BINGO CARABOBO;4999;13;12;8;11;4;18;22;21;26;23;40;32;41;42;59;47;50;54;48;73;64;62;74;65
BINGO CARABOBO;5000;14;5;7;2;10;28;24;27;29;25;36;38;45;39;49;55;52;53;51;68;63;66;72;69
BINGO CARABOBO;5001;3;9;1;15;6;16;30;17;19;20;34;31;37;43;56;58;57;46;60;75;61;70;71;67
BINGO CARABOBO;5002;14;7;12;2;4;28;29;20;21;24;43;42;44;38;56;51;47;60;50;63;67;70;73;64
BINGO CARABOBO;5003;3;15;6;11;5;17;26;27;18;25;36;33;34;31;55;53;52;57;58;74;61;69;66;65
BINGO CARABOBO;5004;13;8;9;1;10;23;19;22;16;30;39;37;35;32;49;54;48;46;59;68;72;71;75;62
BINGO CARABOBO;5005;6;8;7;11;12;22;25;21;16;28;44;45;34;33;56;53;49;58;57;75;73;72;65;70
BINGO CARABOBO;5006;1;15;2;4;9;27;26;29;23;19;31;40;38;42;55;48;50;54;51;69;67;71;63;66
BINGO CARABOBO;5007;5;14;10;13;3;24;18;20;17;30;36;39;32;35;52;60;47;59;46;74;64;68;61;62
BINGO CARABOBO;5008;13;7;2;8;11;26;30;29;20;21;32;36;44;34;54;56;59;55;48;64;67;73;71;66
BINGO CARABOBO;5009;12;9;4;6;5;22;18;27;17;28;41;42;39;43;58;49;50;52;53;68;61;63;70;74
BINGO CARABOBO;5010;10;14;1;3;15;24;19;23;25;16;33;40;45;31;51;47;57;60;46;62;72;69;75;65
BINGO CARABOBO;5011;5;2;4;14;6;29;26;18;16;27;35;43;41;45;48;54;55;60;46;73;70;71;69;74
BINGO CARABOBO;5012;11;12;1;13;15;19;22;17;20;28;40;39;31;44;50;56;57;49;53;66;65;68;62;72
BINGO CARABOBO;5013;9;7;10;8;3;25;23;24;21;30;34;38;33;32;51;58;47;52;59;61;64;67;63;75
BINGO CARABOBO;5014;13;6;1;11;10;24;17;21;26;20;37;43;45;34;53;59;57;54;49;66;67;61;73;65
BINGO CARABOBO;5015;8;14;9;5;4;27;29;16;23;22;35;33;39;42;51;52;48;50;46;71;69;64;74;62
BINGO CARABOBO;5016;7;12;3;2;15;19;25;28;18;30;44;41;38;31;60;47;56;58;55;70;75;63;68;72
BINGO CARABOBO;5017;7;11;8;10;3;19;17;18;24;30;41;35;44;37;48;57;54;53;58;74;72;63;62;71
BINGO CARABOBO;5018;12;9;4;14;2;23;21;26;28;20;39;40;32;38;60;46;56;50;55;64;68;69;65;67
BINGO CARABOBO;5019;15;1;6;5;13;25;29;22;27;16;33;42;45;31;51;49;59;47;52;70;61;73;66;75
BINGO CARABOBO;5020;8;1;9;12;10;26;27;29;21;20;38;40;37;41;48;58;49;54;52;71;62;65;72;63
BINGO CARABOBO;5021;2;13;4;14;3;28;16;24;25;18;44;36;43;34;50;55;57;51;53;70;67;68;64;73
BINGO CARABOBO;5022;6;7;11;15;5;23;19;17;30;22;42;33;45;32;47;56;59;60;46;69;61;74;66;75
BINGO CARABOBO;5023;3;7;12;11;4;18;28;26;25;20;40;41;43;37;47;54;60;57;48;73;72;65;67;70
BINGO CARABOBO;5024;5;15;8;2;13;21;17;30;19;27;36;33;38;35;55;49;58;59;51;74;61;64;71;69
BINGO CARABOBO;5025;1;10;14;6;9;22;16;24;29;23;44;39;31;45;50;52;46;56;53;62;66;68;63;75
BINGO CARABOBO;5026;15;6;11;9;7;24;28;30;17;27;36;42;43;39;55;54;60;58;50;67;65;74;64;73
BINGO CARABOBO;5027;2;5;4;8;14;20;25;22;19;26;33;40;34;44;57;48;49;47;52;63;68;70;72;66
BINGO CARABOBO;5028;12;10;3;1;13;23;18;21;29;16;31;37;45;35;51;56;59;53;46;71;69;62;75;61
BINGO CARABOBO;5029;9;2;11;14;13;20;28;29;19;18;34;39;40;43;58;46;48;51;56;68;67;71;65;69
BINGO CARABOBO;5030;4;5;7;12;3;27;17;21;22;26;42;33;35;44;55;50;52;60;54;72;61;70;66;64
BINGO CARABOBO;5031;8;6;1;15;10;30;23;24;16;25;45;31;36;37;59;47;57;53;49;63;73;62;75;74
BINGO CARABOBO;5032;13;11;10;7;14;18;26;17;25;28;36;35;43;33;49;60;48;47;50;65;63;64;72;67
BINGO CARABOBO;5033;9;3;5;8;4;19;22;20;21;16;41;40;34;45;51;53;58;57;59;62;75;71;66;74
BINGO CARABOBO;5034;6;1;2;15;12;24;27;30;29;23;37;42;38;31;54;46;56;52;55;70;61;69;68;73
BINGO CARABOBO;5035;4;15;8;13;3;25;17;23;30;26;44;35;31;39;58;57;49;51;52;68;72;63;67;64
BINGO CARABOBO;5036;9;2;1;12;11;22;27;29;18;21;36;45;34;37;56;48;54;53;47;69;75;66;70;74
BINGO CARABOBO;5037;6;7;5;10;14;24;28;16;20;19;38;32;41;42;59;60;50;46;55;71;61;73;65;62
BINGO CARABOBO;5038;13;3;1;7;14;20;27;25;19;17;40;43;37;41;57;48;56;58;47;70;62;72;65;73
BINGO CARABOBO;5039;6;11;4;5;2;28;18;22;24;21;34;38;42;35;49;51;54;46;50;68;66;71;67;75
BINGO CARABOBO;5040;9;12;15;8;10;30;16;23;26;29;32;33;31;44;59;55;52;60;53;69;74;61;64;63
BINGO CARABOBO;5041;1;7;9;3;6;24;25;23;27;20;38;33;42;40;59;48;55;47;56;71;72;70;64;68
BINGO CARABOBO;5042;13;11;5;8;15;22;28;16;26;21;31;37;41;43;50;53;51;49;46;69;67;66;74;62
BINGO CARABOBO;5043;2;10;12;4;14;30;19;18;17;29;39;36;44;45;60;54;57;58;52;75;65;73;61;63
BINGO CARABOBO;5044;1;4;14;10;8;18;20;17;25;21;34;32;36;41;49;48;55;60;53;62;67;72;64;70
BINGO CARABOBO;5045;9;3;5;13;12;28;24;23;29;19;31;38;37;33;56;54;58;57;52;68;66;75;63;74
BINGO CARABOBO;5046;15;7;2;11;6;30;16;26;27;22;42;39;40;35;47;50;51;59;46;73;61;69;71;65
BINGO CARABOBO;5047;15;11;10;3;4;24;28;21;27;17;41;34;36;43;58;47;48;49;55;66;63;67;75;70
BINGO CARABOBO;5048;6;5;12;8;7;22;18;26;19;20;42;33;44;40;56;52;59;57;53;73;74;64;65;68
BINGO CARABOBO;5049;2;14;1;9;13;29;23;30;16;25;39;31;45;32;51;46;54;50;60;71;62;69;72;61
BINGO CARABOBO;5050;14;2;8;9;11;20;28;22;26;27;32;38;44;37;47;48;49;50;52;63;71;66;67;61
BINGO CARABOBO;5051;4;5;13;3;12;19;24;23;29;21;40;34;41;43;53;55;51;57;46;74;65;70;69;73
BINGO CARABOBO;5052;6;10;1;7;15;16;25;30;18;17;36;39;35;31;54;58;56;59;60;64;75;72;68;62
BINGO CARABOBO;5053;6;10;13;3;9;30;19;21;22;25;45;36;39;34;57;58;59;55;49;70;71;67;63;72
BINGO CARABOBO;5054;4;12;1;7;5;29;28;20;27;17;32;41;43;37;51;60;53;52;48;73;75;64;62;68
BINGO CARABOBO;5055;2;15;11;14;8;23;18;26;16;24;35;38;44;33;54;50;47;56;46;65;66;74;69;61
BINGO CARABOBO;5056;8;7;6;13;4;19;22;26;16;24;32;40;43;34;58;46;50;53;59;70;64;72;75;73
BINGO CARABOBO;5057;12;14;11;2;3;29;27;23;18;21;36;37;41;33;49;47;52;57;54;63;69;62;68;61
BINGO CARABOBO;5058;9;15;10;1;5;25;20;28;17;30;45;38;39;31;51;55;60;56;48;74;71;65;66;67
BINGO CARABOBO;5059;11;7;12;3;2;19;21;28;29;27;37;33;41;34;46;52;60;54;58;65;69;73;71;74
BINGO CARABOBO;5060;10;5;14;6;8;22;25;26;17;18;43;32;42;45;50;51;56;53;57;72;62;67;66;61
BINGO CARABOBO;5061;9;4;15;1;13;20;16;24;30;23;39;38;40;44;49;47;55;59;48;64;70;75;63;68
BINGO CARABOBO;5062;5;14;12;6;4;22;29;21;25;24;36;44;42;35;58;54;57;59;50;67;69;74;62;71
BINGO CARABOBO;5063;8;3;7;10;13;18;16;23;20;26;41;37;32;34;53;60;47;51;52;65;64;66;63;70
BINGO CARABOBO;5064;2;9;11;1;15;28;30;19;27;17;33;38;45;40;55;48;56;46;49;61;75;68;73;72
BINGO CARABOBO;5065;2;8;9;10;13;29;24;25;21;18;36;35;40;31;50;49;58;48;47;63;65;73;62;70
BINGO CARABOBO;5066;4;12;15;7;6;20;27;30;19;28;32;39;38;33;54;59;56;53;51;75;61;66;74;68
BINGO CARABOBO;5067;5;11;3;1;14;17;16;22;26;23;37;43;44;34;55;52;57;46;60;71;69;67;64;72
BINGO CARABOBO;5068;8;2;4;9;10;23;24;17;26;28;40;32;33;38;50;57;59;51;53;62;72;67;68;74
BINGO CARABOBO;5069;14;3;15;11;5;25;18;19;22;30;37;31;42;34;55;48;54;52;58;66;70;73;71;64
BINGO CARABOBO;5070;12;7;1;13;6;21;20;16;27;29;41;44;36;45;60;46;56;47;49;69;63;65;75;61
BINGO CARABOBO;5071;6;14;5;13;7;20;21;24;28;18;37;34;41;42;53;51;58;52;47;66;65;74;62;67
BINGO CARABOBO;5072;11;4;12;2;15;22;23;26;16;30;40;44;39;45;46;48;59;50;56;73;68;72;64;63
BINGO CARABOBO;5073;3;1;9;10;8;17;19;27;29;25;32;33;36;31;55;57;60;54;49;70;69;71;61;75
BINGO CARABOBO;5074;8;15;10;13;1;16;26;28;19;29;35;31;38;40;50;54;48;49;60;64;63;61;68;69
BINGO CARABOBO;5075;14;4;7;3;9;24;21;20;22;18;44;36;39;33;56;47;53;57;46;73;66;67;71;70
BINGO CARABOBO;5076;6;2;11;5;12;23;17;25;27;30;34;45;32;42;58;51;59;55;52;74;72;62;65;75
BINGO CARABOBO;5077;3;6;7;14;4;20;18;22;24;27;37;36;31;35;50;46;48;51;57;73;63;69;64;67
BINGO CARABOBO;5078;2;10;13;12;9;26;21;23;25;19;40;45;43;41;59;56;49;52;55;72;71;65;66;61
BINGO CARABOBO;5079;5;8;11;1;15;29;16;17;30;28;34;39;32;42;47;58;54;53;60;70;74;68;75;62
BINGO CARABOBO;5080;6;7;14;15;8;27;18;28;23;24;43;33;32;41;55;56;54;59;49;70;73;69;64;63
BINGO CARABOBO;5081;10;11;4;9;5;16;25;30;20;19;35;38;39;44;52;57;58;60;48;65;68;71;66;72
BINGO CARABOBO;5082;13;1;2;12;3;26;22;17;21;29;42;34;36;45;50;53;51;46;47;74;75;62;61;67
BINGO CARABOBO;5083;11;13;10;3;5;20;17;18;29;19;39;37;41;43;53;57;51;55;60;73;65;69;74;61
BINGO CARABOBO;5084;14;12;7;4;9;23;25;28;24;27;31;36;32;33;54;50;49;48;52;63;75;67;72;68
BINGO CARABOBO;5085;6;8;15;2;1;21;26;22;16;30;38;42;34;35;47;56;46;58;59;64;66;62;71;70
BINGO CARABOBO;5086;3;15;4;12;13;20;28;27;25;17;33;37;38;31;55;51;49;53;46;68;70;75;67;69
BINGO CARABOBO;5087;9;6;14;5;8;16;23;30;22;24;36;43;41;45;56;57;59;52;54;73;62;66;64;63
BINGO CARABOBO;5088;11;7;10;2;1;21;19;26;29;18;42;35;44;32;50;60;48;47;58;72;65;74;71;61
BINGO CARABOBO;5089;2;8;5;6;13;27;18;23;29;25;34;41;40;43;57;47;60;54;50;65;61;66;73;69
BINGO CARABOBO;5090;7;11;10;14;4;28;20;26;19;21;39;44;37;45;58;51;56;46;49;63;70;74;68;75
BINGO CARABOBO;5091;12;3;15;9;1;16;22;24;30;17;38;33;32;36;52;59;48;55;53;64;71;72;67;62
BINGO CARABOBO;5092;13;2;4;5;8;26;17;21;18;27;42;39;37;31;52;51;48;50;58;62;72;70;63;67
BINGO CARABOBO;5093;11;1;6;7;15;25;28;24;29;20;38;33;44;41;55;57;49;59;53;69;73;68;74;64
BINGO CARABOBO;5094;10;9;14;12;3;22;23;30;16;19;32;36;43;45;56;47;54;46;60;65;71;75;66;61
BINGO CARABOBO;5095;10;12;1;9;13;24;27;19;30;21;38;35;43;37;51;59;49;48;47;67;68;71;74;72
BINGO CARABOBO;5096;4;6;3;14;11;22;23;20;28;18;39;33;42;32;54;53;58;52;57;64;61;66;73;63
BINGO CARABOBO;5097;8;7;15;5;2;16;26;25;17;29;36;44;45;40;60;56;46;50;55;69;65;75;62;70
BINGO CARABOBO;5098;4;6;1;14;3;18;27;28;20;29;32;41;42;44;46;50;56;59;51;75;69;72;71;70
BINGO CARABOBO;5099;11;15;13;7;8;30;19;22;25;23;37;43;38;45;48;53;58;55;57;74;64;66;67;62
BINGO CARABOBO;5100;12;9;2;10;5;21;17;24;16;26;39;35;33;36;54;49;60;47;52;63;65;68;73;61
BINGO CARABOBO;5101;14;6;11;9;8;25;18;21;26;19;34;44;36;35;59;46;53;55;52;68;72;70;71;67
BINGO CARABOBO;5102;3;5;4;13;15;24;28;17;23;16;39;42;37;43;48;60;47;54;56;62;69;64;74;65
BINGO CARABOBO;5103;2;7;12;1;10;27;30;22;20;29;31;40;45;38;50;51;57;58;49;63;73;66;61;75
BINGO CARABOBO;5104;12;8;7;4;5;22;21;27;25;26;37;32;39;33;49;51;59;60;55;69;66;72;61;64
BINGO CARABOBO;5105;14;1;6;11;15;19;23;28;24;30;36;42;41;35;47;48;50;52;56;75;74;70;67;62
BINGO CARABOBO;5106;9;2;10;13;3;17;18;29;20;16;38;40;43;45;53;57;54;46;58;68;71;63;73;65
BINGO CARABOBO;5107;2;4;11;6;5;17;23;24;27;29;45;43;41;39;59;49;57;58;51;64;72;67;71;68
BINGO CARABOBO;5108;3;10;9;14;8;28;21;25;18;22;42;35;37;31;56;60;48;52;55;70;62;73;74;69
BINGO CARABOBO;5109;13;15;12;1;7;30;26;16;20;19;36;34;44;33;47;46;53;50;54;63;61;66;65;75
BINGO CARABOBO;5110;13;12;1;10;15;19;17;27;29;28;40;37;34;33;47;48;56;58;49;64;71;67;70;73
BINGO CARABOBO;5111;5;4;7;11;6;26;16;22;20;23;43;38;31;36;55;46;57;51;54;69;75;63;68;72
BINGO CARABOBO;5112;9;14;3;8;2;30;18;21;24;25;41;42;32;45;50;59;53;52;60;66;65;74;62;61
BINGO CARABOBO;5113;3;12;14;5;8;20;21;25;23;24;36;39;34;32;50;49;47;54;53;70;63;73;66;71
BINGO CARABOBO;5114;11;6;10;9;13;19;29;22;16;27;31;42;33;40;59;56;58;60;55;65;68;74;61;72
BINGO CARABOBO;5115;7;4;2;1;15;18;17;28;26;30;43;38;37;41;46;48;51;52;57;67;75;69;64;62
BINGO CARABOBO;5116;12;9;11;5;3;29;20;18;28;21;41;37;32;44;50;59;51;52;55;72;73;71;74;68
BINGO CARABOBO;5117;14;4;13;15;8;23;17;26;24;19;43;40;33;34;57;54;48;47;53;66;67;63;61;62
BINGO CARABOBO;5118;2;10;6;1;7;27;22;25;30;16;38;45;36;42;58;49;46;60;56;65;69;70;64;75
BINGO CARABOBO;5119;6;4;14;10;11;19;20;27;23;28;32;45;34;38;48;52;49;58;60;71;72;63;69;61
BINGO CARABOBO;5120;2;9;12;5;8;25;26;17;21;24;41;35;33;36;46;54;55;47;51;74;68;65;66;73
BINGO CARABOBO;5121;15;7;3;1;13;22;29;18;16;30;31;40;42;39;56;59;53;50;57;64;67;70;62;75
BINGO CARABOBO;5122;7;14;13;8;10;22;17;25;20;24;40;41;37;36;50;58;59;48;60;71;74;63;66;67
BINGO CARABOBO;5123;12;1;5;2;9;18;19;23;28;30;39;33;43;42;54;52;57;51;47;62;69;61;65;70
BINGO CARABOBO;5124;15;4;11;3;6;16;26;27;29;21;38;45;34;31;49;55;53;56;46;64;72;68;73;75
BINGO CARABOBO;5125;9;6;5;3;11;25;28;20;30;19;45;40;41;34;57;53;59;56;52;73;71;67;68;62
BINGO CARABOBO;5126;10;15;12;7;8;24;18;29;21;22;43;32;37;39;58;51;48;49;60;74;72;70;63;61
BINGO CARABOBO;5127;4;13;1;2;14;17;27;26;23;16;35;44;31;42;54;47;50;55;46;66;64;69;75;65
BINGO CARABOBO;5128;5;7;12;2;4;19;22;23;21;26;39;44;31;40;46;51;50;58;54;69;62;68;67;72
BINGO CARABOBO;5129;9;11;8;3;10;20;28;29;24;25;38;33;43;32;52;48;53;57;49;61;66;74;70;73
BINGO CARABOBO;5130;14;6;15;13;1;27;16;17;18;30;35;37;36;34;56;55;59;60;47;64;65;71;75;63
BINGO CARABOBO;5131;14;2;5;1;11;19;21;23;20;27;44;33;34;41;47;52;48;56;51;71;66;67;61;64
BINGO CARABOBO;5132;13;4;6;7;10;25;22;17;29;28;43;36;32;42;55;57;54;59;49;70;73;69;63;72
BINGO CARABOBO;5133;15;3;9;12;8;18;26;30;16;24;31;38;37;39;53;58;46;50;60;74;68;75;65;62
BINGO CARABOBO;5134;12;14;7;6;11;22;19;25;27;21;33;37;32;31;48;50;53;54;47;64;66;62;75;65
BINGO CARABOBO;5135;2;4;1;9;5;30;26;24;18;20;42;41;44;35;57;59;55;56;49;72;67;73;63;68
BINGO CARABOBO;5136;13;10;8;3;15;28;17;23;16;29;39;38;45;40;51;46;58;60;52;69;71;61;74;70
BINGO CARABOBO;5137;9;8;5;12;10;19;28;26;22;24;38;32;39;44;53;48;52;51;54;74;67;71;69;65
BINGO CARABOBO;5138;15;3;6;2;4;17;29;27;25;18;45;33;35;42;56;49;47;55;59;61;73;64;72;75
BINGO CARABOBO;5139;14;11;1;13;7;16;23;20;21;30;37;41;43;31;50;58;60;46;57;68;70;63;66;62
BINGO CARABOBO;5140;3;11;4;5;12;16;23;30;27;25;45;37;41;36;54;59;46;48;60;73;69;72;65;66
BINGO CARABOBO;5141;7;13;8;9;10;17;21;24;26;20;33;35;34;44;52;56;53;57;51;74;62;68;63;70
BINGO CARABOBO;5142;1;6;2;15;14;22;29;28;18;19;40;42;31;43;50;47;55;58;49;64;71;61;75;67
BINGO CARABOBO;5143;8;6;12;7;15;20;18;27;28;23;43;45;35;36;60;51;48;53;56;67;72;61;73;71
BINGO CARABOBO;5144;10;13;14;11;5;24;22;26;21;16;39;37;34;44;50;52;47;49;58;69;63;62;68;65
BINGO CARABOBO;5145;2;3;4;9;1;29;30;25;19;17;33;32;42;40;57;54;55;46;59;70;74;66;75;64
BINGO CARABOBO;5146;10;1;3;6;13;24;23;26;20;18;40;36;32;39;54;59;53;58;55;62;75;65;67;70
BINGO CARABOBO;5147;8;15;5;14;4;21;16;25;19;27;37;34;43;38;56;48;47;46;60;61;64;68;71;74
BINGO CARABOBO;5148;9;11;7;12;2;17;22;30;28;29;45;42;44;31;52;51;50;57;49;69;72;63;73;66
BINGO CARABOBO;5149;6;4;13;1;3;27;25;18;22;29;41;37;36;35;57;49;55;48;47;72;67;73;75;63
BINGO CARABOBO;5150;5;7;10;9;11;23;19;20;28;21;45;39;40;42;60;51;54;58;50;74;65;68;66;69
BINGO CARABOBO;5151;2;12;14;15;8;24;26;17;16;30;34;43;38;33;46;53;59;56;52;70;61;62;64;71
BINGO CARABOBO;5152;12;11;2;4;6;17;18;27;16;24;35;39;43;38;56;48;47;57;55;72;74;62;67;73
BINGO CARABOBO;5153;3;10;15;13;8;25;20;22;26;21;45;40;44;41;51;53;59;46;58;71;64;63;65;61
BINGO CARABOBO;5154;5;7;9;14;1;28;19;30;23;29;32;33;34;31;52;50;54;49;60;68;75;69;66;70
BINGO CARABOBO;5155;15;6;3;2;7;17;24;29;19;30;42;41;35;38;52;53;54;55;58;63;72;67;74;70
BINGO CARABOBO;5156;10;5;8;1;12;28;26;18;23;20;44;43;40;33;56;59;49;60;51;62;75;71;61;65
BINGO CARABOBO;5157;4;11;13;9;14;25;16;21;22;27;37;45;39;32;46;47;48;50;57;73;69;66;64;68
BINGO CARABOBO;5158;4;8;6;14;5;24;26;23;29;30;40;38;43;45;55;57;54;47;51;68;65;62;71;61
BINGO CARABOBO;5159;2;3;12;10;9;18;25;22;28;17;44;42;39;36;50;46;58;56;53;64;72;67;74;70
BINGO CARABOBO;5160;7;13;11;1;15;16;21;27;20;19;37;34;41;31;49;52;59;60;48;73;66;69;75;63
BINGO CARABOBO;5161;13;12;4;8;15;24;25;19;26;20;40;43;41;42;55;52;51;47;53;66;73;62;61;68
BINGO CARABOBO;5162;10;3;7;14;2;22;18;30;17;21;44;35;34;33;59;58;50;56;60;63;70;67;71;72
BINGO CARABOBO;5163;6;5;9;1;11;23;27;28;29;16;45;38;32;39;49;57;48;54;46;69;74;64;65;75
BINGO CARABOBO;5164;13;1;9;7;2;22;18;21;24;28;35;32;36;33;50;59;52;56;60;64;70;69;61;63
BINGO CARABOBO;5165;4;12;14;5;8;20;23;27;25;26;40;42;39;44;55;54;53;46;47;67;73;68;62;71
BINGO CARABOBO;5166;6;15;10;3;11;30;17;29;19;16;45;34;31;43;51;57;58;48;49;75;72;74;65;66
BINGO CARABOBO;5167;2;14;1;15;4;28;21;17;26;25;36;43;37;45;47;54;53;52;57;61;68;66;64;67
BINGO CARABOBO;5168;12;10;13;7;3;22;29;24;20;19;35;33;41;31;50;56;60;46;49;70;71;72;73;65
BINGO CARABOBO;5169;5;8;9;6;11;23;18;27;16;30;44;42;39;40;55;51;59;48;58;63;69;75;62;74
BINGO CARABOBO;5170;9;10;4;2;11;29;19;23;20;27;42;40;32;37;53;47;48;49;55;65;73;70;69;75
BINGO CARABOBO;5171;14;12;6;3;15;18;21;26;24;28;31;44;33;36;56;58;54;50;52;62;63;61;68;72
BINGO CARABOBO;5172;5;13;1;7;8;22;25;16;30;17;41;34;35;38;57;51;59;46;60;71;66;64;67;74
BINGO CARABOBO;5173;5;8;12;10;14;27;28;20;23;22;39;40;35;33;53;60;55;57;46;63;72;69;61;73
BINGO CARABOBO;5174;2;6;7;1;4;29;21;30;24;26;42;44;38;31;50;58;56;48;47;70;75;64;71;66
BINGO CARABOBO;5175;11;15;9;13;3;16;17;19;25;18;34;32;45;36;54;51;59;52;49;65;62;68;74;67
BINGO CARABOBO;5176;11;2;12;4;8;23;27;17;19;25;38;33;34;41;52;59;54;47;57;74;67;73;70;75
BINGO CARABOBO;5177;9;6;5;13;1;24;28;29;21;30;42;37;40;44;50;48;53;51;49;66;71;68;69;63
BINGO CARABOBO;5178;3;14;7;10;15;18;26;16;22;20;39;31;45;35;56;58;55;46;60;62;61;72;64;65
BINGO CARABOBO;5179;13;5;12;15;11;28;19;25;23;21;38;43;45;41;57;49;53;50;46;64;63;69;68;74
BINGO CARABOBO;5180;3;1;6;9;10;17;20;22;18;29;34;37;40;35;48;55;56;51;59;73;66;62;65;70
BINGO CARABOBO;5181;7;8;4;2;14;26;24;27;16;30;36;42;32;39;47;58;60;52;54;72;75;67;61;71
BINGO CARABOBO;5182;13;12;6;7;4;22;24;18;29;28;42;36;35;34;55;58;50;59;54;74;62;64;73;67
BINGO CARABOBO;5183;11;14;15;9;3;19;21;23;20;27;44;37;40;33;52;57;51;46;56;65;72;71;68;69
BINGO CARABOBO;5184;8;5;2;10;1;16;30;25;17;26;39;43;45;38;47;48;49;53;60;61;66;63;75;70
BINGO CARABOBO;5185;12;10;13;8;9;27;26;21;19;25;42;35;36;43;49;48;53;51;52;66;71;64;63;65
BINGO CARABOBO;5186;14;3;7;1;5;22;18;17;23;30;40;45;37;34;57;58;60;54;47;67;69;61;75;68
BINGO CARABOBO;5187;4;6;2;15;11;16;28;29;20;24;44;39;31;33;56;46;55;59;50;73;70;74;62;72
BINGO CARABOBO;5188;15;12;5;13;7;19;30;23;29;18;36;43;42;44;47;53;49;55;54;67;66;71;73;74
BINGO CARABOBO;5189;3;11;9;2;14;24;20;25;21;22;40;31;38;41;51;59;48;50;52;70;63;68;65;62
BINGO CARABOBO;5190;8;1;6;10;4;28;26;17;27;16;45;32;35;39;56;60;58;46;57;72;75;64;69;61
BINGO CARABOBO;5191;5;10;15;4;2;23;27;25;30;21;45;37;38;39;60;48;51;58;53;74;72;66;68;73
BINGO CARABOBO;5192;12;13;6;7;9;28;19;26;22;20;32;40;43;36;54;57;56;46;55;70;65;69;63;64
BINGO CARABOBO;5193;3;11;8;1;14;29;17;18;24;16;33;34;31;44;49;52;50;47;59;71;61;67;62;75
BINGO CARABOBO;5194;6;12;3;11;4;26;16;19;20;23;40;39;42;36;56;58;57;51;47;67;71;63;70;64
BINGO CARABOBO;5195;8;5;13;7;10;29;27;22;24;17;37;43;41;35;53;50;49;54;55;72;61;66;65;62
BINGO CARABOBO;5196;2;1;9;14;15;21;18;28;25;30;45;34;33;31;52;48;46;59;60;68;73;74;75;69
BINGO CARABOBO;5197;10;12;9;15;4;26;29;25;20;16;40;42;32;39;52;49;46;55;47;64;65;71;62;63
BINGO CARABOBO;5198;5;11;13;14;1;17;18;21;23;22;35;45;37;36;51;56;50;53;59;67;66;70;72;74
BINGO CARABOBO;5199;7;3;6;2;8;27;19;28;24;30;34;33;44;31;60;54;48;58;57;68;69;73;75;61
BINGO CARABOBO;5200;4;8;13;12;3;19;23;22;16;18;34;39;32;44;50;58;47;60;57;62;63;70;68;71
BINGO CARABOBO;5201;2;14;9;10;11;20;21;27;29;26;40;36;38;37;55;49;54;48;46;72;65;69;74;75
BINGO CARABOBO;5202;7;15;5;1;6;25;17;24;30;28;45;42;35;33;59;52;53;56;51;67;64;66;73;61
BINGO CARABOBO;5203;5;11;7;9;3;21;22;28;20;24;36;45;42;34;50;55;59;46;48;70;69;68;67;66
BINGO CARABOBO;5204;8;6;14;13;15;27;26;19;25;17;43;32;37;33;52;57;56;51;53;63;65;72;64;75
BINGO CARABOBO;5205;10;2;4;1;12;18;29;16;23;30;40;39;44;35;47;49;58;60;54;74;62;61;71;73
BINGO CARABOBO;5206;7;2;11;10;5;18;21;25;19;24;43;32;45;35;53;58;47;59;52;61;64;65;62;70
BINGO CARABOBO;5207;1;9;6;4;15;20;27;16;29;26;39;38;37;42;51;54;50;48;57;66;73;69;72;68
BINGO CARABOBO;5208;8;13;14;12;3;23;22;30;28;17;34;44;41;31;56;55;49;60;46;75;71;67;74;63
BINGO CARABOBO;5209;8;7;2;13;5;29;20;19;21;26;40;34;35;39;59;53;56;57;47;71;74;63;66;72
BINGO CARABOBO;5210;6;11;14;9;12;17;22;23;25;27;31;45;36;38;49;50;48;55;60;62;73;68;64;69
BINGO CARABOBO;5211;4;10;3;1;15;28;18;24;30;16;37;42;44;33;54;46;58;52;51;67;61;75;65;70
BINGO CARABOBO;5212;5;13;6;9;8;27;24;26;18;19;35;37;42;44;59;55;54;47;56;68;74;69;61;66
BINGO CARABOBO;5213;12;11;10;2;7;28;25;30;20;21;36;40;39;38;57;48;46;50;52;73;65;71;63;67
BINGO CARABOBO;5214;4;14;3;1;15;23;17;16;22;29;43;34;32;45;60;49;53;58;51;62;70;64;72;75
BINGO CARABOBO;5215;3;6;12;1;5;29;23;22;24;21;32;39;42;41;56;50;53;57;46;61;72;75;63;64
BINGO CARABOBO;5216;7;9;14;4;13;25;28;16;18;20;37;33;45;43;52;47;48;54;58;67;70;71;69;68
BINGO CARABOBO;5217;11;8;10;15;2;17;19;27;26;30;31;38;40;36;55;51;59;60;49;73;65;74;66;62
BINGO CARABOBO;5218;8;11;1;4;3;24;30;17;18;23;33;43;39;36;53;51;57;56;48;74;72;66;70;62
BINGO CARABOBO;5219;12;10;5;6;7;29;22;19;27;26;37;44;35;31;55;50;54;52;58;68;67;64;63;73
BINGO CARABOBO;5220;15;13;14;2;9;21;16;28;25;20;40;34;45;41;59;46;49;60;47;75;71;69;61;65
BINGO CARABOBO;5221;3;6;13;4;5;24;18;20;25;28;39;41;40;44;56;48;59;47;50;71;70;73;67;69
BINGO CARABOBO;5222;9;11;12;8;10;19;22;27;23;16;42;32;34;37;49;55;57;52;58;72;65;68;66;61
BINGO CARABOBO;5223;14;7;2;1;15;21;26;30;17;29;31;45;35;36;60;46;54;51;53;63;64;62;75;74
BINGO CARABOBO;5224;11;6;10;9;2;16;24;29;23;18;37;36;44;34;53;50;59;57;58;69;67;73;65;75
BINGO CARABOBO;5225;12;13;1;3;14;22;28;20;25;21;38;39;32;31;56;60;52;54;46;66;62;72;64;63
BINGO CARABOBO;5226;15;7;5;4;8;19;30;26;17;27;41;35;43;33;48;49;51;55;47;61;70;71;68;74
BINGO CARABOBO;5227;7;8;1;4;9;25;17;27;23;26;41;35;37;40;59;55;60;53;54;61;65;74;68;64
BINGO CARABOBO;5228;11;14;10;2;6;22;29;18;19;24;36;32;44;43;51;47;52;48;58;75;66;71;73;63
BINGO CARABOBO;5229;13;5;12;3;15;28;30;20;21;16;33;39;42;34;57;50;46;56;49;72;67;70;62;69
BINGO CARABOBO;5230;7;6;12;3;2;28;16;23;18;22;44;33;42;32;47;53;48;50;54;74;70;72;64;71
BINGO CARABOBO;5231;10;1;9;13;11;27;19;25;24;20;34;39;41;37;57;49;55;51;60;62;75;65;61;67
BINGO CARABOBO;5232;14;15;4;8;5;30;17;21;26;29;45;36;43;38;56;59;58;52;46;73;66;69;68;63
BINGO CARABOBO;5233;14;4;10;7;6;29;28;27;17;22;35;34;39;40;52;56;49;55;50;64;66;67;70;74
BINGO CARABOBO;5234;13;11;5;8;1;24;26;20;23;18;32;41;45;33;58;47;54;48;60;63;68;69;62;72
BINGO CARABOBO;5235;2;3;12;9;15;21;25;19;30;16;43;36;38;31;57;46;59;51;53;71;61;65;75;73
BINGO CARABOBO;5236;5;9;6;14;10;20;21;18;27;22;33;43;37;39;57;56;49;59;54;72;62;70;66;73
BINGO CARABOBO;5237;11;8;3;15;1;29;23;16;28;19;42;45;41;35;55;53;46;50;51;74;69;65;64;63
BINGO CARABOBO;5238;4;12;2;7;13;17;30;24;25;26;36;40;38;31;58;60;47;52;48;67;68;61;71;75
BINGO CARABOBO;5239;13;7;3;9;10;17;22;25;28;27;34;39;36;42;47;50;53;59;52;69;65;72;74;67
BINGO CARABOBO;5240;6;4;5;14;8;23;20;29;19;24;40;45;43;44;57;48;55;60;56;70;71;61;63;64
BINGO CARABOBO;5241;2;11;1;12;15;26;21;30;18;16;41;32;37;31;54;49;51;46;58;62;73;75;68;66
BINGO CARABOBO;5242;3;8;13;7;10;30;20;17;18;26;39;44;40;37;56;58;59;57;46;74;65;63;72;69
BINGO CARABOBO;5243;12;1;6;14;9;21;23;22;27;25;41;32;35;36;52;53;54;50;51;70;61;68;71;75
BINGO CARABOBO;5244;4;11;5;2;15;19;28;16;29;24;31;38;42;45;55;49;48;60;47;73;62;66;67;64
BINGO CARABOBO;5245;2;5;8;3;9;23;26;29;27;16;37;43;41;35;48;60;46;56;50;70;69;66;67;68
BINGO CARABOBO;5246;1;13;6;12;7;20;19;22;21;25;42;40;44;34;57;58;55;52;51;72;74;64;73;63
BINGO CARABOBO;5247;11;10;14;4;15;17;30;24;28;18;36;38;33;31;54;53;49;59;47;75;62;65;61;71
BINGO CARABOBO;5248;4;9;8;1;12;25;19;23;18;21;40;34;38;42;55;53;58;46;56;75;61;72;70;68
BINGO CARABOBO;5249;14;10;7;11;13;27;22;20;29;28;44;45;39;33;57;51;49;48;54;62;74;66;71;65
BINGO CARABOBO;5250;15;3;5;6;2;26;24;30;17;16;41;36;31;37;59;47;60;50;52;67;64;69;73;63
BINGO CARABOBO;5251;10;11;13;2;1;18;16;27;25;28;44;38;31;40;53;48;52;50;51;65;70;74;63;64
BINGO CARABOBO;5252;8;15;5;9;7;22;24;19;23;26;41;45;33;35;58;57;59;56;47;75;62;69;68;66
BINGO CARABOBO;5253;6;4;14;3;12;29;21;17;20;30;34;43;42;32;49;55;46;60;54;67;73;61;71;72
BINGO CARABOBO;5254;5;14;3;4;11;23;30;19;26;21;44;37;42;43;52;48;53;54;60;64;67;72;74;71
BINGO CARABOBO;5255;12;6;8;9;2;16;18;25;20;22;34;45;40;32;49;55;58;59;56;65;66;63;68;69
BINGO CARABOBO;5256;10;7;13;15;1;27;24;17;28;29;38;31;33;36;46;51;50;47;57;62;70;73;75;61
BINGO CARABOBO;5257;7;12;9;10;6;26;19;18;30;23;43;41;32;38;57;53;47;59;54;63;66;74;73;70
BINGO CARABOBO;5258;1;11;13;8;4;16;21;24;17;25;42;45;31;37;55;58;46;56;50;75;62;64;61;69
BINGO CARABOBO;5259;3;14;5;2;15;20;28;29;22;27;40;39;36;44;51;49;52;60;48;65;71;68;67;72
BINGO CARABOBO;5260;9;6;3;1;5;26;28;23;20;21;34;40;43;31;54;53;56;59;57;63;72;67;69;74
BINGO CARABOBO;5261;14;15;11;8;2;18;25;24;16;22;44;37;33;38;58;50;55;51;60;68;70;73;62;66
BINGO CARABOBO;5262;10;12;13;7;4;30;17;19;27;29;32;45;35;39;46;47;49;52;48;71;65;64;75;61
BINGO CARABOBO;5263;2;10;6;11;7;23;22;27;16;20;39;37;35;36;60;56;50;54;52;61;62;70;73;63
BINGO CARABOBO;5264;9;15;8;13;14;28;24;26;29;21;38;40;41;42;46;57;55;48;49;71;64;69;65;75
BINGO CARABOBO;5265;3;4;5;1;12;18;19;30;17;25;33;34;45;31;51;58;53;47;59;68;74;67;66;72
BINGO CARABOBO;5266;4;10;6;9;12;19;28;16;22;25;37;38;39;40;53;56;50;51;48;74;72;70;62;63
BINGO CARABOBO;5267;11;14;3;1;5;21;30;27;23;20;36;31;33;34;47;57;59;49;55;68;65;75;64;61
BINGO CARABOBO;5268;7;8;13;15;2;24;18;26;29;17;35;32;43;45;54;46;58;60;52;67;71;69;66;73
BINGO CARABOBO;5269;6;12;8;2;7;22;21;24;17;23;32;38;33;39;58;55;56;49;46;65;70;61;63;67
BINGO CARABOBO;5270;15;3;10;11;9;18;25;27;28;20;42;37;31;44;47;59;51;52;57;71;68;75;66;72
BINGO CARABOBO;5271;4;13;5;14;1;30;16;26;19;29;41;43;45;34;50;54;48;60;53;62;64;74;73;69
BINGO CARABOBO;5272;8;7;9;11;4;29;26;22;18;20;35;34;38;42;46;58;56;48;52;72;73;68;63;67
BINGO CARABOBO;5273;3;6;1;10;5;25;19;17;23;27;39;40;41;45;55;49;59;50;54;66;65;62;70;71
BINGO CARABOBO;5274;13;12;14;2;15;24;28;21;16;30;37;33;44;36;53;47;57;51;60;74;64;69;75;61
BINGO CARABOBO;5275;10;5;3;11;15;17;25;24;19;21;42;37;39;43;48;56;51;53;58;67;74;73;62;72
BINGO CARABOBO;5276;13;7;4;6;12;26;18;27;20;23;45;40;35;38;47;59;52;54;50;75;69;64;70;65
BINGO CARABOBO;5277;2;8;9;14;1;29;22;30;28;16;41;31;36;34;55;57;49;46;60;66;68;63;71;61
BINGO CARABOBO;5278;9;13;3;12;11;26;23;21;20;27;38;41;42;35;47;57;55;58;51;73;67;74;70;66
BINGO CARABOBO;5279;7;6;2;5;10;25;17;29;18;19;43;36;39;40;60;54;46;53;52;64;68;62;65;61
BINGO CARABOBO;5280;1;4;14;8;15;24;28;30;22;16;37;45;34;32;50;48;56;49;59;72;69;75;63;71
BINGO CARABOBO;5281;8;6;2;5;12;30;16;21;27;26;42;31;32;35;47;52;51;60;56;70;62;61;68;64
BINGO CARABOBO;5282;10;9;7;14;13;17;20;19;25;23;44;41;38;36;57;48;50;53;55;69;65;73;67;74
BINGO CARABOBO;5283;3;4;11;15;1;28;18;24;22;29;37;40;45;34;58;49;54;46;59;63;75;71;66;72
BINGO CARABOBO;5284;3;10;8;7;12;21;23;26;22;17;39;41;38;32;49;53;59;46;54;62;67;63;71;66
BINGO CARABOBO;5285;9;14;4;1;5;28;27;25;24;18;44;40;33;34;56;52;47;55;48;69;75;73;64;68
BINGO CARABOBO;5286;13;11;6;2;15;19;20;16;29;30;43;36;45;31;57;60;51;58;50;72;74;70;61;65
BINGO CARABOBO;5287;10;4;5;15;2;26;18;25;24;30;36;33;42;37;47;51;48;49;60;65;66;70;61;72
BINGO CARABOBO;5288;9;11;7;1;12;27;28;19;22;17;35;41;32;38;53;57;52;59;50;64;74;69;71;62
BINGO CARABOBO;5289;13;8;14;3;6;29;23;20;16;21;44;34;31;45;54;55;56;58;46;67;63;73;75;68
BINGO CARABOBO;5290;10;11;6;14;1;25;23;28;19;17;44;33;34;36;49;53;54;51;58;74;62;65;66;63
BINGO CARABOBO;5291;8;3;13;4;7;30;20;22;18;21;42;40;38;43;59;46;50;48;57;67;73;72;69;64
BINGO CARABOBO;5292;9;5;12;2;15;29;24;27;16;26;41;32;31;45;47;55;60;52;56;70;68;71;75;61
BINGO CARABOBO;5293;5;13;2;9;4;27;20;19;21;28;36;35;40;39;53;59;46;56;52;62;75;63;74;71
BINGO CARABOBO;5294;14;15;7;12;1;23;29;24;25;17;44;32;43;38;48;51;54;50;57;66;69;67;64;72
BINGO CARABOBO;5295;6;10;11;3;8;26;22;18;30;16;41;33;45;34;60;47;55;58;49;73;65;70;68;61
BINGO CARABOBO;5296;11;6;12;3;4;21;19;26;22;28;42;40;36;32;54;57;47;53;55;71;68;66;70;72
BINGO CARABOBO;5297;13;15;2;10;5;23;27;29;25;16;34;39;38;33;60;56;58;51;48;64;65;73;69;62
BINGO CARABOBO;5298;9;7;8;14;1;20;24;17;18;30;31;44;45;37;52;59;50;49;46;67;74;61;75;63
BINGO CARABOBO;5299;4;10;13;9;2;22;28;27;24;17;36;40;37;34;51;46;54;50;57;66;63;73;64;74
BINGO CARABOBO;5300;1;7;8;14;6;25;20;23;19;21;38;32;35;43;55;52;58;59;53;61;69;67;68;65
BINGO CARABOBO;5301;12;15;11;3;5;29;30;26;16;18;44;39;31;45;49;48;47;60;56;71;70;75;62;72
BINGO CARABOBO;5302;12;4;8;9;13;25;30;23;26;27;39;36;45;42;50;54;47;55;56;75;66;72;65;63
BINGO CARABOBO;5303;5;6;10;14;7;24;28;21;19;20;37;33;40;32;48;58;49;59;60;62;68;71;61;69
BINGO CARABOBO;5304;2;11;15;1;3;17;22;18;29;16;38;43;31;35;52;46;51;53;57;67;70;74;73;64
BINGO CARABOBO;5305;14;8;1;3;6;18;17;23;25;26;34;35;33;41;54;58;55;47;57;62;68;69;61;64
BINGO CARABOBO;5306;4;12;15;13;11;22;30;20;19;24;36;42;32;40;49;52;56;59;53;63;66;72;73;71
BINGO CARABOBO;5307;7;10;2;5;9;16;21;28;29;27;37;39;45;38;46;50;51;60;48;67;65;70;74;75
BINGO CARABOBO;5308;14;2;5;9;3;27;19;17;29;25;41;33;42;32;50;51;57;56;53;64;65;66;74;70
BINGO CARABOBO;5309;11;15;10;12;8;28;23;22;20;21;31;45;37;43;60;54;48;52;47;68;69;61;71;67
BINGO CARABOBO;5310;4;7;6;1;13;30;16;24;26;18;39;40;35;34;49;58;59;55;46;73;72;75;62;63
BINGO CARABOBO;5311;7;1;3;15;12;17;22;26;21;27;44;31;36;37;56;54;51;47;49;74;73;71;65;68
BINGO CARABOBO;5312;5;2;13;6;9;23;24;16;29;28;40;42;45;34;50;52;55;46;60;66;63;72;75;70
BINGO CARABOBO;5313;4;8;11;10;14;19;25;20;30;18;39;35;41;33;58;53;57;48;59;64;67;62;69;61
BINGO CARABOBO;5314;8;5;2;11;1;23;24;30;20;28;37;38;40;42;48;53;52;57;58;67;72;70;65;71
BINGO CARABOBO;5315;4;12;7;6;14;19;18;22;27;17;43;44;39;41;59;55;49;47;60;63;64;73;68;69
BINGO CARABOBO;5316;15;10;3;9;13;25;21;26;29;16;35;34;31;45;54;50;51;56;46;62;74;66;75;61
BINGO CARABOBO;5317;2;11;14;10;9;19;23;29;28;21;43;38;44;33;51;48;55;53;49;70;65;72;62;67
BINGO CARABOBO;5318;5;8;4;7;13;22;17;20;26;24;39;40;42;45;56;58;52;60;57;64;63;61;69;74
BINGO CARABOBO;5319;12;15;6;1;3;18;27;25;30;16;32;36;37;35;54;47;50;59;46;68;66;71;73;75
BINGO CARABOBO;5320;9;13;14;5;6;26;25;24;23;27;41;36;39;38;59;51;54;58;53;70;64;66;65;69
BINGO CARABOBO;5321;7;12;8;2;15;21;19;22;28;17;34;42;35;43;57;55;49;56;50;71;74;63;67;61
BINGO CARABOBO;5322;4;10;1;3;11;30;18;20;16;29;33;31;45;40;48;52;60;47;46;68;62;73;72;75
BINGO CARABOBO;5323;1;7;5;3;12;20;23;24;22;29;32;37;44;38;56;46;60;52;58;66;74;75;69;62
BINGO CARABOBO;5324;14;11;10;6;4;18;16;25;17;21;43;36;39;42;50;55;54;59;48;71;72;68;64;67
BINGO CARABOBO;5325;15;2;13;8;9;27;19;26;28;30;40;35;41;31;51;47;57;53;49;65;63;70;61;73
BINGO CARABOBO;5326;6;14;4;5;10;30;18;22;28;24;42;34;39;37;56;57;59;58;54;64;66;61;72;73
BINGO CARABOBO;5327;15;1;12;8;11;26;19;21;27;17;43;38;40;41;50;51;47;49;53;63;71;70;62;74
BINGO CARABOBO;5328;7;3;13;2;9;20;29;23;25;16;31;44;33;35;55;52;48;46;60;75;68;67;69;65
BINGO CARABOBO;5329;10;5;2;9;7;24;29;23;17;21;40;44;35;41;50;59;58;57;56;68;61;70;64;74
BINGO CARABOBO;5330;11;13;15;8;12;26;22;20;19;28;42;43;31;37;46;54;52;53;49;72;69;62;73;71
BINGO CARABOBO;5331;4;6;1;3;14;27;16;25;30;18;39;33;32;38;60;51;48;55;47;75;66;65;63;67
BINGO CARABOBO;5332;13;5;10;1;6;24;16;25;26;23;42;33;37;35;47;52;54;56;51;70;62;66;63;74
BINGO CARABOBO;5333;14;7;2;4;8;29;28;18;19;20;45;32;36;41;59;49;48;58;53;68;73;72;75;67
BINGO CARABOBO;5334;15;12;11;3;9;22;27;21;17;30;38;31;44;43;46;55;50;57;60;71;65;69;61;64
BINGO CARABOBO;5335;9;7;13;12;3;24;23;17;19;28;36;39;37;38;53;46;49;54;52;67;72;65;73;62
BINGO CARABOBO;5336;4;10;6;5;11;20;22;26;21;30;43;42;40;32;48;55;59;60;51;75;66;61;69;64
BINGO CARABOBO;5337;15;2;8;14;1;18;27;25;29;16;35;34;31;45;56;50;58;47;57;74;63;71;68;70
BINGO CARABOBO;5338;13;1;3;6;12;20;21;23;17;22;39;40;31;37;54;47;50;58;51;74;73;63;67;68
BINGO CARABOBO;5339;10;5;7;11;14;25;28;19;24;27;36;33;42;38;57;60;55;53;52;75;72;62;69;65
BINGO CARABOBO;5340;4;15;9;2;8;26;16;30;18;29;35;32;45;44;59;56;49;48;46;71;66;64;70;61
BINGO CARABOBO;5341;11;2;10;9;12;19;17;25;20;28;41;37;35;33;54;46;47;53;56;68;73;64;70;67
BINGO CARABOBO;5342;8;7;4;3;5;29;27;23;16;26;38;32;34;39;55;58;59;49;52;66;61;63;65;72
BINGO CARABOBO;5343;13;15;6;14;1;24;18;21;30;22;43;36;31;44;57;60;50;51;48;71;69;74;62;75
BINGO CARABOBO;5344;4;6;10;11;12;25;28;19;23;20;45;34;35;33;48;55;53;47;50;64;67;69;63;68
BINGO CARABOBO;5345;9;2;15;13;7;16;18;26;24;21;40;39;44;41;58;51;59;46;57;70;65;66;71;62
BINGO CARABOBO;5346;3;5;8;1;14;29;17;30;27;22;36;37;32;42;54;56;52;60;49;73;75;72;61;74
BINGO CARABOBO;5347;6;13;7;1;5;20;21;26;18;27;34;38;42;44;48;49;47;51;60;72;66;65;73;69
BINGO CARABOBO;5348;4;14;8;11;12;29;28;19;25;17;35;33;40;37;50;53;56;52;54;61;74;70;62;64
BINGO CARABOBO;5349;3;9;15;2;10;24;16;22;30;23;39;31;32;45;57;55;58;46;59;75;71;63;67;68
BINGO CARABOBO;5350;14;4;11;3;12;27;29;26;16;21;39;41;32;33;56;57;54;48;55;69;66;62;71;74
BINGO CARABOBO;5351;5;9;13;8;7;22;28;30;18;23;34;35;45;43;50;46;47;59;51;63;67;70;75;68
BINGO CARABOBO;5352;6;2;10;15;1;20;17;24;19;25;44;40;31;42;49;53;58;60;52;72;64;61;65;73
BINGO CARABOBO;5353;13;12;4;5;11;21;25;17;23;28;32;37;42;43;52;56;59;50;54;69;62;66;65;71
BINGO CARABOBO;5354;14;10;2;3;8;27;24;18;20;22;44;40;36;35;51;47;57;48;49;70;74;64;72;63
BINGO CARABOBO;5355;15;9;1;7;6;26;19;29;16;30;31;41;45;33;58;60;46;55;53;61;68;73;75;67
BINGO CARABOBO;5356;3;6;13;11;7;18;24;26;28;30;36;38;35;31;55;50;57;47;48;68;74;63;66;71
BINGO CARABOBO;5357;1;10;4;5;9;19;20;21;22;23;37;34;33;42;56;59;58;49;54;73;65;64;72;75
BINGO CARABOBO;5358;8;14;15;12;2;17;27;16;29;25;41;39;44;32;51;46;52;53;60;67;69;61;62;70
BINGO CARABOBO;5359;12;11;10;13;14;29;22;18;17;26;36;40;35;42;48;51;54;53;57;61;68;70;66;67
BINGO CARABOBO;5360;6;4;5;9;3;19;24;21;20;25;44;34;45;38;55;56;60;46;49;64;65;69;71;63
BINGO CARABOBO;5361;2;8;7;15;1;28;23;16;30;27;37;33;32;31;58;50;59;47;52;75;72;74;62;73
BINGO CARABOBO;5362;5;8;9;6;7;20;21;16;23;29;40;45;42;34;49;58;48;54;59;64;74;63;62;75
BINGO CARABOBO;5363;15;10;3;2;14;22;25;28;24;27;39;41;32;33;57;55;52;47;51;65;66;72;68;70
BINGO CARABOBO;5364;11;4;1;12;13;26;19;17;30;18;36;44;31;35;53;50;56;46;60;69;67;73;71;61
BINGO CARABOBO;5365;15;2;6;10;1;26;19;27;30;28;34;31;41;38;52;54;57;50;55;66;64;70;61;71
BINGO CARABOBO;5366;5;4;13;8;9;18;20;24;23;17;44;45;39;40;48;46;47;53;56;73;62;69;67;72
BINGO CARABOBO;5367;7;14;11;12;3;29;25;16;21;22;42;37;32;43;58;51;60;49;59;65;63;74;75;68
BINGO CARABOBO;5368;3;9;5;10;7;23;26;28;18;20;44;39;37;40;46;48;55;51;50;65;74;72;62;69
BINGO CARABOBO;5369;14;8;13;4;11;29;17;24;22;19;31;42;32;35;59;57;49;60;56;68;64;71;61;67
BINGO CARABOBO;5370;6;15;2;12;1;21;30;25;27;16;45;41;33;36;54;58;52;53;47;66;63;70;73;75
BINGO CARABOBO;5371;14;9;12;15;13;23;25;30;21;19;33;38;40;37;56;51;52;48;59;73;71;62;63;69
BINGO CARABOBO;5372;3;2;4;7;8;28;27;26;24;29;45;36;43;42;49;55;58;54;50;75;61;65;64;68
BINGO CARABOBO;5373;10;5;11;1;6;20;16;18;22;17;34;41;31;44;57;53;47;46;60;70;72;66;67;74
BINGO CARABOBO;5374;9;8;2;6;5;18;28;22;26;25;33;42;32;37;47;49;56;51;54;65;72;68;71;63
BINGO CARABOBO;5375;12;14;13;10;3;17;20;21;19;27;41;31;38;34;52;58;57;48;50;62;66;67;74;69
BINGO CARABOBO;5376;7;4;11;15;1;30;24;16;29;23;39;40;45;35;55;53;59;60;46;70;73;64;75;61
BINGO CARABOBO;5377;10;9;12;6;8;19;29;24;26;17;31;39;38;33;52;51;55;46;50;69;67;62;61;63
BINGO CARABOBO;5378;13;4;11;7;1;25;27;16;18;28;37;43;40;36;54;56;58;48;57;75;71;68;70;66
BINGO CARABOBO;5379;2;5;3;15;14;30;20;21;23;22;42;45;32;41;49;53;60;47;59;73;65;72;74;64
BINGO CARABOBO;5380;8;5;13;7;1;17;18;25;22;26;34;31;44;32;57;51;54;60;47;62;72;64;66;67
BINGO CARABOBO;5381;10;4;15;9;3;19;24;20;28;16;33;37;39;35;59;53;50;52;55;74;68;75;63;71
BINGO CARABOBO;5382;2;11;12;6;14;23;21;30;29;27;36;42;38;45;48;58;56;49;46;70;69;73;65;61
BINGO CARABOBO;5383;12;15;9;10;6;20;19;18;25;24;42;31;37;35;55;52;56;58;46;62;68;61;65;69
BINGO CARABOBO;5384;3;13;4;7;2;30;28;22;23;26;40;33;36;34;47;51;53;54;50;72;64;67;66;75
BINGO CARABOBO;5385;11;1;14;8;5;27;29;16;21;17;45;32;41;43;60;49;48;59;57;71;70;73;74;63
BINGO CARABOBO;5386;12;8;3;11;5;23;27;19;16;21;38;39;41;44;53;51;47;58;52;66;71;72;63;73
BINGO CARABOBO;5387;9;7;6;4;14;26;25;29;28;22;37;43;36;42;57;48;50;56;55;65;70;68;62;67
BINGO CARABOBO;5388;2;13;10;15;1;30;17;20;24;18;31;32;35;33;59;46;54;60;49;64;74;75;61;69
BINGO CARABOBO;5389;1;4;10;12;3;18;22;20;28;17;43;45;35;41;48;60;59;53;55;65;66;64;72;75
BINGO CARABOBO;5390;7;5;6;9;14;19;21;23;29;24;32;33;37;44;58;51;57;50;46;62;63;68;71;73
BINGO CARABOBO;5391;13;15;11;8;2;25;27;16;30;26;38;34;40;31;56;49;54;52;47;70;69;74;61;67
BINGO CARABOBO;5392;9;15;8;12;2;19;21;17;23;25;39;44;42;41;58;55;53;47;51;71;67;70;69;63
BINGO CARABOBO;5393;13;7;4;3;6;27;24;26;18;29;37;35;34;32;50;56;48;54;59;66;74;64;72;68
BINGO CARABOBO;5394;5;10;11;1;14;22;20;30;16;28;38;31;36;45;57;60;52;46;49;65;61;75;73;62
BINGO CARABOBO;5395;5;2;14;3;11;29;16;22;26;27;35;40;31;38;59;57;47;53;48;66;69;70;68;72
BINGO CARABOBO;5396;15;13;6;7;1;24;28;19;23;20;33;36;42;41;51;58;55;56;60;62;65;67;64;73
BINGO CARABOBO;5397;10;8;9;12;4;18;25;17;21;30;45;34;39;32;52;46;49;50;54;74;75;61;63;71
BINGO CARABOBO;5398;9;6;4;1;12;26;25;29;17;21;44;33;36;39;55;60;49;46;50;61;74;73;71;65
BINGO CARABOBO;5399;13;3;11;14;8;18;24;28;22;30;43;32;42;31;48;51;52;54;47;75;67;68;66;63
BINGO CARABOBO;5400;7;5;10;2;15;19;16;20;27;23;38;40;41;34;56;57;58;59;53;70;69;64;72;62
BINGO CARABOBO;5401;2;10;7;8;1;27;25;24;17;28;42;36;34;38;49;57;59;54;58;65;63;72;74;69
BINGO CARABOBO;5402;5;11;15;6;3;16;19;29;20;22;44;45;33;35;46;48;60;52;47;70;66;62;71;64
BINGO CARABOBO;5403;12;14;4;13;9;23;30;26;18;21;37;32;31;43;55;51;50;53;56;68;73;67;75;61
BINGO CARABOBO;5404;9;10;5;6;4;17;25;28;16;30;42;44;36;38;49;53;54;59;52;66;61;67;63;62
BINGO CARABOBO;5405;12;11;1;8;15;23;27;20;24;18;34;37;43;45;55;58;47;51;57;71;64;69;68;73
BINGO CARABOBO;5406;2;3;13;7;14;29;21;19;22;26;31;41;35;32;50;48;60;46;56;65;72;75;70;74
BINGO CARABOBO;5407;6;10;14;8;15;25;20;23;22;24;32;40;41;37;49;57;59;50;58;74;69;72;75;71
BINGO CARABOBO;5408;11;13;4;3;12;26;16;18;21;30;33;34;45;31;48;56;55;47;53;67;61;64;66;65
BINGO CARABOBO;5409;9;5;2;7;1;19;28;17;27;29;36;39;44;35;51;52;54;60;46;68;73;70;62;63
BINGO CARABOBO;5410;3;6;11;13;10;26;17;29;30;25;31;41;37;38;47;46;52;51;58;62;71;65;69;66
BINGO CARABOBO;5411;4;12;9;14;8;27;20;28;16;22;32;39;35;40;54;57;53;50;56;67;73;68;64;74
BINGO CARABOBO;5412;5;7;15;1;2;21;24;19;23;18;34;44;36;45;60;59;49;48;55;72;75;70;63;61
BINGO CARABOBO;5413;1;4;13;7;2;27;24;21;26;29;45;32;36;35;58;50;51;54;56;72;71;73;68;66
BINGO CARABOBO;5414;14;15;3;10;6;23;22;19;17;28;34;41;31;38;55;48;53;60;49;69;63;67;65;74
BINGO CARABOBO;5415;11;8;5;9;12;18;20;25;30;16;44;33;37;42;57;52;47;46;59;75;61;70;64;62
BINGO CARABOBO;5416;2;12;7;8;14;24;18;28;19;29;35;34;43;32;51;48;54;57;56;67;65;73;62;75
BINGO CARABOBO;5417;9;10;13;11;4;16;23;20;22;21;40;36;45;42;55;59;49;52;53;71;66;68;72;64
BINGO CARABOBO;5418;5;15;3;1;6;26;17;27;30;25;37;33;44;41;47;50;58;46;60;69;70;63;74;61
BINGO CARABOBO;5419;5;6;14;2;13;27;19;29;18;21;33;43;36;38;51;52;56;54;55;64;67;62;63;74
BINGO CARABOBO;5420;8;11;7;15;3;20;24;28;17;23;35;44;40;42;50;58;48;59;57;73;69;70;72;66
BINGO CARABOBO;5421;9;1;10;4;12;25;26;22;30;16;31;37;34;32;49;47;53;46;60;71;65;75;68;61
BINGO CARABOBO;5422;12;13;9;2;15;17;24;19;27;18;33;32;43;37;60;52;49;48;53;70;67;68;61;73
BINGO CARABOBO;5423;6;3;7;8;5;28;29;21;23;20;34;39;41;38;56;47;50;54;51;72;69;66;65;75
BINGO CARABOBO;5424;11;1;10;14;4;26;22;25;16;30;45;36;31;44;58;46;57;59;55;64;74;62;71;63
BINGO CARABOBO;5425;7;12;4;5;9;23;25;24;26;29;45;42;33;41;53;50;58;52;51;62;74;72;69;75
BINGO CARABOBO;5426;11;10;2;8;3;27;28;20;22;21;34;40;32;36;47;49;57;48;55;64;70;67;68;63
BINGO CARABOBO;5427;13;15;14;6;1;17;18;19;16;30;39;31;38;35;56;59;54;46;60;61;71;73;65;66
BINGO CARABOBO;5428;7;10;6;1;2;18;27;24;17;22;45;31;40;42;49;59;51;47;52;63;64;73;75;67
BINGO CARABOBO;5429;3;4;8;13;14;21;30;26;28;19;32;39;41;36;54;53;56;60;48;69;66;74;71;72
BINGO CARABOBO;5430;15;11;12;9;5;25;29;16;20;23;38;44;43;35;55;50;57;58;46;70;61;65;62;68
BINGO CARABOBO;5431;9;2;10;14;11;18;23;26;21;22;36;32;44;38;47;50;57;52;59;69;66;64;67;61
BINGO CARABOBO;5432;8;6;15;5;3;17;19;28;29;20;37;42;41;43;51;58;46;54;55;71;65;72;73;74
BINGO CARABOBO;5433;1;12;4;13;7;27;25;16;30;24;40;45;35;31;53;48;56;60;49;68;70;62;75;63
BINGO CARABOBO;5434;7;4;10;8;5;24;28;23;26;18;37;39;34;35;50;53;52;54;56;69;73;70;66;62
BINGO CARABOBO;5435;11;13;3;6;1;16;17;29;21;27;38;41;32;36;49;47;55;60;48;63;68;64;74;61
BINGO CARABOBO;5436;9;15;12;14;2;20;25;19;22;30;44;42;33;45;58;46;51;57;59;67;72;65;75;71
BINGO CARABOBO;5437;9;2;3;10;13;25;18;17;30;20;41;43;42;36;49;51;52;50;57;69;73;65;66;74
BINGO CARABOBO;5438;4;14;15;7;11;24;28;21;19;22;39;40;44;33;46;56;54;47;48;62;67;75;64;72
BINGO CARABOBO;5439;1;12;6;8;5;27;16;26;29;23;35;37;34;45;58;53;55;59;60;68;70;63;71;61
BINGO CARABOBO;5440;7;12;9;15;10;29;23;24;19;21;36;34;41;32;49;54;58;46;57;70;67;63;64;62
BINGO CARABOBO;5441;13;1;14;4;6;27;30;25;18;17;44;45;35;43;56;52;53;48;50;69;68;74;71;73
BINGO CARABOBO;5442;8;2;5;11;3;20;22;26;16;28;37;33;39;38;55;60;47;59;51;75;72;61;65;66
BINGO CARABOBO;5443;1;2;6;12;8;25;26;21;19;22;36;42;45;43;52;47;53;49;51;68;71;73;62;67
BINGO CARABOBO;5444;14;5;13;10;15;20;29;24;30;16;38;44;40;37;58;56;55;54;57;70;72;75;74;65
BINGO CARABOBO;5445;4;3;9;11;7;17;28;23;18;27;35;33;31;34;50;60;48;46;59;66;64;61;69;63
BINGO CARABOBO;5446;4;13;1;3;5;25;29;19;18;28;43;36;42;35;55;48;56;52;53;70;62;64;67;65
BINGO CARABOBO;5447;7;14;12;15;9;23;24;16;22;26;32;38;37;41;57;46;51;59;54;73;75;61;74;63
BINGO CARABOBO;5448;6;8;10;11;2;21;27;17;20;30;34;31;39;40;47;50;58;60;49;66;69;71;72;68
BINGO CARABOBO;5449;13;3;11;12;9;25;20;24;17;30;33;45;32;39;56;55;49;50;60;65;68;72;66;64
BINGO CARABOBO;5450;4;7;6;2;14;22;26;29;21;27;35;40;38;43;47;53;57;52;48;71;69;70;63;74
BINGO CARABOBO;5451;10;5;15;8;1;16;19;28;18;23;42;44;34;36;51;54;58;46;59;75;67;62;61;73
BINGO CARABOBO;5452;7;4;2;8;11;24;29;18;16;30;39;45;35;41;52;53;55;49;48;68;64;63;74;66
BINGO CARABOBO;5453;5;6;1;3;10;27;17;28;22;20;36;43;42;32;51;60;54;47;57;65;61;69;71;73
BINGO CARABOBO;5454;12;14;9;13;15;26;19;25;21;23;38;33;40;37;56;58;46;59;50;72;67;62;75;70
BINGO CARABOBO;5455;15;4;13;5;1;25;24;28;29;18;37;33;44;43;55;52;59;49;48;64;75;68;73;74
BINGO CARABOBO;5456;3;10;8;14;11;23;26;27;21;20;41;36;32;35;58;53;47;54;50;66;62;67;71;70
BINGO CARABOBO;5457;6;2;9;7;12;16;19;30;17;22;45;31;39;40;51;57;56;46;60;63;72;61;65;69
BINGO CARABOBO;5458;5;9;15;7;4;17;26;18;20;23;36;35;42;43;51;50;47;52;58;72;75;73;64;71
BINGO CARABOBO;5459;3;10;13;11;1;21;29;25;27;24;39;32;34;38;57;53;55;59;60;66;62;65;68;74
BINGO CARABOBO;5460;12;2;8;6;14;28;16;22;19;30;45;31;33;44;48;56;49;54;46;63;67;70;69;61
BINGO CARABOBO;5461;12;4;3;11;13;19;21;24;28;22;32;38;34;39;60;52;58;48;54;71;65;72;73;75
BINGO CARABOBO;5462;15;2;6;8;5;20;26;25;27;18;42;37;33;35;53;50;57;55;47;67;62;69;70;64
BINGO CARABOBO;5463;14;9;10;7;1;30;23;16;29;17;44;45;43;41;59;46;51;49;56;61;66;68;63;74
BINGO CARABOBO;5464;1;2;4;6;14;27;21;17;24;22;44;33;32;31;55;58;56;60;47;71;70;67;62;65
BINGO CARABOBO;5465;12;13;5;10;8;28;20;19;25;29;42;43;35;34;57;50;49;53;54;69;68;72;64;63
BINGO CARABOBO;5466;11;9;15;7;3;23;18;16;30;26;45;39;41;36;52;48;51;59;46;73;75;66;61;74
BINGO CARABOBO;5467;4;5;2;3;9;16;27;18;25;17;39;37;33;41;49;51;59;50;54;64;69;68;73;74
BINGO CARABOBO;5468;8;1;13;12;7;20;26;22;28;23;38;36;31;35;56;52;46;53;48;75;71;63;67;66
BINGO CARABOBO;5469;14;11;6;10;15;24;19;29;21;30;44;32;45;34;55;60;57;47;58;62;61;65;72;70
BINGO CARABOBO;5470;4;9;8;3;10;21;29;18;16;23;34;37;42;36;53;49;52;55;59;65;63;69;67;64
BINGO CARABOBO;5471;15;14;7;11;13;19;25;22;26;20;35;43;33;39;51;50;57;54;56;70;73;68;71;62
BINGO CARABOBO;5472;5;2;1;12;6;17;27;28;24;30;41;32;31;40;48;58;46;60;47;66;72;74;75;61
BINGO CARABOBO;5473;3;12;5;10;13;27;18;19;24;26;34;32;33;37;60;53;55;51;50;74;66;70;73;68
BINGO CARABOBO;5474;9;8;7;2;4;29;20;23;16;22;44;39;36;42;48;56;52;49;57;75;67;69;63;61
BINGO CARABOBO;5475;11;6;14;15;1;17;25;28;30;21;40;43;38;31;58;47;59;54;46;65;64;72;71;62
BINGO CARABOBO;5476;11;3;6;1;5;24;30;27;25;19;32;34;33;41;53;57;54;49;58;66;72;70;62;69
BINGO CARABOBO;5477;8;12;2;7;9;21;23;22;26;18;44;42;35;37;50;48;59;52;56;63;74;73;64;67
BINGO CARABOBO;5478;4;15;13;14;10;28;29;17;20;16;40;43;45;31;51;47;55;46;60;71;68;65;75;61
BINGO CARABOBO;5479;4;12;7;1;8;27;21;24;25;30;36;38;40;35;47;55;49;53;51;64;65;68;69;66
BINGO CARABOBO;5480;10;13;9;3;6;16;18;29;22;26;41;32;43;44;57;59;50;48;54;74;73;70;71;61
BINGO CARABOBO;5481;5;11;14;15;2;23;19;17;20;28;34;37;31;45;56;52;58;60;46;63;62;72;75;67
BINGO CARABOBO;5482;10;12;7;3;5;29;23;28;19;17;35;40;34;39;49;54;58;59;57;64;74;72;71;62
BINGO CARABOBO;5483;11;4;2;9;8;26;18;21;30;27;44;41;36;42;56;47;52;48;55;65;73;69;75;67
BINGO CARABOBO;5484;13;6;14;1;15;24;22;20;16;25;45;32;33;38;46;53;60;50;51;61;68;63;66;70
BINGO CARABOBO;5485;10;2;11;13;7;17;25;24;28;18;44;42;37;34;51;57;48;47;59;75;65;67;68;66
BINGO CARABOBO;5486;6;4;12;8;5;27;19;29;30;21;38;39;33;36;54;56;55;58;53;73;62;61;72;69
BINGO CARABOBO;5487;14;15;3;9;1;20;22;16;26;23;40;41;45;32;50;46;49;60;52;71;63;70;74;64
BINGO CARABOBO;5488;5;12;1;13;8;27;24;17;30;21;37;33;43;36;60;48;56;46;47;67;61;63;74;73
BINGO CARABOBO;5489;3;9;10;11;4;22;28;25;23;29;35;39;38;31;58;59;49;55;52;66;70;64;65;72
BINGO CARABOBO;5490;7;6;14;15;2;18;20;16;26;19;34;41;44;45;54;53;51;57;50;75;62;68;71;69
BINGO CARABOBO;5491;5;11;3;12;8;27;22;23;26;18;41;42;37;39;47;46;57;54;59;63;71;73;67;74
BINGO CARABOBO;5492;6;13;7;14;9;17;28;25;19;21;43;33;38;32;56;53;60;49;55;64;68;65;66;62
BINGO CARABOBO;5493;10;15;4;1;2;29;20;16;30;24;45;36;35;31;50;48;51;58;52;61;75;70;69;72
BINGO CARABOBO;5494;8;7;11;1;3;24;21;17;30;29;38;35;37;31;60;56;50;57;46;63;70;61;69;68
BINGO CARABOBO;5495;9;12;13;4;6;28;18;26;23;19;42;40;43;41;51;59;49;47;52;67;72;73;66;75
BINGO CARABOBO;5496;15;5;14;2;10;25;20;16;22;27;34;33;32;45;53;58;55;54;48;74;62;65;64;71
BINGO CARABOBO;5497;11;2;8;14;12;26;27;17;25;28;32;36;45;33;57;60;58;49;50;65;71;69;64;66
BINGO CARABOBO;5498;9;10;15;1;3;22;18;21;20;16;42;37;40;35;54;47;55;52;51;74;62;63;68;73
BINGO CARABOBO;5499;4;7;6;13;5;29;24;19;30;23;44;34;38;39;48;56;59;46;53;67;70;72;61;75
BINGO CARABOBO;5500;1;5;7;14;4;19;25;18;21;26;43;35;33;41;53;58;60;47;49;68;67;66;71;64
BINGO CARABOBO;5501;6;10;12;11;9;24;17;23;30;29;45;42;44;39;55;54;56;57;50;69;72;62;73;70
BINGO CARABOBO;5502;2;15;13;3;8;16;22;27;20;28;36;38;32;31;51;59;46;52;48;61;75;74;65;63
BINGO CARABOBO;5503;15;8;9;4;1;20;24;18;25;19;44;32;34;39;60;48;58;53;52;63;65;62;70;66
BINGO CARABOBO;5504;7;5;3;10;12;27;30;21;16;17;40;31;42;35;54;51;55;57;56;73;69;68;71;74
BINGO CARABOBO;5505;6;11;13;14;2;29;26;28;22;23;43;37;33;36;59;49;46;50;47;72;67;75;61;64
BINGO CARABOBO;5506;11;8;4;13;5;26;25;18;23;17;38;42;32;37;53;57;50;55;56;73;62;72;65;68
BINGO CARABOBO;5507;9;12;6;3;1;28;24;29;30;19;35;34;31;33;58;52;47;51;49;63;71;66;74;70
BINGO CARABOBO;5508;7;14;10;2;15;22;21;27;16;20;36;39;43;40;46;59;60;48;54;64;75;67;61;69
BINGO CARABOBO;5509;11;5;8;7;13;24;27;19;18;28;34;41;45;32;56;57;49;48;51;74;67;61;66;73
BINGO CARABOBO;5510;12;3;10;2;1;29;22;21;23;25;36;37;39;42;54;53;47;55;60;72;63;62;69;65
BINGO CARABOBO;5511;9;14;4;6;15;20;16;26;17;30;38;31;33;44;59;52;50;58;46;70;68;64;71;75
BINGO CARABOBO;5512;8;13;3;6;7;29;27;26;20;22;44;38;33;34;52;55;59;51;57;63;67;69;68;64
BINGO CARABOBO;5513;2;10;11;4;5;18;21;24;28;19;43;36;45;37;60;49;54;46;56;71;72;61;65;66
BINGO CARABOBO;5514;14;15;9;1;12;23;25;17;30;16;40;31;42;41;53;50;47;48;58;74;70;75;62;73
BINGO CARABOBO;5515;15;6;9;7;1;25;26;27;18;23;38;39;35;44;58;56;54;48;53;69;71;75;65;72
BINGO CARABOBO;5516;10;8;5;12;4;19;29;22;21;17;34;37;36;42;47;50;49;55;52;62;61;73;67;68
BINGO CARABOBO;5517;3;11;2;14;13;28;20;24;30;16;33;41;32;45;59;51;57;46;60;66;64;70;63;74
BINGO CARABOBO;5518;13;6;10;11;1;25;26;30;19;24;36;43;39;34;47;52;55;46;59;69;64;71;73;74
BINGO CARABOBO;5519;3;4;2;9;14;28;23;20;29;18;41;40;38;31;54;56;50;57;58;67;72;70;62;63
BINGO CARABOBO;5520;12;7;5;8;15;21;16;22;27;17;44;42;37;45;60;51;49;53;48;65;61;68;75;66
BINGO CARABOBO;5521;8;11;12;3;10;25;16;24;18;23;40;44;38;37;51;47;59;60;58;68;62;70;64;65
BINGO CARABOBO;5522;14;2;1;13;4;30;22;27;26;29;39;42;32;43;48;55;56;49;52;74;71;61;75;72
BINGO CARABOBO;5523;7;9;5;6;15;21;19;28;17;20;41;35;36;45;57;53;54;50;46;63;69;66;67;73
BINGO CARABOBO;5524;1;9;11;15;7;24;19;23;25;26;31;34;41;38;47;53;54;55;51;70;66;67;62;74
BINGO CARABOBO;5525;13;6;2;5;10;28;17;18;27;22;33;32;43;45;60;52;48;58;57;68;73;63;69;64
BINGO CARABOBO;5526;8;14;12;3;4;21;30;20;16;29;40;35;42;36;50;59;49;46;56;71;72;75;61;65
BINGO CARABOBO;5527;11;9;5;4;12;27;24;19;23;29;36;39;37;44;56;49;52;55;59;74;62;69;63;66
BINGO CARABOBO;5528;3;10;14;8;7;21;26;25;16;22;34;35;33;43;58;47;57;53;48;72;64;65;70;73
BINGO CARABOBO;5529;6;15;2;1;13;28;30;20;18;17;45;42;31;41;54;51;46;60;50;67;61;68;71;75
BINGO CARABOBO;5530;14;5;2;12;6;28;27;29;26;16;32;42;38;34;54;47;53;48;56;64;63;68;72;70
BINGO CARABOBO;5531;4;11;13;8;10;19;25;18;17;22;43;44;35;41;55;46;57;59;52;73;71;75;66;65
BINGO CARABOBO;5532;1;7;15;9;3;23;24;21;30;20;31;40;36;45;49;58;50;60;51;74;61;67;69;62
BINGO CARABOBO;5533;4;1;11;10;9;21;19;27;20;29;44;43;39;42;57;50;60;48;58;63;67;69;74;61
BINGO CARABOBO;5534;12;13;6;3;5;28;17;26;22;18;35;41;33;37;55;46;51;53;56;73;68;64;65;66
BINGO CARABOBO;5535;8;2;7;14;15;30;23;24;16;25;38;34;45;31;59;47;52;49;54;72;71;70;75;62
BINGO CARABOBO;5536;11;7;12;13;14;27;30;24;25;21;34;33;38;39;54;57;56;49;53;70;68;73;65;69
BINGO CARABOBO;5537;9;3;10;5;2;18;26;19;22;28;44;36;43;41;46;51;58;55;52;71;74;75;63;62
BINGO CARABOBO;5538;8;4;15;6;1;29;17;16;20;23;31;35;37;40;48;50;60;59;47;67;61;72;66;64
BINGO CARABOBO;5539;8;13;7;9;14;22;18;21;28;20;43;40;44;32;47;55;54;57;49;72;69;65;61;63
BINGO CARABOBO;5540;2;6;12;10;11;25;30;19;23;26;38;37;35;42;51;53;46;52;56;68;64;66;71;70
BINGO CARABOBO;5541;4;15;5;1;3;16;24;27;17;29;36;39;34;45;59;58;60;50;48;62;73;74;67;75
BINGO CARABOBO;5542;3;7;14;6;13;28;17;30;19;24;42;31;37;35;47;49;60;53;48;70;66;68;75;63
BINGO CARABOBO;5543;8;11;5;12;1;27;16;26;20;23;36;38;33;44;56;51;58;54;57;74;67;72;65;61
BINGO CARABOBO;5544;9;15;4;10;2;18;25;22;21;29;32;40;41;34;55;50;59;52;46;64;71;69;62;73
BINGO CARABOBO;5545;14;12;5;8;10;18;23;17;21;27;32;40;41;43;51;55;58;53;52;64;74;75;71;63
BINGO CARABOBO;5546;13;11;2;4;3;28;25;20;19;22;42;38;39;35;47;57;49;59;46;62;69;61;68;72
BINGO CARABOBO;5547;9;7;6;15;1;26;29;24;16;30;31;45;44;34;50;60;54;56;48;70;73;67;66;65
BINGO CARABOBO;5548;4;8;11;10;3;25;20;18;22;30;33;35;34;37;55;47;57;58;51;62;67;71;64;74
BINGO CARABOBO;5549;7;14;5;12;9;19;21;26;27;17;40;44;39;32;59;48;56;49;50;63;69;70;61;66
BINGO CARABOBO;5550;13;2;6;1;15;16;28;29;24;23;42;31;38;45;53;54;46;60;52;68;73;75;72;65
BINGO CARABOBO;5551;5;1;2;4;7;20;24;22;29;25;38;40;36;43;49;52;54;55;57;74;65;68;72;66
BINGO CARABOBO;5552;13;14;10;6;9;23;26;17;18;27;35;37;33;41;47;59;46;50;51;64;67;69;70;62
BINGO CARABOBO;5553;11;12;15;8;3;21;16;28;30;19;31;45;32;39;56;53;48;58;60;71;73;75;61;63
BINGO CARABOBO;5554;11;2;4;3;9;26;27;22;23;17;36;42;33;44;46;53;57;51;48;73;67;75;63;68
BINGO CARABOBO;5555;5;13;12;8;7;20;24;16;18;28;32;34;43;35;54;56;52;47;60;69;70;66;61;71
BINGO CARABOBO;5556;15;10;6;14;1;21;25;29;19;30;37;39;45;31;59;58;49;55;50;64;74;72;65;62
BINGO CARABOBO;5557;1;14;4;8;3;20;28;24;23;16;43;42;35;40;50;52;59;57;58;61;71;73;64;70
BINGO CARABOBO;5558;5;6;13;10;15;21;19;27;18;26;34;39;36;41;47;51;49;55;56;67;69;74;65;68
BINGO CARABOBO;5559;7;9;2;11;12;29;25;17;22;30;38;33;37;44;54;53;46;48;60;63;62;72;66;75
BINGO CARABOBO;5560;10;5;11;6;8;22;25;29;19;26;36;45;34;35;56;49;54;52;47;74;67;70;73;66
BINGO CARABOBO;5561;9;1;4;15;3;21;24;27;20;17;38;42;31;37;58;59;50;48;51;65;61;68;72;64
BINGO CARABOBO;5562;7;13;2;14;12;18;30;16;23;28;40;39;44;32;55;53;46;57;60;75;62;63;69;71
BINGO CARABOBO;5563;5;15;3;7;6;27;29;20;22;19;37;41;44;42;52;48;49;59;54;72;70;62;61;68
BINGO CARABOBO;5564;2;9;12;13;14;23;21;24;18;26;33;43;36;31;60;47;53;46;55;73;74;63;75;65
BINGO CARABOBO;5565;1;10;8;4;11;17;25;28;30;16;40;34;45;39;58;51;57;50;56;67;69;64;66;71
BINGO CARABOBO;5566;11;6;14;4;10;30;18;26;20;24;37;34;38;33;51;53;54;49;48;68;67;69;72;75
BINGO CARABOBO;5567;12;2;13;8;3;28;29;16;25;21;43;42;35;41;47;56;55;60;52;73;64;70;62;66
BINGO CARABOBO;5568;5;7;1;9;15;27;22;19;17;23;31;40;36;45;58;59;57;46;50;74;71;63;61;65
BINGO CARABOBO;5569;8;7;10;4;3;23;19;29;16;22;36;44;43;40;56;55;59;49;53;74;70;65;67;69
BINGO CARABOBO;5570;6;15;5;2;11;30;18;24;25;26;41;38;35;34;46;57;52;60;54;68;71;66;73;72
BINGO CARABOBO;5571;12;9;14;1;13;27;21;20;28;17;42;37;31;32;50;51;47;58;48;63;64;75;61;62
BINGO CARABOBO;5572;5;2;10;14;12;20;19;28;16;22;37;43;41;44;55;49;50;54;57;70;69;75;72;73
BINGO CARABOBO;5573;7;3;8;13;6;27;18;23;29;21;42;31;33;35;47;58;53;56;52;63;68;64;74;67
BINGO CARABOBO;5574;9;15;11;1;4;26;24;25;17;30;36;39;34;40;59;48;51;60;46;65;62;71;66;61
BINGO CARABOBO;5575;13;2;11;12;8;21;20;18;17;16;42;34;45;35;57;53;55;49;50;68;74;71;63;66
BINGO CARABOBO;5576;14;5;7;10;4;25;22;26;27;24;43;32;40;36;46;52;54;56;51;69;65;64;62;73
BINGO CARABOBO;5577;9;3;15;1;6;29;19;23;30;28;31;33;44;41;60;48;47;59;58;70;75;61;67;72
BINGO CARABOBO;5578;14;10;8;2;12;20;25;17;18;22;38;40;41;35;56;53;49;59;46;65;66;73;69;74
BINGO CARABOBO;5579;11;9;3;1;7;26;23;30;21;28;33;36;37;34;52;47;50;54;57;68;71;63;70;67
BINGO CARABOBO;5580;15;5;6;4;13;16;24;29;27;19;43;44;45;32;55;58;51;48;60;64;72;62;61;75
BINGO CARABOBO;5581;3;1;15;5;9;25;29;24;19;22;34;35;40;44;57;49;50;58;46;71;66;74;68;72
BINGO CARABOBO;5582;11;2;13;4;8;23;21;26;17;18;42;38;36;41;51;59;52;56;53;73;70;62;65;69
BINGO CARABOBO;5583;10;12;7;6;14;27;28;30;20;16;37;39;45;31;55;48;54;47;60;75;67;61;63;64
BINGO CARABOBO;5584;10;11;5;7;13;18;26;25;30;27;37;42;39;38;54;50;49;46;53;67;70;62;72;65
BINGO CARABOBO;5585;2;14;6;4;3;28;23;19;24;20;35;34;32;36;52;58;47;55;56;71;74;75;64;68
BINGO CARABOBO;5586;8;9;15;12;1;21;16;22;29;17;43;33;31;40;51;59;60;57;48;63;73;69;66;61
BINGO CARABOBO;5587;3;13;10;14;7;25;22;29;26;21;44;36;34;41;58;59;47;52;53;71;74;75;72;61
BINGO CARABOBO;5588;1;11;4;5;2;28;17;24;27;20;38;39;42;40;55;57;56;49;54;69;67;70;64;68
BINGO CARABOBO;5589;12;8;15;6;9;18;23;30;16;19;31;43;45;33;46;50;60;48;51;66;62;63;73;65
BINGO CARABOBO;5590;1;6;5;14;10;19;25;26;18;29;44;36;35;39;47;50;52;49;58;66;68;69;65;74
BINGO CARABOBO;5591;11;3;9;12;2;20;30;16;23;21;42;32;37;41;46;48;59;60;54;63;62;73;70;71
BINGO CARABOBO;5592;7;13;15;8;4;22;24;27;28;17;45;43;38;31;55;53;57;51;56;75;61;64;67;72
BINGO CARABOBO;5593;8;13;5;6;14;22;27;23;30;25;43;37;33;35;58;48;55;56;47;70;67;72;73;66
BINGO CARABOBO;5594;2;12;7;11;4;17;19;18;24;28;41;36;44;40;59;52;50;57;51;65;71;74;63;64
BINGO CARABOBO;5595;15;3;10;1;9;16;21;26;29;20;42;39;34;31;46;60;53;49;54;69;62;68;61;75
BINGO CARABOBO;5596;3;7;4;5;2;22;23;26;18;28;40;42;35;38;54;52;50;57;53;63;72;64;74;75
BINGO CARABOBO;5597;10;15;9;1;8;20;19;29;30;21;32;41;33;34;51;56;59;47;48;68;66;65;69;71
BINGO CARABOBO;5598;12;11;13;14;6;17;16;25;27;24;36;39;31;45;58;55;46;60;49;70;62;67;61;73
BINGO CARABOBO;5599;7;10;12;2;8;28;22;26;25;24;32;39;41;37;52;46;54;53;47;62;69;61;74;73
BINGO CARABOBO;5600;4;6;11;9;1;21;18;19;20;30;33;34;35;36;57;48;58;59;51;64;67;71;65;75
BINGO CARABOBO;5601;13;14;3;15;5;27;23;16;17;29;42;38;45;31;60;49;55;56;50;66;63;68;72;70
BINGO CARABOBO;5602;5;11;13;15;10;29;19;21;23;20;44;39;35;36;53;51;58;52;59;64;62;69;70;65
BINGO CARABOBO;5603;6;8;9;7;12;27;16;26;22;17;43;32;41;37;55;57;60;56;47;67;73;74;71;72
BINGO CARABOBO;5604;4;14;1;3;2;28;18;25;30;24;45;33;40;31;49;50;54;48;46;68;66;63;75;61
BINGO CARABOBO;5605;6;9;13;5;14;23;20;18;30;19;37;35;36;34;54;46;48;58;50;68;67;63;74;71
BINGO CARABOBO;5606;3;1;4;15;8;28;27;25;24;17;33;42;45;43;59;53;57;52;55;72;65;73;66;75
BINGO CARABOBO;5607;2;11;10;7;12;22;26;29;16;21;44;31;32;38;60;47;56;51;49;70;61;69;62;64
BINGO CARABOBO;5608;9;13;11;7;15;18;22;17;24;20;38;37;43;32;57;48;56;59;46;71;68;61;66;64
BINGO CARABOBO;5609;10;6;14;2;8;21;28;26;25;23;36;39;45;40;60;49;55;53;54;73;69;70;74;62
BINGO CARABOBO;5610;12;4;3;5;1;29;27;16;30;19;34;35;44;33;51;52;50;47;58;63;67;72;65;75
BINGO CARABOBO;5611;10;6;7;14;13;27;19;18;25;23;42;40;34;37;56;55;53;54;57;70;71;65;69;75
BINGO CARABOBO;5612;5;2;8;3;9;24;28;16;21;29;35;44;43;31;51;47;50;49;46;74;66;63;67;73
BINGO CARABOBO;5613;12;4;11;1;15;22;26;20;17;30;36;39;38;33;59;58;52;48;60;64;61;68;72;62
BINGO CARABOBO;5614;14;3;2;8;11;22;29;20;28;30;35;44;37;43;48;54;51;57;60;64;71;67;70;66
BINGO CARABOBO;5615;4;12;5;6;7;19;23;26;17;25;42;34;36;45;49;58;56;53;55;65;63;73;72;61
BINGO CARABOBO;5616;10;13;1;9;15;21;18;24;16;27;39;31;41;38;47;50;52;46;59;74;75;62;69;68
BINGO CARABOBO;5617;10;9;3;4;6;23;24;25;26;20;34;39;33;45;50;53;57;52;58;62;64;65;68;69
BINGO CARABOBO;5618;14;8;2;11;1;18;21;16;27;29;38;36;40;32;54;55;47;60;59;73;63;66;70;75
BINGO CARABOBO;5619;7;15;5;13;12;17;22;19;28;30;43;42;37;44;48;51;49;46;56;72;67;71;61;74
BINGO CARABOBO;5620;13;11;9;4;6;17;20;18;25;29;44;41;45;35;55;53;60;51;58;68;69;63;71;72
BINGO CARABOBO;5621;7;8;10;14;5;27;23;26;24;16;36;40;39;33;56;54;46;49;52;74;70;64;66;62
BINGO CARABOBO;5622;12;2;3;15;1;28;22;19;21;30;31;42;38;43;50;48;57;59;47;61;67;73;75;65
BINGO CARABOBO;5623;3;12;11;2;5;28;17;18;27;16;44;37;39;45;52;55;47;60;54;61;71;73;63;67
BINGO CARABOBO;5624;6;4;10;15;8;24;25;20;22;19;38;42;40;43;56;49;51;58;46;74;72;65;62;69
BINGO CARABOBO;5625;1;13;9;7;14;26;30;23;21;29;33;34;31;32;50;59;57;53;48;68;75;66;64;70
BINGO CARABOBO;5626;10;6;12;9;7;28;23;30;19;24;42;32;40;39;57;55;58;54;59;73;66;62;71;70
BINGO CARABOBO;5627;13;1;11;8;4;20;21;17;26;25;43;36;37;41;52;50;51;47;56;67;74;69;68;72
BINGO CARABOBO;5628;15;5;3;14;2;16;22;27;29;18;38;44;33;35;49;53;48;60;46;61;64;65;63;75
BINGO CARABOBO;5629;14;13;3;6;15;18;25;26;27;29;35;40;36;31;53;55;56;51;46;63;67;64;75;69
BINGO CARABOBO;5630;5;2;4;7;1;30;19;20;21;22;34;41;42;33;50;48;54;47;52;73;68;74;70;61
BINGO CARABOBO;5631;8;12;9;10;11;24;23;16;17;28;32;43;37;44;58;49;57;59;60;71;72;65;66;62
BINGO CARABOBO;5632;1;7;4;11;2;23;17;19;28;20;38;32;36;42;47;49;53;52;48;71;65;72;75;73
BINGO CARABOBO;5633;9;14;13;3;8;22;16;29;25;26;43;35;41;31;54;59;58;57;46;64;74;66;68;69
BINGO CARABOBO;5634;12;5;15;6;10;27;24;21;18;30;44;39;40;45;51;60;55;56;50;70;67;61;63;62
BINGO CARABOBO;5635;3;4;6;12;10;23;25;20;22;18;43;37;40;31;48;54;47;50;55;71;75;65;64;72
BINGO CARABOBO;5636;5;7;14;9;13;26;17;19;27;21;44;35;32;33;58;53;56;51;59;70;74;67;62;69
BINGO CARABOBO;5637;1;15;8;2;11;24;28;29;16;30;41;42;39;45;57;49;60;52;46;66;61;63;73;68
BINGO CARABOBO;5638;9;3;2;5;4;26;19;28;22;17;33;41;37;42;56;48;54;58;55;74;66;71;69;67
BINGO CARABOBO;5639;8;15;13;10;6;18;29;21;16;24;32;39;38;40;59;46;50;57;51;62;64;65;73;72
BINGO CARABOBO;5640;12;7;14;11;1;27;30;23;25;20;31;36;43;44;52;53;49;47;60;68;63;70;61;75
BINGO CARABOBO;5641;8;12;13;14;10;17;23;26;24;20;37;35;40;32;57;55;50;51;60;68;71;65;69;67
BINGO CARABOBO;5642;4;7;6;2;11;28;19;21;29;22;39;45;36;43;52;53;56;49;47;74;75;61;73;64
BINGO CARABOBO;5643;5;15;3;9;1;18;16;25;30;27;31;44;33;42;48;54;59;58;46;70;66;72;62;63
BINGO CARABOBO;5644;14;7;6;11;9;25;30;22;16;20;32;35;39;44;52;53;54;49;51;71;70;65;63;69
BINGO CARABOBO;5645;4;10;2;3;12;19;24;21;27;23;43;38;33;34;56;59;50;55;58;66;64;72;73;61
BINGO CARABOBO;5646;13;1;5;15;8;28;26;18;17;29;41;45;31;42;57;48;47;46;60;62;74;75;67;68
BINGO CARABOBO;5647;14;7;12;4;11;21;20;25;29;28;38;34;42;43;50;48;56;51;58;73;68;63;69;72
BINGO CARABOBO;5648;2;6;3;5;1;19;22;24;16;18;40;45;35;36;54;53;49;57;46;62;71;64;67;70
BINGO CARABOBO;5649;15;13;9;8;10;27;17;30;26;23;33;31;32;39;60;47;55;52;59;61;74;75;66;65
BINGO CARABOBO;5650;15;7;13;5;8;17;23;28;19;20;31;33;39;40;47;51;56;46;58;67;71;69;75;73
BINGO CARABOBO;5651;3;9;10;4;12;30;25;26;21;22;37;44;32;36;53;49;55;54;48;64;72;63;62;61
BINGO CARABOBO;5652;11;1;6;2;14;24;18;16;27;29;45;43;42;35;52;59;57;50;60;70;66;68;74;65
BINGO CARABOBO;5653;2;10;8;14;13;17;20;22;23;26;40;32;41;31;55;56;46;53;48;73;63;66;68;70
BINGO CARABOBO;5654;3;7;9;12;6;25;30;16;19;29;44;38;34;35;51;50;57;52;59;62;61;71;75;69
BINGO CARABOBO;5655;4;5;11;1;15;24;27;21;18;28;43;45;37;36;54;58;60;47;49;72;64;67;65;74
BINGO CARABOBO;5656;12;5;6;8;3;29;17;18;26;24;39;41;40;33;58;46;60;50;54;67;70;68;62;71
BINGO CARABOBO;5657;7;11;14;15;13;30;27;20;22;25;35;42;38;37;57;51;52;55;48;72;69;73;64;63
BINGO CARABOBO;5658;2;4;1;9;10;21;19;23;16;28;43;45;36;31;56;59;47;53;49;75;66;61;74;65
BINGO CARABOBO;5659;4;5;3;11;6;27;23;20;28;19;42;40;39;32;55;57;48;53;59;67;72;71;61;69
BINGO CARABOBO;5660;14;9;12;8;15;24;29;16;21;18;35;33;45;36;50;47;56;60;58;70;66;62;65;64
BINGO CARABOBO;5661;10;7;13;1;2;22;26;25;17;30;41;38;31;37;54;46;52;51;49;75;73;68;63;74
BINGO CARABOBO;5662;11;2;5;4;9;25;18;29;27;19;37;39;36;32;48;56;57;59;52;68;70;69;62;64
BINGO CARABOBO;5663;7;1;12;15;13;17;24;16;23;22;33;43;38;41;47;49;53;54;55;71;67;63;72;75
BINGO CARABOBO;5664;6;14;8;3;10;21;28;30;20;26;35;45;42;44;51;60;50;46;58;74;66;65;73;61
BINGO CARABOBO;5665;7;2;11;15;1;18;20;17;22;23;39;36;35;40;54;48;57;50;59;72;75;70;65;71
BINGO CARABOBO;5666;9;13;10;4;6;26;16;19;24;25;33;38;42;45;56;47;46;60;51;66;74;69;62;73
BINGO CARABOBO;5667;12;8;14;5;3;29;21;28;30;27;44;34;41;43;55;52;53;49;58;67;64;63;68;61
BINGO CARABOBO;5668;10;14;2;1;13;18;25;27;17;28;38;39;42;35;59;52;49;47;55;69;74;73;65;72
BINGO CARABOBO;5669;6;5;11;12;3;24;26;29;23;19;44;37;32;40;48;50;60;56;58;64;67;66;70;71
BINGO CARABOBO;5670;4;9;8;15;7;16;21;30;20;22;43;41;31;36;54;57;51;46;53;63;75;68;61;62
BINGO CARABOBO;5671;13;6;10;2;8;24;18;23;22;28;36;39;45;35;46;52;59;48;47;66;63;68;73;71
BINGO CARABOBO;5672;14;9;5;15;11;29;30;25;19;17;40;37;41;33;54;53;58;51;57;65;67;61;75;62
BINGO CARABOBO;5673;7;4;12;3;1;27;21;20;16;26;43;34;31;38;50;49;56;60;55;69;64;72;74;70
BINGO CARABOBO;5674;14;1;8;10;3;26;21;22;28;29;35;40;34;39;47;58;49;53;55;69;63;62;65;64
BINGO CARABOBO;5675;11;13;15;5;6;30;18;19;27;17;32;41;42;33;56;59;51;50;57;67;75;66;68;72
BINGO CARABOBO;5676;7;4;12;2;9;24;23;20;16;25;38;31;36;37;60;52;48;46;54;70;61;73;71;74
BINGO CARABOBO;5677;5;12;4;14;13;25;19;22;26;18;35;45;37;34;56;59;49;52;48;73;64;65;67;63
BINGO CARABOBO;5678;8;6;11;9;10;27;20;28;16;29;40;43;36;41;55;54;53;51;47;71;66;74;62;61
BINGO CARABOBO;5679;15;2;7;3;1;23;24;21;30;17;31;39;44;38;60;57;46;58;50;72;69;68;75;70
BINGO CARABOBO;5680;6;3;2;14;11;24;22;28;26;18;34;33;31;38;59;47;56;60;58;64;72;73;69;74
BINGO CARABOBO;5681;5;10;8;12;7;25;17;29;23;30;43;36;39;32;50;51;55;53;48;63;68;65;61;70
BINGO CARABOBO;5682;13;4;9;15;1;16;20;27;21;19;37;40;35;45;52;49;46;57;54;62;66;71;67;75
BINGO CARABOBO;5683;13;14;7;1;4;28;19;17;21;26;42;41;35;31;46;56;52;53;59;69;63;68;71;62
BINGO CARABOBO;5684;5;9;8;10;12;20;27;25;22;29;34;40;33;38;57;58;48;49;55;67;61;72;74;73
BINGO CARABOBO;5685;6;3;2;11;15;30;16;24;23;18;39;37;45;36;47;54;51;50;60;64;70;65;75;66
BINGO CARABOBO;5686;5;3;15;6;10;26;23;18;17;19;42;40;41;35;48;49;56;59;47;65;71;68;70;73
BINGO CARABOBO;5687;12;13;1;7;4;20;22;30;16;28;36;31;34;39;55;46;51;57;50;63;67;74;72;64
BINGO CARABOBO;5688;11;9;14;2;8;21;27;25;29;24;38;43;37;32;53;52;54;60;58;62;69;75;66;61
BINGO CARABOBO;5689;11;6;8;12;14;27;22;28;29;30;43;32;40;33;50;49;48;55;53;71;74;72;66;69
BINGO CARABOBO;5690;9;13;7;10;5;19;25;20;16;24;42;36;44;34;59;58;51;54;52;62;67;65;64;61
BINGO CARABOBO;5691;15;3;2;4;1;23;18;26;21;17;39;31;37;35;57;56;46;47;60;73;75;70;68;63
BINGO CARABOBO;5692;11;9;12;6;10;21;27;22;23;26;34;44;40;33;57;59;50;47;56;73;72;65;67;74
BINGO CARABOBO;5693;8;3;4;5;2;29;28;17;30;24;37;42;31;39;51;49;58;60;53;61;63;71;62;64
BINGO CARABOBO;5694;14;1;15;13;7;18;20;19;16;25;45;38;36;43;55;46;48;52;54;69;68;70;66;75
BINGO CARABOBO;5695;12;10;5;2;3;18;22;30;21;29;44;32;36;40;57;59;56;51;49;61;63;75;68;62
BINGO CARABOBO;5696;9;4;7;11;8;24;27;19;20;25;42;43;34;35;52;50;53;47;58;71;70;66;72;64
BINGO CARABOBO;5697;1;15;13;6;14;23;28;17;16;26;33;39;37;45;46;54;60;55;48;73;69;67;74;65
BINGO CARABOBO;5698;9;6;7;14;2;24;23;30;26;28;38;42;40;45;49;58;54;57;52;70;74;62;71;65
BINGO CARABOBO;5699;5;13;4;10;15;16;21;25;17;19;32;43;39;37;53;50;59;51;46;63;72;67;73;61
BINGO CARABOBO;5700;3;11;8;1;12;22;27;29;18;20;35;44;34;31;56;55;48;60;47;68;64;69;66;75
BINGO CARABOBO;5701;6;3;4;2;9;23;27;29;26;25;44;39;34;42;52;53;51;46;48;71;62;66;68;74
BINGO CARABOBO;5702;8;14;13;7;11;17;20;28;18;19;33;35;40;41;54;57;47;55;49;69;72;67;61;75
BINGO CARABOBO;5703;10;12;15;1;5;30;22;24;21;16;37;45;36;43;59;56;58;60;50;65;70;64;63;73
BINGO CARABOBO;5704;6;11;8;14;10;26;22;23;21;24;35;40;33;44;57;59;48;56;49;64;68;70;69;73
BINGO CARABOBO;5705;13;4;3;15;12;29;30;17;25;28;45;36;43;32;55;50;53;47;54;62;67;71;72;74
BINGO CARABOBO;5706;5;9;1;2;7;27;20;19;18;16;34;41;39;37;60;52;46;58;51;63;65;75;66;61
BINGO CARABOBO;5707;12;3;6;4;13;24;21;23;19;28;44;43;40;34;48;55;52;58;47;63;69;73;62;65
BINGO CARABOBO;5708;10;5;2;8;1;29;22;20;30;26;31;35;33;41;53;54;56;50;57;71;74;66;75;70
BINGO CARABOBO;5709;9;11;14;7;15;27;17;18;25;16;36;38;45;37;59;49;60;51;46;72;68;67;64;61
BINGO CARABOBO;5710;2;12;6;3;8;28;25;22;26;21;38;40;35;34;48;50;54;56;47;65;74;71;68;72
BINGO CARABOBO;5711;1;5;4;11;9;23;29;20;17;24;43;41;32;39;58;49;55;60;57;64;69;63;67;70
BINGO CARABOBO;5712;14;7;15;13;10;30;18;19;27;16;44;37;33;45;53;52;51;46;59;73;66;61;62;75
BINGO CARABOBO;5713;2;12;13;5;9;24;19;30;26;28;32;36;44;37;57;52;54;55;53;65;72;62;75;70
BINGO CARABOBO;5714;11;7;10;3;6;20;27;17;16;22;43;33;38;31;58;48;50;51;56;69;71;63;68;73
BINGO CARABOBO;5715;4;1;14;15;8;23;25;18;21;29;34;40;45;35;60;59;47;46;49;61;64;74;66;67
BINGO CARABOBO;5716;9;2;13;3;11;26;22;25;28;27;31;34;42;38;55;59;56;57;53;71;74;73;69;68
BINGO CARABOBO;5717;1;10;5;8;4;30;17;20;18;19;33;41;43;37;54;48;58;51;49;63;66;70;64;72
BINGO CARABOBO;5718;12;14;6;15;7;21;29;23;16;24;36;44;32;45;47;52;50;46;60;62;67;61;75;65
BINGO CARABOBO;5719;6;4;11;10;2;21;17;26;16;20;42;44;39;35;49;54;52;56;59;71;73;65;63;62
BINGO CARABOBO;5720;13;1;5;7;14;23;28;27;24;19;40;41;37;33;53;55;50;47;58;61;68;67;69;74
BINGO CARABOBO;5721;8;9;12;15;3;18;22;25;29;30;38;34;36;45;48;57;60;51;46;66;70;72;75;64
BINGO CARABOBO;5722;14;6;8;10;12;19;20;23;17;30;39;34;43;36;50;57;49;54;52;71;69;74;64;62
BINGO CARABOBO;5723;4;13;2;9;15;18;27;29;16;24;42;31;38;45;53;60;46;48;51;68;65;70;75;72
BINGO CARABOBO;5724;3;1;11;7;5;25;21;28;22;26;33;40;41;32;56;55;59;47;58;66;67;61;73;63
BINGO CARABOBO;5725;14;10;13;2;3;28;25;19;23;21;44;45;39;43;48;54;51;55;56;67;62;70;74;63
BINGO CARABOBO;5726;4;6;9;12;15;17;27;29;20;26;36;41;35;40;47;52;58;46;50;75;68;69;66;71
BINGO CARABOBO;5727;7;11;8;1;5;30;22;18;16;24;34;42;33;38;53;57;60;59;49;64;73;61;65;72
BINGO CARABOBO;5728;2;3;8;5;7;29;18;22;21;17;33;32;38;39;53;46;50;58;49;67;69;71;65;74
BINGO CARABOBO;5729;4;9;13;10;11;20;27;28;19;26;44;41;42;36;59;60;51;54;52;70;61;72;68;66
BINGO CARABOBO;5730;1;15;12;6;14;16;25;23;30;24;37;40;31;35;55;48;56;57;47;62;73;64;63;75
BINGO CARABOBO;5731;6;12;10;8;5;29;25;20;27;23;35;33;41;39;57;58;56;46;54;72;70;66;62;71
BINGO CARABOBO;5732;11;4;7;2;15;24;22;21;19;30;43;42;38;45;53;55;50;48;49;63;73;74;64;75
BINGO CARABOBO;5733;1;13;14;3;9;18;28;16;17;26;36;37;32;44;52;59;60;51;47;67;68;65;61;69
BINGO CARABOBO;5734;15;8;2;11;3;22;20;19;17;24;42;45;44;33;56;58;49;55;47;71;65;64;74;61
BINGO CARABOBO;5735;13;1;9;4;12;26;16;28;18;25;34;36;41;43;46;57;52;48;53;66;68;73;67;75
BINGO CARABOBO;5736;10;5;6;7;14;30;23;27;21;29;37;31;32;40;60;59;54;51;50;63;70;69;62;72
BINGO CARABOBO;5737;7;3;10;14;2;30;16;25;27;19;39;32;38;36;59;48;52;47;49;72;69;68;66;73
BINGO CARABOBO;5738;5;4;9;12;1;21;20;28;24;23;37;35;40;41;58;57;53;50;54;71;63;74;62;70
BINGO CARABOBO;5739;8;11;13;15;6;22;26;29;17;18;42;31;33;44;60;51;55;46;56;67;75;64;61;65
BINGO CARABOBO;5740;12;15;7;3;10;21;18;30;17;19;39;36;38;37;50;49;59;46;54;74;68;72;64;65
BINGO CARABOBO;5741;2;11;13;8;14;26;23;27;28;25;41;44;35;33;52;51;48;57;56;69;71;70;62;67
BINGO CARABOBO;5742;6;4;5;1;9;24;20;29;16;22;32;43;34;45;60;53;55;58;47;75;63;66;73;61
BINGO CARABOBO;5743;3;13;14;12;1;27;18;30;25;21;35;42;34;45;60;53;50;49;55;74;62;64;63;71
BINGO CARABOBO;5744;10;8;11;6;7;22;28;20;23;26;36;31;40;37;58;48;52;47;54;73;72;70;67;75
BINGO CARABOBO;5745;9;15;4;2;5;19;29;16;24;17;39;44;38;43;51;56;59;57;46;61;66;69;65;68
BINGO CARABOBO;5746;7;10;11;6;1;28;19;25;26;27;42;33;41;37;52;47;48;57;49;64;69;62;63;74
BINGO CARABOBO;5747;5;3;14;2;8;30;17;24;18;23;40;44;31;35;55;56;54;50;46;72;71;70;65;73
BINGO CARABOBO;5748;12;15;4;9;13;20;22;16;29;21;38;45;32;34;51;53;58;60;59;66;67;75;68;61
BINGO CARABOBO;5749;3;15;6;9;4;26;30;25;24;22;45;31;40;36;52;53;49;48;51;63;61;73;66;64
BINGO CARABOBO;5750;5;1;2;8;10;16;29;20;23;27;43;35;44;39;59;55;47;56;58;74;67;69;65;71
BINGO CARABOBO;5751;12;7;13;14;11;28;21;17;18;19;32;41;33;38;60;54;46;57;50;70;62;72;68;75
BINGO CARABOBO;5752;11;5;12;7;8;30;19;20;23;27;38;32;37;35;57;50;55;53;48;64;72;75;74;67
BINGO CARABOBO;5753;1;14;13;9;6;28;24;26;22;17;40;33;43;34;59;60;49;52;54;63;68;65;71;66
BINGO CARABOBO;5754;4;15;3;10;2;21;29;18;25;16;41;39;44;31;56;46;51;58;47;73;61;62;69;70
BINGO CARABOBO;5755;7;6;14;12;10;19;25;27;29;26;40;44;33;45;58;53;57;50;49;68;63;70;64;72
BINGO CARABOBO;5756;15;4;8;1;11;20;22;23;18;21;37;41;35;32;59;47;51;56;52;67;71;73;69;75
BINGO CARABOBO;5757;2;3;13;9;5;30;24;17;16;28;34;38;43;36;60;48;54;55;46;62;61;66;65;74
BINGO CARABOBO;5758;15;12;6;8;3;26;28;19;27;25;40;37;39;43;57;48;52;49;50;61;68;67;69;74
BINGO CARABOBO;5759;5;10;13;9;2;17;30;29;23;20;38;36;42;33;47;55;54;53;46;70;63;75;71;72
BINGO CARABOBO;5760;11;7;4;14;1;18;22;24;16;21;34;41;45;31;56;58;59;60;51;64;65;62;73;66
BINGO CARABOBO;5761;13;14;15;9;7;19;29;28;25;17;31;37;38;41;56;55;59;58;54;73;70;64;68;67
BINGO CARABOBO;5762;10;4;12;2;6;27;18;21;23;20;42;35;45;43;48;49;51;53;52;66;71;65;62;69
BINGO CARABOBO;5763;5;8;3;1;11;22;16;30;24;26;36;39;34;44;60;47;50;46;57;61;72;63;74;75
BINGO CARABOBO;5764;4;2;10;14;12;27;21;29;19;20;41;34;32;44;56;50;57;59;46;70;71;61;63;65
BINGO CARABOBO;5765;8;3;6;11;5;28;23;26;17;18;43;33;42;40;58;52;54;60;55;62;69;68;66;75
BINGO CARABOBO;5766;7;13;9;15;1;25;22;24;16;30;36;38;35;45;47;51;49;53;48;73;72;64;74;67
BINGO CARABOBO;5767;5;4;15;6;7;24;20;18;26;21;40;33;41;45;53;56;58;47;49;75;66;63;61;67
BINGO CARABOBO;5768;8;11;13;2;10;28;23;27;29;19;39;42;36;35;50;55;52;54;51;70;65;62;73;72
BINGO CARABOBO;5769;1;12;3;14;9;22;30;17;16;25;43;38;44;31;59;48;46;60;57;74;64;69;71;68
BINGO CARABOBO;5770;13;6;10;15;11;23;22;30;29;18;34;35;38;32;59;47;56;55;52;72;61;66;75;73
BINGO CARABOBO;5771;8;7;1;14;12;25;20;27;26;19;44;41;43;40;58;57;53;60;48;69;70;64;63;62
BINGO CARABOBO;5772;4;5;9;3;2;21;28;16;24;17;42;45;33;31;49;50;46;54;51;74;67;71;65;68
BINGO CARABOBO;5773;5;7;6;3;4;17;30;24;19;28;40;42;32;36;51;49;59;53;54;62;61;69;75;71
BINGO CARABOBO;5774;11;15;2;9;12;27;29;16;25;22;35;31;37;44;52;46;57;47;58;68;67;73;64;70
BINGO CARABOBO;5775;14;10;13;1;8;23;20;21;18;26;33;39;45;34;60;48;55;56;50;74;65;66;72;63
BINGO CARABOBO;5776;7;9;4;11;5;17;27;26;18;20;40;45;33;36;52;60;48;49;54;71;74;66;64;73
BINGO CARABOBO;5777;8;2;13;10;12;22;19;28;30;23;44;42;38;41;50;46;57;59;47;75;68;63;69;72
BINGO CARABOBO;5778;6;14;1;3;15;16;25;29;21;24;34;39;31;35;51;55;56;58;53;67;62;65;61;70
BINGO CARABOBO;5779;7;3;13;15;6;29;26;18;21;19;40;35;32;37;54;58;59;50;51;70;68;69;67;72
BINGO CARABOBO;5780;12;14;4;2;10;24;27;22;23;28;33;34;39;41;53;57;49;46;56;65;64;66;73;62
BINGO CARABOBO;5781;8;1;9;5;11;25;17;20;30;16;38;36;44;45;52;55;47;48;60;74;61;71;63;75
BINGO CARABOBO;5782;10;4;13;8;7;29;21;25;28;23;41;33;34;39;57;48;49;59;53;63;64;66;65;71
BINGO CARABOBO;5783;5;12;9;14;2;30;24;18;26;20;40;44;42;31;56;55;46;50;58;74;68;61;72;73
BINGO CARABOBO;5784;6;15;11;3;1;19;17;27;22;16;35;32;37;38;54;60;51;52;47;67;70;75;62;69
BINGO CARABOBO;5785;5;9;6;10;2;18;17;30;23;28;34;42;37;44;48;57;47;49;53;72;73;63;64;67
BINGO CARABOBO;5786;11;12;3;14;4;20;16;29;21;25;45;32;38;39;55;56;58;50;52;70;62;65;71;74
BINGO CARABOBO;5787;15;13;7;1;8;26;24;22;27;19;36;33;40;31;54;46;59;60;51;66;69;61;75;68
BINGO CARABOBO;5788;9;10;3;6;5;18;19;22;29;27;40;42;39;43;59;53;50;54;49;64;70;65;72;62
BINGO CARABOBO;5789;12;7;14;8;13;21;24;17;20;26;32;41;45;36;48;55;57;51;52;67;63;66;61;71
BINGO CARABOBO;5790;11;4;15;1;2;28;25;16;23;30;44;34;35;33;47;56;58;46;60;69;74;68;73;75
BINGO CARABOBO;5791;14;3;1;4;9;19;27;26;28;25;38;44;32;43;58;51;57;47;52;67;74;65;68;69
BINGO CARABOBO;5792;8;12;5;13;6;29;22;20;23;17;41;36;42;39;56;48;59;46;54;71;72;61;66;70
BINGO CARABOBO;5793;10;7;15;2;11;24;16;21;30;18;45;33;34;40;50;53;55;49;60;73;75;63;64;62
BINGO CARABOBO;5794;9;2;7;5;3;30;21;22;23;20;39;45;31;42;59;56;48;49;54;65;66;73;74;69
BINGO CARABOBO;5795;13;15;14;12;1;28;18;17;27;24;36;41;35;44;47;53;52;50;55;75;62;64;61;70
BINGO CARABOBO;5796;10;8;4;11;6;16;25;29;19;26;33;32;37;40;58;60;57;51;46;71;67;68;63;72
BINGO CARABOBO;5797;6;8;2;7;9;24;18;21;25;23;38;44;43;32;56;59;52;54;47;67;74;61;71;73
BINGO CARABOBO;5798;13;12;14;11;3;28;30;20;22;16;39;42;31;41;46;55;57;50;51;63;66;75;72;64
BINGO CARABOBO;5799;15;5;4;1;10;19;27;17;26;29;33;34;40;45;58;48;60;49;53;65;68;62;70;69
BINGO CARABOBO;5800;4;3;11;8;14;30;24;29;22;17;41;39;33;35;54;50;59;58;57;70;68;61;71;64
BINGO CARABOBO;5801;12;7;13;1;10;21;25;23;20;19;40;42;34;36;56;46;53;52;49;74;73;67;69;65
BINGO CARABOBO;5802;9;6;2;15;5;18;26;27;16;28;44;32;37;31;60;48;47;51;55;63;72;75;62;66
BINGO CARABOBO;5803;13;9;3;10;14;17;24;16;23;26;32;38;35;34;60;46;51;53;54;66;69;75;64;72
BINGO CARABOBO;5804;2;12;4;15;7;28;18;20;25;29;45;33;39;36;50;58;56;52;48;68;62;63;61;71
BINGO CARABOBO;5805;1;11;8;6;5;30;19;22;21;27;41;31;42;43;59;47;55;57;49;67;73;70;65;74
BINGO CARABOBO;5806;8;12;10;2;15;30;22;21;29;16;42;31;41;45;59;50;58;46;51;72;64;69;63;71
BINGO CARABOBO;5807;6;5;13;11;9;19;25;26;24;20;38;43;44;37;49;54;56;48;52;74;62;67;65;70
BINGO CARABOBO;5808;14;3;4;1;7;17;23;27;18;28;33;36;32;39;57;60;47;55;53;66;73;68;75;61
BINGO CARABOBO;5809;5;11;13;14;2;19;21;20;29;25;40;43;36;33;46;50;52;57;51;72;74;63;66;70
BINGO CARABOBO;5810;8;7;6;9;3;27;30;18;23;24;39;37;38;44;58;49;54;48;53;71;64;65;68;75
BINGO CARABOBO;5811;4;12;15;10;1;26;22;28;17;16;35;32;42;45;47;56;59;60;55;67;62;69;61;73
BINGO CARABOBO;5812;4;7;3;13;11;22;23;20;28;21;45;40;31;38;51;58;50;56;49;73;63;68;71;62
BINGO CARABOBO;5813;12;10;14;6;5;30;26;25;19;24;41;32;33;43;52;48;55;57;60;75;72;66;69;64
BINGO CARABOBO;5814;9;2;8;1;15;18;17;27;16;29;44;35;36;39;53;47;54;59;46;65;67;74;70;61
BINGO CARABOBO;5815;5;9;2;7;10;18;22;25;17;21;31;39;40;32;57;59;51;50;58;67;74;62;64;72
BINGO CARABOBO;5816;11;6;15;3;4;19;29;24;28;26;45;37;35;34;60;53;46;48;52;63;65;69;61;66
BINGO CARABOBO;5817;13;12;8;14;1;20;27;23;16;30;36;38;33;44;49;55;56;54;47;75;70;73;71;68
BINGO CARABOBO;5818;15;1;8;2;4;21;29;22;27;19;43;34;41;40;49;48;50;47;53;65;73;67;64;74
BINGO CARABOBO;5819;9;7;11;13;6;26;16;18;24;20;44;35;42;45;46;52;55;58;54;70;61;68;66;71
BINGO CARABOBO;5820;10;14;3;5;12;28;23;25;30;17;36;32;38;31;59;51;60;57;56;72;63;69;62;75
BINGO CARABOBO;5821;14;2;7;15;5;27;16;19;18;25;36;42;40;35;58;59;47;57;51;72;69;66;62;71
BINGO CARABOBO;5822;13;8;11;9;4;29;28;22;23;24;33;43;39;37;53;48;56;54;52;70;74;63;73;64
BINGO CARABOBO;5823;6;3;10;12;1;17;26;21;30;20;34;38;44;31;60;50;49;55;46;75;61;67;65;68
BINGO CARABOBO;5824;3;10;8;15;14;29;23;27;18;17;41;35;39;43;52;54;58;47;51;63;70;65;68;66
BINGO CARABOBO;5825;6;7;9;12;11;24;21;30;25;26;36;37;44;32;49;46;57;53;59;61;75;69;73;67
BINGO CARABOBO;5826;1;5;4;13;2;22;20;28;19;16;31;42;33;45;56;50;60;48;55;64;62;72;74;71
BINGO CARABOBO;5827;11;7;10;12;8;19;29;21;23;26;38;33;41;34;47;53;48;55;59;74;63;68;72;75
BINGO CARABOBO;5828;3;4;14;5;6;18;24;22;27;25;37;42;32;39;52;60;49;50;56;61;65;70;69;64
BINGO CARABOBO;5829;9;2;1;13;15;28;20;16;17;30;31;36;45;43;51;57;54;58;46;66;67;71;73;62
BINGO CARABOBO;5830;13;8;7;6;9;17;25;19;28;26;38;32;40;31;47;57;48;50;49;66;68;74;62;73
BINGO CARABOBO;5831;10;3;11;12;5;20;30;22;24;23;39;34;44;41;53;58;56;51;59;61;72;63;75;64
BINGO CARABOBO;5832;1;2;14;4;15;27;16;29;21;18;37;36;45;33;60;52;55;46;54;70;69;71;65;67
BINGO CARABOBO;5833;13;3;5;7;4;22;18;19;29;23;39;37;41;34;49;48;57;46;53;72;74;67;71;70
BINGO CARABOBO;5834;11;6;14;10;9;28;21;17;25;16;40;32;44;45;59;51;50;55;47;62;64;73;68;63
BINGO CARABOBO;5835;12;2;1;15;8;26;24;27;30;20;31;36;38;33;54;52;56;58;60;66;65;61;75;69
BINGO CARABOBO;5836;4;12;13;3;7;22;23;16;25;28;35;41;42;33;49;48;51;58;59;65;75;69;63;70
BINGO CARABOBO;5837;11;9;5;2;10;26;19;20;27;18;32;36;44;34;47;52;54;55;57;64;67;71;68;62
BINGO CARABOBO;5838;1;6;14;8;15;24;21;29;30;17;40;43;45;31;60;56;53;46;50;72;74;61;73;66
BINGO CARABOBO;5839;4;6;11;5;13;18;17;22;27;30;35;33;40;39;52;49;57;50;60;71;72;65;68;70
BINGO CARABOBO;5840;2;10;7;9;8;20;21;24;29;26;41;43;38;44;58;54;47;55;51;64;73;63;66;74
BINGO CARABOBO;5841;14;3;15;12;1;23;19;25;28;16;36;32;45;34;56;46;53;48;59;75;67;62;69;61
BINGO CARABOBO;5842;14;6;2;5;9;30;24;26;18;20;34;44;37;38;50;53;48;49;59;71;69;62;67;66
BINGO CARABOBO;5843;8;11;10;7;15;17;27;19;21;22;33;35;40;32;56;51;60;47;55;73;64;72;74;70
BINGO CARABOBO;5844;12;13;3;1;4;23;16;29;25;28;31;45;39;42;52;57;54;46;58;61;63;68;75;65
BINGO CARABOBO;5845;4;7;6;14;12;17;29;18;20;24;44;35;39;42;57;53;54;51;60;64;68;74;63;67
BINGO CARABOBO;5846;2;9;15;11;8;23;28;27;30;25;32;38;36;33;48;46;52;50;58;73;71;66;65;61
BINGO CARABOBO;5847;1;5;3;10;13;19;22;21;16;26;43;34;45;40;49;56;55;59;47;70;72;75;69;62
BINGO CARABOBO;5848;7;6;5;1;10;23;21;17;20;22;43;40;38;33;55;57;54;51;58;61;64;62;71;69
BINGO CARABOBO;5849;11;13;8;12;9;28;24;25;29;27;41;31;32;37;47;48;49;52;59;70;72;73;66;68
BINGO CARABOBO;5850;15;2;3;14;4;18;26;16;19;30;36;44;45;35;56;50;53;60;46;74;63;67;65;75
BINGO CARABOBO;5851;14;15;5;11;6;16;27;28;21;23;45;44;32;35;59;49;57;56;48;71;64;74;65;67
BINGO CARABOBO;5852;2;1;10;8;13;26;20;25;19;29;38;37;43;31;51;50;58;54;55;68;66;73;63;75
BINGO CARABOBO;5853;7;4;9;12;3;18;22;17;30;24;39;34;33;42;53;60;47;46;52;70;69;62;72;61
BINGO CARABOBO;5854;1;6;9;4;5;29;25;26;23;30;31;35;36;44;53;49;59;47;56;73;74;65;72;75
BINGO CARABOBO;5855;15;12;7;13;2;28;19;24;22;27;34;41;37;42;58;52;55;57;60;63;71;66;68;64
BINGO CARABOBO;5856;10;8;11;3;14;21;17;16;20;18;39;33;32;43;51;48;50;46;54;62;69;61;67;70
BINGO CARABOBO;5857;8;14;10;11;4;29;20;24;30;26;36;39;37;41;54;58;56;51;47;72;75;64;71;63
BINGO CARABOBO;5858;12;1;15;5;7;16;22;27;21;23;32;34;40;43;48;52;60;46;57;73;66;69;62;65
BINGO CARABOBO;5859;13;3;9;6;2;18;25;19;28;17;42;31;35;45;55;50;53;49;59;68;67;74;61;70
BINGO CARABOBO;5860;9;12;15;13;2;19;25;28;23;18;45;42;40;34;55;54;50;52;60;61;67;66;73;69
BINGO CARABOBO;5861;6;10;14;5;8;20;17;21;29;26;41;43;36;33;47;51;59;49;58;64;68;65;71;75
BINGO CARABOBO;5862;3;1;7;4;11;27;30;16;24;22;37;35;38;31;56;46;53;48;57;74;63;70;72;62
BINGO CARABOBO;5863;13;8;12;6;9;29;23;27;22;28;42;38;32;41;49;56;53;52;51;68;69;72;75;73
BINGO CARABOBO;5864;15;2;1;10;7;26;16;25;19;20;40;37;43;33;57;55;47;54;46;65;70;62;66;64
BINGO CARABOBO;5865;3;4;5;14;11;17;24;21;30;18;31;36;35;39;58;50;59;60;48;63;61;74;71;67
BINGO CARABOBO;5866;15;3;12;10;13;29;25;26;28;21;35;45;31;34;51;55;59;48;56;63;72;74;73;66
BINGO CARABOBO;5867;6;9;8;7;5;22;24;20;30;17;41;33;42;37;52;54;53;50;46;68;75;62;65;71
BINGO CARABOBO;5868;11;4;1;2;14;16;23;19;27;18;38;40;43;39;60;57;47;49;58;64;67;69;70;61
BINGO CARABOBO;5869;11;5;9;7;2;29;22;25;21;30;38;34;32;31;60;47;53;49;59;66;71;62;63;61
BINGO CARABOBO;5870;13;6;12;4;8;19;16;23;27;20;36;41;33;37;54;51;52;50;55;69;64;72;73;68
BINGO CARABOBO;5871;14;10;3;15;1;28;17;18;24;26;39;42;35;44;48;56;57;58;46;65;74;70;67;75
BINGO CARABOBO;5872;10;13;14;8;9;21;19;25;24;16;35;45;42;37;57;59;52;47;56;73;71;68;72;62
BINGO CARABOBO;5873;3;5;11;2;7;27;29;18;30;20;40;31;44;39;48;49;50;58;53;70;69;66;64;74
BINGO CARABOBO;5874;4;12;1;6;15;23;26;17;22;28;36;41;43;32;60;54;55;51;46;63;61;67;75;65
BINGO CARABOBO;5875;5;7;14;11;10;20;27;28;16;26;43;42;38;37;51;47;50;52;57;62;65;73;64;74
BINGO CARABOBO;5876;8;15;13;3;2;24;19;23;30;21;39;33;40;45;49;54;58;60;53;61;70;66;68;67
BINGO CARABOBO;5877;6;9;4;12;1;25;22;18;17;29;41;31;32;35;55;48;46;59;56;72;71;63;75;69
BINGO CARABOBO;5878;5;2;7;11;15;20;17;26;29;28;40;37;36;34;56;49;57;59;50;73;65;68;71;72
BINGO CARABOBO;5879;8;3;13;6;4;22;23;30;18;21;44;43;35;45;55;47;54;51;53;74;61;66;69;70
BINGO CARABOBO;5880;14;12;9;10;1;27;16;19;25;24;32;38;41;39;48;58;60;52;46;67;75;63;62;64
BINGO CARABOBO;5881;8;3;6;12;14;27;26;17;30;16;40;43;39;35;50;49;48;55;54;71;64;74;67;69
BINGO CARABOBO;5882;11;5;4;7;2;28;21;29;22;24;34;45;36;37;60;56;58;52;51;63;65;66;68;62
BINGO CARABOBO;5883;10;13;15;9;1;20;19;23;25;18;42;33;31;41;57;46;47;59;53;73;72;75;70;61
BINGO CARABOBO;5884;9;7;11;3;13;23;28;25;22;29;32;42;37;34;55;60;51;50;54;73;74;71;75;68
BINGO CARABOBO;5885;8;14;12;5;4;16;26;19;17;27;33;31;41;38;58;56;48;47;53;66;69;63;70;67
BINGO CARABOBO;5886;15;2;1;10;6;20;24;30;18;21;40;36;35;43;59;49;46;52;57;62;64;65;61;72
BINGO CARABOBO;5887;5;3;14;9;10;23;22;29;24;28;32;31;35;39;58;47;59;53;55;63;66;62;70;74
BINGO CARABOBO;5888;8;2;6;12;13;21;26;18;25;16;42;36;37;43;56;54;57;49;50;72;68;71;73;64
BINGO CARABOBO;5889;4;11;7;15;1;30;19;27;17;20;40;38;34;41;60;48;51;52;46;69;75;61;65;67
BINGO CARABOBO;5890;2;9;8;3;6;27;22;23;18;21;41;35;31;37;52;54;55;58;56;63;67;70;66;65
BINGO CARABOBO;5891;11;12;1;13;5;25;24;28;16;20;39;36;45;43;51;49;59;50;46;62;72;64;69;73
BINGO CARABOBO;5892;10;14;7;15;4;26;29;30;17;19;42;33;38;34;53;48;47;57;60;68;74;61;75;71
BINGO CARABOBO;5893;6;11;10;9;15;17;20;26;22;30;36;33;32;41;48;59;51;49;46;67;72;69;70;62
BINGO CARABOBO;5894;14;4;2;5;7;19;28;16;24;25;37;31;39;44;53;55;50;52;57;75;73;71;65;64
BINGO CARABOBO;5895;8;3;12;13;1;29;23;21;18;27;42;35;34;40;54;58;47;60;56;74;63;68;66;61
BINGO CARABOBO;5896;3;5;9;14;8;20;23;22;30;17;35;40;41;34;56;48;49;57;59;68;75;72;64;67
BINGO CARABOBO;5897;11;13;12;6;10;27;26;28;21;24;37;43;38;42;50;60;47;54;51;73;74;65;62;66
BINGO CARABOBO;5898;2;7;15;4;1;25;16;18;29;19;44;32;31;39;53;52;55;58;46;70;69;63;61;71
BINGO CARABOBO;5899;10;12;14;9;5;19;21;23;20;27;43;44;35;42;52;57;53;60;54;63;71;72;67;68
BINGO CARABOBO;5900;7;2;3;4;13;25;22;17;29;28;39;41;40;33;58;50;49;55;46;66;70;65;74;73
BINGO CARABOBO;5901;11;1;8;15;6;18;26;30;16;24;45;32;31;37;48;51;56;59;47;69;64;75;62;61
BINGO CARABOBO;5902;14;11;5;4;10;26;17;22;24;20;41;45;39;37;52;53;48;56;50;73;68;64;62;66
BINGO CARABOBO;5903;7;8;6;13;3;21;16;19;28;29;44;42;32;35;59;49;58;46;54;74;67;63;70;71
BINGO CARABOBO;5904;1;2;12;15;9;18;27;23;30;25;36;33;43;31;55;51;47;60;57;72;65;75;61;69
BINGO CARABOBO;5905;8;6;4;11;9;18;27;17;29;30;33;38;43;34;58;52;55;56;54;65;72;74;70;67
BINGO CARABOBO;5906;5;12;14;7;10;22;20;21;19;26;36;40;37;41;57;50;49;51;59;69;71;62;68;73
BINGO CARABOBO;5907;13;3;1;15;2;25;16;24;23;28;45;32;31;44;60;53;46;47;48;61;64;66;63;75
BINGO CARABOBO;5908;8;2;9;7;11;21;27;19;25;24;35;41;39;34;58;49;50;59;55;63;73;62;74;72
BINGO CARABOBO;5909;4;10;5;6;15;28;18;23;29;20;44;32;37;38;48;53;52;47;57;67;70;75;66;71
BINGO CARABOBO;5910;12;13;3;14;1;26;16;17;30;22;43;45;42;40;56;51;60;54;46;65;69;64;68;61
BINGO CARABOBO;5911;12;10;2;11;4;23;22;16;18;20;32;34;40;41;48;60;57;54;56;66;71;64;62;61
BINGO CARABOBO;5912;7;9;14;13;1;24;28;27;25;17;44;42;38;35;52;51;49;50;59;75;67;68;72;69
BINGO CARABOBO;5913;5;8;15;6;3;19;21;26;29;30;39;36;45;31;46;53;58;47;55;73;65;63;70;74
BINGO CARABOBO;5914;13;5;6;9;1;27;26;28;23;21;42;37;34;40;56;47;55;46;58;64;63;68;70;73
BINGO CARABOBO;5915;11;4;10;3;8;24;16;22;19;18;36;35;44;33;59;51;50;49;48;65;66;69;72;62
BINGO CARABOBO;5916;7;12;2;15;14;20;25;17;30;29;39;43;31;45;54;60;53;57;52;74;75;67;71;61
BINGO CARABOBO;5917;3;14;8;11;12;23;20;29;18;17;42;39;38;37;59;51;57;50;48;72;66;71;74;62
BINGO CARABOBO;5918;10;13;6;5;7;27;21;22;19;28;32;43;44;36;47;53;56;46;60;73;61;65;64;67
BINGO CARABOBO;5919;2;9;4;1;15;26;24;25;30;16;45;35;41;31;55;58;52;49;54;68;70;75;63;69
BINGO CARABOBO;5920;15;14;5;6;8;20;21;30;19;16;38;41;44;33;58;50;49;57;59;74;73;62;66;68
BINGO CARABOBO;5921;12;4;9;7;2;17;25;27;18;26;37;34;42;40;46;48;54;55;53;67;71;69;70;65
BINGO CARABOBO;5922;13;1;10;11;3;29;24;22;23;28;43;31;45;32;51;47;52;56;60;75;64;61;63;72
BINGO CARABOBO;5923;8;13;11;7;12;21;28;18;23;19;44;31;38;40;58;59;57;46;54;67;75;70;69;66
BINGO CARABOBO;5924;2;10;9;5;6;20;17;26;25;29;33;42;41;35;51;53;48;49;60;73;63;61;65;68
BINGO CARABOBO;5925;1;14;15;3;4;24;27;22;16;30;39;45;32;43;50;52;55;47;56;64;71;74;72;62
BINGO CARABOBO;5926;11;14;4;13;5;19;22;21;25;18;35;34;41;43;53;54;51;59;48;63;73;70;64;69
BINGO CARABOBO;5927;1;9;3;15;12;24;29;28;17;23;38;37;33;32;47;49;58;57;50;62;72;66;71;67
BINGO CARABOBO;5928;8;10;7;2;6;20;27;16;30;26;40;44;42;45;56;60;46;52;55;68;61;74;75;65
BINGO CARABOBO;5929;6;5;12;11;3;24;25;19;27;28;41;44;34;36;56;47;60;54;59;74;66;70;68;73
BINGO CARABOBO;5930;14;10;2;8;13;30;26;20;22;21;37;35;32;43;51;52;53;55;58;67;69;63;65;71
BINGO CARABOBO;5931;4;15;1;9;7;17;18;29;23;16;39;38;31;40;49;57;48;46;50;64;72;61;62;75
BINGO CARABOBO;5932;10;9;2;1;4;16;27;22;24;29;42;39;35;33;58;53;60;50;47;71;63;64;69;62
BINGO CARABOBO;5933;6;13;15;7;11;21;23;26;20;25;37;40;34;45;57;56;54;48;46;67;73;68;61;70
BINGO CARABOBO;5934;5;14;12;8;3;19;30;18;17;28;44;41;43;31;52;51;55;59;49;75;65;72;74;66
BINGO CARABOBO;5935;7;5;6;2;4;18;26;21;17;30;40;32;41;35;48;55;57;49;53;74;65;64;62;71
BINGO CARABOBO;5936;14;9;10;1;12;22;27;24;20;25;34;44;38;33;54;59;50;51;56;73;72;70;66;75
BINGO CARABOBO;5937;8;13;11;15;3;29;23;19;16;28;31;43;37;42;58;52;47;60;46;68;61;67;69;63
BINGO CARABOBO;5938;3;6;7;4;12;27;17;29;24;19;41;32;36;40;48;57;58;52;59;64;73;62;63;68
BINGO CARABOBO;5939;1;14;10;13;11;25;23;18;21;28;34;33;43;35;46;49;54;50;53;70;69;75;67;72
BINGO CARABOBO;5940;5;9;15;2;8;22;26;16;30;20;38;45;42;31;51;55;56;60;47;66;61;71;74;65
BINGO CARABOBO;5941;15;2;7;5;14;26;19;27;16;29;42;41;36;34;49;51;47;50;59;68;63;74;73;70
BINGO CARABOBO;5942;4;11;12;10;1;20;23;30;24;25;37;38;35;40;52;57;56;46;60;67;72;61;69;66
BINGO CARABOBO;5943;6;13;8;9;3;17;28;18;21;22;43;39;31;44;58;54;53;55;48;64;65;75;71;62
BINGO CARABOBO;5944;12;3;11;13;2;27;16;29;28;21;33;42;40;39;50;57;51;60;55;71;64;70;75;63
BINGO CARABOBO;5945;6;5;4;1;9;22;24;18;26;20;43;37;36;32;53;49;58;54;48;73;65;61;66;69
BINGO CARABOBO;5946;10;14;8;15;7;25;19;23;17;30;44;34;38;31;56;59;47;52;46;67;62;74;68;72
BINGO CARABOBO;5947;9;15;6;10;7;27;19;25;23;20;35;39;36;32;57;49;52;48;54;74;71;69;68;62
BINGO CARABOBO;5948;12;13;3;8;5;30;17;24;22;26;41;44;38;34;46;55;56;47;58;67;61;73;72;64
BINGO CARABOBO;5949;4;11;2;1;14;18;21;28;16;29;37;43;40;45;50;59;60;51;53;66;70;63;75;65
BINGO CARABOBO;5950;9;7;10;11;4;21;23;26;29;28;39;32;31;44;51;57;50;58;46;73;61;63;69;75
BINGO CARABOBO;5951;13;14;1;12;5;18;19;17;30;22;38;43;37;45;53;59;52;60;54;72;67;68;64;66
BINGO CARABOBO;5952;8;6;3;15;2;25;24;20;16;27;33;35;34;40;56;47;55;48;49;71;74;65;62;70
BINGO CARABOBO;5953;8;7;10;5;9;25;24;28;23;30;34;42;41;35;50;54;57;47;48;63;68;62;75;64
BINGO CARABOBO;5954;12;15;6;4;13;27;22;29;17;21;39;43;38;36;55;56;58;51;60;61;66;73;72;74
BINGO CARABOBO;5955;11;1;14;2;3;26;19;18;16;20;44;37;45;31;52;59;49;53;46;69;65;71;67;70
BINGO CARABOBO;5956;12;9;2;11;5;17;28;21;27;18;35;41;40;43;60;58;49;54;50;70;64;68;71;72
BINGO CARABOBO;5957;1;15;10;4;14;22;19;24;20;23;39;45;36;42;47;56;59;57;46;67;61;66;63;75
BINGO CARABOBO;5958;8;13;3;7;6;29;26;25;30;16;38;32;37;44;48;53;52;55;51;73;69;62;65;74
BINGO CARABOBO;5959;12;2;8;11;14;17;21;27;18;16;38;39;45;31;50;53;48;57;60;67;73;74;61;65
BINGO CARABOBO;5960;9;3;10;7;4;25;29;23;22;20;41;33;37;44;59;51;52;54;49;66;75;64;70;71
BINGO CARABOBO;5961;15;5;13;1;6;26;28;19;30;24;40;42;35;32;56;46;58;55;47;63;68;69;62;72
BINGO CARABOBO;5962;5;12;8;15;7;26;23;25;27;30;40;39;35;45;49;55;54;50;56;65;70;63;69;72
BINGO CARABOBO;5963;11;9;14;6;2;20;19;28;29;21;32;36;34;37;60;57;52;59;47;62;68;74;67;71
BINGO CARABOBO;5964;10;1;3;4;13;22;16;18;17;24;42;38;31;44;53;51;48;58;46;66;73;75;61;64
BINGO CARABOBO;5965;7;9;14;3;2;30;18;28;23;29;38;39;43;37;56;47;57;51;58;64;63;69;74;67
BINGO CARABOBO;5966;4;10;11;13;5;16;27;19;25;24;32;42;36;45;46;52;48;53;49;70;68;72;73;62
BINGO CARABOBO;5967;15;6;12;1;8;22;20;26;21;17;40;34;31;33;54;59;55;50;60;66;61;71;65;75
BINGO CARABOBO;5968;1;6;11;3;9;16;21;22;26;27;32;37;31;36;49;56;59;58;48;74;63;67;66;73
BINGO CARABOBO;5969;7;5;14;2;12;28;24;18;25;23;34;44;43;39;47;54;50;53;60;69;62;70;71;72
BINGO CARABOBO;5970;10;13;8;4;15;19;30;17;20;29;42;35;41;33;57;46;52;55;51;68;64;65;75;61
BINGO CARABOBO;5971;13;6;8;10;12;23;28;19;27;29;32;41;39;31;59;50;54;57;56;63;61;62;65;67
BINGO CARABOBO;5972;2;3;7;9;11;18;17;26;20;24;40;44;33;43;60;51;49;58;53;74;75;66;70;64
BINGO CARABOBO;5973;5;15;1;4;14;25;21;22;16;30;36;45;37;38;48;52;55;46;47;68;71;69;72;73
BINGO CARABOBO;5974;4;12;6;7;1;26;28;18;25;17;37;40;41;44;49;56;58;54;48;64;67;68;66;73
BINGO CARABOBO;5975;13;5;3;14;8;27;20;23;29;19;33;35;42;45;50;51;47;53;46;69;61;72;63;62
BINGO CARABOBO;5976;15;10;9;2;11;16;30;22;21;24;34;36;32;38;60;52;55;59;57;71;70;65;74;75
BINGO CARABOBO;5977;13;14;10;6;1;30;20;21;27;19;43;45;39;32;49;57;47;48;54;71;72;74;62;67
BINGO CARABOBO;5978;7;4;9;5;11;26;28;22;24;25;37;36;42;41;55;50;60;53;58;73;68;70;65;75
BINGO CARABOBO;5979;8;3;2;15;12;16;23;18;29;17;38;33;31;44;56;51;46;52;59;69;63;61;64;66
BINGO CARABOBO;5980;6;7;14;3;2;20;16;21;22;19;37;39;34;35;49;58;60;51;59;72;64;73;65;70
BINGO CARABOBO;5981;9;8;15;5;4;28;29;25;30;17;43;32;44;45;47;52;50;54;56;63;71;67;66;74
BINGO CARABOBO;5982;13;12;1;11;10;23;18;24;26;27;42;38;40;33;48;53;57;46;55;62;69;68;75;61
BINGO CARABOBO;5983;12;2;7;11;14;28;22;20;23;21;42;35;45;43;53;46;49;58;52;74;69;66;68;65
BINGO CARABOBO;5984;15;3;8;1;9;25;27;29;16;19;38;36;39;33;57;51;59;48;54;71;61;62;67;70
BINGO CARABOBO;5985;10;5;6;13;4;30;26;17;24;18;40;44;34;31;50;55;47;56;60;72;75;64;63;73
BINGO CARABOBO;5986;3;13;4;7;5;16;21;23;24;20;36;31;42;40;48;55;60;58;51;67;65;73;64;70
BINGO CARABOBO;5987;12;11;14;10;9;28;22;17;27;26;34;39;35;43;56;49;52;50;54;75;66;63;62;72
BINGO CARABOBO;5988;6;2;8;1;15;25;30;19;29;18;33;45;37;38;57;46;53;47;59;71;69;68;74;61
BINGO CARABOBO;5989;3;8;1;7;6;26;20;22;25;29;40;35;34;39;50;51;47;52;58;74;73;62;63;65
BINGO CARABOBO;5990;12;5;9;4;13;24;28;21;19;30;37;44;33;38;56;49;53;55;60;67;71;61;64;69
BINGO CARABOBO;5991;15;14;10;2;11;18;17;27;23;16;32;41;45;31;46;54;48;59;57;70;72;68;75;66
BINGO CARABOBO;5992;9;5;14;2;7;21;29;20;28;22;41;40;34;37;54;51;59;57;50;64;63;65;73;68
BINGO CARABOBO;5993;15;3;8;6;1;26;18;25;16;30;42;43;31;45;52;53;48;55;56;62;74;71;61;72
BINGO CARABOBO;5994;10;12;11;13;4;19;23;24;17;27;35;38;32;39;49;60;46;47;58;67;70;75;66;69
BINGO CARABOBO;5995;7;8;1;4;10;17;24;20;25;26;39;33;34;37;47;58;49;51;52;65;69;68;71;64
BINGO CARABOBO;5996;11;15;9;3;12;27;29;18;28;19;45;40;36;41;50;57;59;54;48;62;72;63;74;66
BINGO CARABOBO;5997;13;5;6;2;14;21;22;30;23;16;42;32;31;44;46;60;55;53;56;75;67;73;61;70
BINGO CARABOBO;5998;7;6;4;3;2;19;22;21;29;20;45;42;36;39;56;48;57;59;47;75;70;72;65;73
BINGO CARABOBO;5999;12;1;11;13;9;26;25;30;28;24;40;31;34;32;51;50;54;52;49;62;63;67;74;66
BINGO CARABOBO;6000;14;8;10;15;5;18;23;17;27;16;35;38;44;37;58;46;53;60;55;69;64;61;68;71
BINGO CARABOBO;6001;2;7;12;3;6;24;26;25;27;18;32;44;35;37;48;52;59;51;60;74;62;61;66;70
BINGO CARABOBO;6002;13;9;4;5;14;20;22;17;21;23;42;36;41;40;53;57;49;56;54;73;63;71;72;65
BINGO CARABOBO;6003;8;10;11;15;1;19;28;29;16;30;43;45;31;34;50;58;47;55;46;67;69;75;64;68
BINGO CARABOBO;6004;1;4;15;8;7;17;19;30;23;25;44;40;33;36;54;53;46;57;52;69;66;61;64;71
BINGO CARABOBO;6005;6;13;14;11;12;20;18;28;26;16;34;42;41;45;55;51;59;48;49;73;70;63;65;67
BINGO CARABOBO;6006;2;5;10;9;3;27;24;21;22;29;35;38;31;43;56;58;60;47;50;68;72;75;74;62
BINGO CARABOBO;6007;8;2;6;11;12;21;25;29;23;24;38;35;33;40;50;53;56;54;48;65;69;67;70;63
BINGO CARABOBO;6008;13;9;3;14;5;19;17;27;16;22;39;43;42;44;52;59;49;57;55;68;66;74;73;75
BINGO CARABOBO;6009;1;4;15;10;7;28;20;26;30;18;41;45;31;36;47;46;51;58;60;71;62;64;61;72
BINGO CARABOBO;6010;3;4;10;5;7;26;17;27;29;21;36;40;35;33;58;54;53;52;56;71;75;72;67;64
BINGO CARABOBO;6011;11;13;6;9;2;28;19;18;23;22;37;42;34;38;48;49;51;47;55;65;70;63;66;69
BINGO CARABOBO;6012;1;14;15;12;8;25;20;30;24;16;31;39;32;45;50;59;60;57;46;73;62;68;61;74
BINGO CARABOBO;6013;13;6;10;4;9;30;19;21;20;25;44;35;31;40;52;49;50;48;57;63;64;68;69;75
BINGO CARABOBO;6014;3;12;2;8;11;28;17;27;26;16;39;33;37;45;58;53;54;46;59;74;65;71;62;72
BINGO CARABOBO;6015;14;7;1;15;5;23;24;18;22;29;32;41;38;43;51;47;60;55;56;66;70;73;67;61
BINGO CARABOBO;6016;8;7;5;13;10;27;20;25;19;23;38;32;36;42;46;52;56;59;54;61;69;65;66;64
BINGO CARABOBO;6017;12;14;11;2;4;28;30;26;21;18;43;44;33;41;53;50;48;57;47;71;70;73;63;72
BINGO CARABOBO;6018;6;15;9;1;3;22;17;24;16;29;34;31;45;37;51;58;55;60;49;67;68;74;75;62
BINGO CARABOBO;6019;12;6;10;13;9;29;16;26;24;27;40;35;42;34;48;57;49;59;60;64;67;73;62;69
BINGO CARABOBO;6020;4;8;1;7;14;20;25;23;30;19;38;43;33;39;53;46;51;50;55;66;70;75;72;63
BINGO CARABOBO;6021;11;5;3;15;2;21;18;28;17;22;32;31;45;37;54;58;52;47;56;65;74;68;71;61
BINGO CARABOBO;6022;14;9;12;11;10;22;29;19;18;27;39;33;40;32;48;57;47;50;49;69;71;63;66;62
BINGO CARABOBO;6023;13;4;6;7;2;23;24;30;21;25;41;34;45;37;54;58;46;52;53;73;72;70;68;74
BINGO CARABOBO;6024;5;1;8;3;15;20;17;16;26;28;44;38;31;43;56;60;55;59;51;67;75;61;65;64
BINGO CARABOBO;6025;5;9;7;8;4;24;19;28;23;25;35;33;38;44;55;49;52;57;50;63;70;64;72;67
BINGO CARABOBO;6026;6;14;11;10;2;17;20;26;29;18;41;43;40;32;54;59;46;58;53;73;74;75;69;65
BINGO CARABOBO;6027;1;12;3;13;15;27;21;22;30;16;36;34;37;31;51;48;56;60;47;71;66;61;62;68
BINGO CARABOBO;6028;5;11;8;13;1;17;19;26;23;22;44;36;39;42;51;50;53;56;54;69;73;67;68;72
BINGO CARABOBO;6029;10;12;7;4;14;21;27;25;16;28;41;33;45;34;58;49;55;57;60;64;65;71;75;63
BINGO CARABOBO;6030;3;9;15;2;6;30;18;29;20;24;40;35;31;43;59;46;52;47;48;66;74;62;61;70
BINGO CARABOBO;6031;14;9;4;8;13;22;21;18;24;28;38;35;41;42;59;56;49;47;58;74;75;62;64;68
BINGO CARABOBO;6032;12;5;1;3;6;19;30;17;26;25;40;44;34;37;54;48;50;55;51;63;67;61;70;73
BINGO CARABOBO;6033;10;7;15;2;11;20;23;29;16;27;32;36;45;31;52;57;53;46;60;69;72;65;66;71
BINGO CARABOBO;6034;2;3;12;15;4;21;20;23;28;16;44;42;45;32;52;55;58;57;53;65;66;64;70;69
BINGO CARABOBO;6035;5;8;11;14;6;27;22;24;19;25;43;36;38;37;51;47;49;54;60;61;73;74;62;63
BINGO CARABOBO;6036;7;9;13;10;1;26;18;29;17;30;34;31;35;40;48;59;50;46;56;68;72;71;75;67
BINGO CARABOBO;6037;2;9;4;13;3;28;27;29;22;16;42;34;43;35;54;51;53;60;57;63;67;73;74;62
BINGO CARABOBO;6038;12;14;6;8;5;25;18;19;21;20;37;32;44;40;56;50;58;55;52;66;71;65;70;61
BINGO CARABOBO;6039;15;10;1;7;11;23;26;24;17;30;33;38;45;39;47;49;59;48;46;69;72;68;75;64
BINGO CARABOBO;6040;6;7;5;9;3;24;21;17;27;28;32;33;37;42;58;55;54;59;49;68;70;66;71;73
BINGO CARABOBO;6041;12;13;4;8;10;19;22;23;26;30;36;31;34;38;52;60;47;50;56;72;69;74;63;64
BINGO CARABOBO;6042;14;11;15;2;1;18;25;20;16;29;39;44;45;35;53;48;51;57;46;67;62;65;61;75
BINGO CARABOBO;6043;9;11;8;10;14;30;22;16;24;27;39;35;37;41;58;59;53;56;48;64;73;72;70;68
BINGO CARABOBO;6044;12;5;3;4;13;17;25;18;26;20;32;31;42;45;50;55;51;49;52;69;66;61;71;74
BINGO CARABOBO;6045;2;15;1;7;6;19;28;21;23;29;34;33;44;38;47;54;57;60;46;67;63;62;65;75
BINGO CARABOBO;6046;4;1;6;14;15;22;18;19;20;25;33;37;39;32;53;49;47;52;59;67;63;64;74;70
BINGO CARABOBO;6047;11;12;10;2;7;16;26;21;24;28;38;44;35;31;54;57;46;50;51;73;62;72;71;68
BINGO CARABOBO;6048;13;5;9;3;8;27;29;17;30;23;41;36;34;42;48;58;55;60;56;66;75;69;61;65
BINGO CARABOBO;6049;10;1;13;14;6;25;27;17;22;24;38;35;34;39;58;48;54;50;60;66;63;62;71;68
BINGO CARABOBO;6050;4;3;2;9;8;28;21;20;30;16;33;31;44;32;46;52;47;51;55;72;67;70;61;65
BINGO CARABOBO;6051;11;15;7;5;12;23;29;18;19;26;40;42;41;45;57;49;56;53;59;69;73;74;75;64
BINGO CARABOBO;6052;7;14;12;10;15;25;23;27;22;26;44;31;37;45;54;58;50;59;51;72;63;74;66;61
BINGO CARABOBO;6053;4;8;6;3;9;29;28;24;30;18;34;33;38;39;53;56;48;55;47;67;68;65;71;75
BINGO CARABOBO;6054;1;13;5;11;2;20;19;17;21;16;32;41;43;35;57;46;52;49;60;64;73;70;62;69
BINGO CARABOBO;6055;5;13;14;8;10;20;25;19;18;24;44;41;34;37;55;58;48;49;47;64;65;69;74;70
BINGO CARABOBO;6056;2;4;9;3;6;26;27;23;16;28;38;33;43;45;53;52;59;54;57;63;68;62;67;72
BINGO CARABOBO;6057;7;11;12;15;1;21;22;30;29;17;35;40;42;39;56;51;60;46;50;71;66;75;73;61
BINGO CARABOBO;6058;12;14;9;7;10;25;23;29;20;18;36;31;34;43;51;55;53;50;58;70;64;61;62;74
BINGO CARABOBO;6059;4;13;2;6;5;16;22;26;28;27;37;33;32;41;59;47;49;57;52;63;72;71;73;67
BINGO CARABOBO;6060;3;8;11;1;15;24;19;17;21;30;45;40;39;42;56;46;54;60;48;66;68;69;75;65
BINGO CARABOBO;6061;2;10;14;6;1;28;22;29;27;21;43;35;39;32;46;51;53;55;59;62;67;69;71;68
BINGO CARABOBO;6062;12;11;4;13;9;18;23;26;25;19;36;40;38;34;54;57;56;52;58;61;74;70;65;75
BINGO CARABOBO;6063;5;7;15;3;8;30;16;17;20;24;41;45;33;37;48;49;50;47;60;66;73;64;72;63
BINGO CARABOBO;6064;14;10;7;15;2;17;16;22;26;19;42;35;44;37;60;49;47;55;54;66;63;62;68;65
BINGO CARABOBO;6065;8;11;13;6;1;28;18;21;20;25;39;32;31;38;46;58;59;51;53;73;74;70;71;64
BINGO CARABOBO;6066;9;4;12;3;5;29;30;23;24;27;45;41;33;36;50;57;56;48;52;69;72;67;75;61
BINGO CARABOBO;6067;3;8;12;9;10;28;20;21;25;17;32;35;31;39;59;55;53;58;50;70;71;74;64;61
BINGO CARABOBO;6068;7;14;5;13;6;27;29;19;26;16;42;36;40;43;48;47;51;56;57;65;69;68;67;75
BINGO CARABOBO;6069;11;15;2;4;1;23;22;30;24;18;45;34;41;38;54;52;49;60;46;63;66;73;62;72
BINGO CARABOBO;6070;13;11;8;6;12;19;16;20;24;23;40;38;36;34;55;51;59;50;52;73;72;64;70;69
BINGO CARABOBO;6071;3;4;9;10;2;25;27;26;22;28;45;35;42;33;60;54;46;48;49;67;68;75;63;66
BINGO CARABOBO;6072;14;1;7;15;5;18;29;21;30;17;39;41;31;44;57;53;56;58;47;61;65;71;74;62
BINGO CARABOBO;6073;8;4;10;5;9;20;21;26;27;22;35;45;44;37;53;56;55;46;49;66;73;71;65;67
BINGO CARABOBO;6074;3;15;2;14;13;18;28;16;29;24;38;32;31;39;57;51;54;59;58;62;72;63;68;64
BINGO CARABOBO;6075;7;1;6;11;12;19;23;30;17;25;33;41;36;43;47;50;52;48;60;74;70;69;75;61
BINGO CARABOBO;6076;8;10;13;3;4;18;24;21;19;16;35;42;36;40;57;59;50;51;47;69;70;68;72;75
BINGO CARABOBO;6077;5;9;7;11;2;22;29;30;26;25;39;38;43;33;54;48;56;58;53;71;74;65;62;67
BINGO CARABOBO;6078;14;6;15;12;1;20;23;27;17;28;45;34;31;41;55;46;49;52;60;63;64;66;61;73
BINGO CARABOBO;6079;6;15;10;9;5;26;16;21;29;18;35;37;40;42;51;49;46;57;59;66;67;73;64;70
BINGO CARABOBO;6080;12;11;7;13;4;27;28;22;24;23;45;34;32;38;58;52;54;48;60;68;63;74;75;65
BINGO CARABOBO;6081;2;3;14;8;1;20;30;25;17;19;33;43;41;39;47;55;56;53;50;72;71;62;69;61
BINGO CARABOBO;6082;3;8;5;12;4;22;21;28;19;27;36;38;39;41;51;55;56;59;46;67;71;72;65;69
BINGO CARABOBO;6083;6;13;9;14;10;24;25;29;17;20;43;40;35;37;48;60;52;57;50;63;64;73;75;62
BINGO CARABOBO;6084;11;2;7;15;1;30;23;18;26;16;42;34;31;44;49;54;53;58;47;70;68;66;74;61
BINGO CARABOBO;6085;13;6;10;8;14;21;25;16;29;24;43;40;44;34;56;52;59;55;53;72;66;74;64;68
BINGO CARABOBO;6086;7;1;11;15;3;23;19;22;28;30;39;41;45;31;54;58;50;49;57;65;63;62;70;61
BINGO CARABOBO;6087;2;5;12;4;9;26;27;20;18;17;38;35;33;37;51;47;48;60;46;71;69;73;75;67
BINGO CARABOBO;6088;11;3;4;9;10;28;26;27;25;29;43;37;41;40;50;57;60;51;59;73;65;67;68;70
BINGO CARABOBO;6089;13;5;14;1;7;22;20;17;24;19;38;44;35;34;49;47;48;55;53;71;61;66;69;63
BINGO CARABOBO;6090;15;2;8;12;6;16;21;23;30;18;36;33;45;42;56;54;58;52;46;72;64;75;62;74
BINGO CARABOBO;6091;10;8;7;4;14;26;27;24;21;30;32;36;44;38;59;51;50;57;48;68;63;64;67;72
BINGO CARABOBO;6092;2;3;5;6;15;18;17;28;22;23;43;42;31;39;56;54;53;47;52;74;75;71;66;69
BINGO CARABOBO;6093;13;1;11;12;9;16;25;20;19;29;35;40;33;41;58;46;60;49;55;70;65;73;61;62
BINGO CARABOBO;6094;9;3;7;14;4;17;19;23;29;25;42;35;31;38;60;46;50;56;49;73;75;69;72;61
BINGO CARABOBO;6095;6;8;5;13;2;28;21;22;30;18;41;37;40;44;54;55;51;53;58;65;71;70;63;62
BINGO CARABOBO;6096;15;11;10;1;12;24;27;20;26;16;33;45;39;36;59;52;48;47;57;66;74;67;68;64
BINGO CARABOBO;6097;12;7;11;3;15;25;16;26;19;23;41;44;34;40;47;50;49;51;46;69;62;71;65;75
BINGO CARABOBO;6098;13;4;6;1;10;28;24;22;20;29;42;31;33;39;52;59;57;58;54;73;68;63;74;70
BINGO CARABOBO;6099;8;9;2;5;14;27;18;30;17;21;45;38;32;36;60;53;55;56;48;61;67;66;64;72
BINGO CARABOBO;6100;1;9;15;4;10;24;16;23;26;25;42;34;38;36;52;57;58;59;53;72;63;67;65;75
BINGO CARABOBO;6101;5;8;6;7;14;28;29;19;22;21;45;41;37;43;46;50;55;51;48;69;74;68;61;70
BINGO CARABOBO;6102;13;12;11;2;3;20;27;18;17;30;33;32;31;44;49;56;47;54;60;62;71;73;64;66
BINGO CARABOBO;6103;5;3;10;9;1;27;26;20;21;30;39;41;40;38;57;59;60;49;48;63;68;75;69;72
BINGO CARABOBO;6104;8;15;13;12;4;22;23;25;16;24;36;37;34;45;56;47;54;53;50;70;62;71;64;74
BINGO CARABOBO;6105;7;14;6;2;11;28;29;19;18;17;32;31;33;44;52;55;51;58;46;65;66;61;73;67
BINGO CARABOBO;6106;9;12;13;15;6;16;18;20;29;19;37;36;33;41;57;50;55;49;58;67;66;70;61;62
BINGO CARABOBO;6107;2;10;8;5;3;22;25;26;27;30;39;34;44;35;47;52;48;51;46;65;74;63;71;68
BINGO CARABOBO;6108;7;11;4;1;14;24;23;21;17;28;40;32;45;31;56;54;60;53;59;73;64;72;75;69
BINGO CARABOBO;6109;10;7;2;1;11;26;24;17;25;23;40;36;34;39;49;55;54;47;50;68;73;65;71;69
BINGO CARABOBO;6110;9;12;6;5;8;20;19;16;27;21;43;37;38;41;48;53;57;59;46;66;62;64;74;72
BINGO CARABOBO;6111;3;14;13;15;4;18;28;29;22;30;32;31;45;35;58;60;51;52;56;70;63;67;75;61
BINGO CARABOBO;6112;7;6;12;13;14;27;30;21;18;29;33;37;41;43;50;57;55;49;51;67;69;71;73;62
BINGO CARABOBO;6113;4;10;1;15;8;24;19;25;23;17;34;42;31;32;53;59;60;47;58;61;66;68;65;64
BINGO CARABOBO;6114;3;5;11;2;9;28;20;16;22;26;39;44;38;40;52;54;56;48;46;74;72;70;63;75
BINGO CARABOBO;6115;3;10;4;6;2;16;23;29;21;28;45;35;39;41;59;58;57;47;55;67;75;61;70;68
BINGO CARABOBO;6116;1;13;5;11;12;22;20;26;24;30;32;33;40;36;56;48;51;60;53;73;71;66;72;62
BINGO CARABOBO;6117;7;9;14;8;15;25;27;19;17;18;37;44;43;34;46;54;52;49;50;69;64;63;65;74
BINGO CARABOBO;6118;12;2;9;15;8;24;22;20;26;30;36;38;44;43;54;55;53;46;56;64;75;71;65;70
BINGO CARABOBO;6119;3;7;11;6;5;16;21;23;27;18;42;45;33;32;49;60;58;52;50;68;72;66;73;67
BINGO CARABOBO;6120;4;10;1;14;13;28;19;25;29;17;34;41;31;40;48;47;57;59;51;69;61;74;63;62
BINGO CARABOBO;6121;15;13;6;11;4;29;19;24;23;28;44;34;42;43;60;50;53;58;56;64;71;74;72;69
BINGO CARABOBO;6122;14;10;2;5;8;26;22;18;21;25;45;40;37;36;52;48;57;49;47;68;62;67;61;75
BINGO CARABOBO;6123;12;9;1;3;7;20;27;17;16;30;32;41;31;33;55;51;59;54;46;70;63;66;73;65
BINGO CARABOBO;6124;11;13;14;10;4;23;29;25;27;20;31;33;40;42;47;56;55;46;53;74;72;62;65;67
BINGO CARABOBO;6125;5;2;7;8;12;22;24;30;16;18;44;43;39;35;49;51;50;58;52;69;75;71;66;64
BINGO CARABOBO;6126;6;3;9;1;15;28;19;26;21;17;36;41;34;38;59;54;57;60;48;63;68;70;73;61
BINGO CARABOBO;6127;13;11;10;12;14;28;22;17;18;27;38;40;36;43;49;52;54;55;57;62;68;71;67;63
BINGO CARABOBO;6128;7;8;9;2;6;24;16;29;25;30;35;45;37;34;47;48;56;58;51;61;65;64;69;74
BINGO CARABOBO;6129;5;1;4;15;3;23;20;21;19;26;41;39;32;42;59;50;60;46;53;66;70;73;72;75
BINGO CARABOBO;6130;6;8;9;5;14;20;21;17;28;23;41;32;37;36;51;59;49;55;46;65;73;63;64;69
BINGO CARABOBO;6131;7;1;12;3;2;27;16;29;24;26;43;44;33;34;58;56;53;48;52;70;71;61;68;74
BINGO CARABOBO;6132;11;10;4;13;15;22;25;18;19;30;38;40;35;39;54;50;57;47;60;72;66;75;67;62
BINGO CARABOBO;6133;2;4;8;11;3;28;21;22;25;24;41;38;33;32;49;52;58;60;47;75;69;71;63;70
BINGO CARABOBO;6134;7;5;10;15;9;29;27;19;26;17;40;43;44;45;56;59;57;50;51;72;62;61;68;74
BINGO CARABOBO;6135;12;14;6;1;13;30;23;18;16;20;31;35;37;39;53;55;46;48;54;64;65;67;73;66
BINGO CARABOBO;6136;9;14;8;2;6;24;29;19;23;17;45;39;37;40;54;55;48;58;57;69;62;65;70;63
BINGO CARABOBO;6137;15;7;11;3;5;18;21;28;26;22;41;34;42;31;51;49;56;52;50;68;64;72;75;66
BINGO CARABOBO;6138;4;12;10;13;1;20;30;16;25;27;35;43;33;32;53;59;47;46;60;61;74;73;67;71
BINGO CARABOBO;6139;11;14;3;5;6;23;26;17;20;16;43;34;37;33;51;47;48;58;55;68;67;73;71;63
BINGO CARABOBO;6140;8;13;12;4;7;27;25;28;24;29;41;36;39;40;49;56;59;50;54;70;64;65;62;61
BINGO CARABOBO;6141;9;1;2;15;10;21;30;18;22;19;32;42;31;45;60;53;52;57;46;66;72;75;74;69
BINGO CARABOBO;6142;5;4;13;2;9;22;24;18;23;21;43;36;42;31;56;58;50;59;47;74;66;63;67;72
BINGO CARABOBO;6143;8;12;11;6;15;28;29;27;26;19;37;41;34;44;46;52;53;57;49;71;64;68;61;69
BINGO CARABOBO;6144;3;7;1;10;14;20;16;30;17;25;35;33;45;40;51;48;54;55;60;62;70;65;75;73
BINGO CARABOBO;6145;2;3;5;9;11;18;28;23;24;30;43;37;36;44;49;48;53;58;47;66;63;73;71;70
BINGO CARABOBO;6146;13;7;10;12;15;22;25;29;27;20;34;40;38;35;51;52;55;60;59;72;74;67;69;68
BINGO CARABOBO;6147;1;4;14;8;6;21;26;19;16;17;41;39;45;32;54;56;50;57;46;62;65;64;75;61
BINGO CARABOBO;6148;7;6;13;5;15;28;27;20;23;26;44;36;35;38;48;54;56;47;58;64;69;73;74;61
BINGO CARABOBO;6149;11;8;12;2;1;19;25;29;18;22;37;41;43;42;55;50;51;52;49;72;66;75;67;63
BINGO CARABOBO;6150;10;3;9;4;14;30;21;17;24;16;40;31;33;39;53;46;60;57;59;65;62;70;68;71
BINGO CARABOBO;6151;8;9;3;4;10;30;28;26;24;23;37;40;32;44;49;47;51;58;55;62;68;70;72;75
BINGO CARABOBO;6152;5;13;6;11;14;17;22;18;19;20;35;42;41;36;56;60;46;50;59;64;69;73;67;65
BINGO CARABOBO;6153;7;12;2;15;1;25;21;27;16;29;33;34;31;45;53;54;52;48;57;74;63;66;71;61
BINGO CARABOBO;6154;14;10;3;9;2;28;18;25;21;24;32;33;36;42;55;47;57;52;53;69;72;66;71;65
BINGO CARABOBO;6155;6;5;12;11;1;16;30;23;26;19;43;45;41;40;59;51;54;58;56;74;63;70;62;68
BINGO CARABOBO;6156;8;15;13;4;7;27;22;29;17;20;44;38;37;35;49;50;48;46;60;67;73;64;61;75
BINGO CARABOBO;6157;7;10;8;13;2;24;27;23;18;17;43;42;45;37;50;48;49;56;59;66;65;72;67;71
BINGO CARABOBO;6158;6;11;12;14;9;19;20;22;30;26;32;33;34;38;47;55;46;52;57;73;70;64;74;69
BINGO CARABOBO;6159;5;3;4;1;15;28;16;25;29;21;36;39;44;31;51;54;53;58;60;61;62;68;75;63
BINGO CARABOBO;6160;2;6;15;3;1;17;24;20;26;19;36;40;43;42;48;60;58;56;49;64;68;70;62;71
BINGO CARABOBO;6161;7;14;11;9;10;22;18;28;21;29;38;35;34;39;54;47;53;46;51;75;66;72;63;61
BINGO CARABOBO;6162;8;12;5;4;13;25;23;27;30;16;41;37;32;31;50;55;57;59;52;74;67;69;73;65
BINGO CARABOBO;6163;12;8;6;3;11;22;16;23;29;18;35;40;39;31;59;49;54;46;57;65;66;67;64;69
BINGO CARABOBO;6164;15;1;7;9;10;21;26;19;24;25;41;43;32;45;60;52;51;58;53;70;71;73;63;72
BINGO CARABOBO;6165;4;14;2;5;13;20;28;17;27;30;44;34;36;33;48;55;50;56;47;68;75;74;61;62
BINGO CARABOBO;6166;7;11;9;13;6;22;25;29;21;27;44;33;34;38;57;48;52;49;58;66;64;65;62;72
BINGO CARABOBO;6167;8;15;5;10;14;18;24;16;26;17;42;32;39;41;56;55;54;59;51;67;74;73;69;63
BINGO CARABOBO;6168;12;3;4;1;2;20;23;19;30;28;45;43;31;40;53;60;47;46;50;68;61;75;70;71
BINGO CARABOBO;6169;6;7;3;4;12;26;18;17;24;28;38;32;39;41;53;47;59;55;46;75;71;62;66;74
BINGO CARABOBO;6170;14;11;5;10;1;30;19;20;22;25;33;35;42;40;49;51;56;50;58;73;64;61;68;63
BINGO CARABOBO;6171;9;13;2;15;8;27;16;21;23;29;43;37;34;36;52;48;60;57;54;67;70;69;72;65
BINGO CARABOBO;6172;4;11;2;15;13;26;20;23;25;24;42;43;36;35;60;54;49;55;48;69;63;62;73;74
BINGO CARABOBO;6173;6;5;10;3;9;18;22;30;19;27;31;34;40;41;51;56;58;50;53;67;75;64;61;68
BINGO CARABOBO;6174;12;8;14;1;7;28;17;16;21;29;44;39;33;45;47;46;57;52;59;70;72;66;71;65
BINGO CARABOBO;6175;7;4;10;13;5;16;25;28;29;27;35;42;44;34;55;48;52;56;49;64;75;63;66;65
BINGO CARABOBO;6176;2;8;14;11;3;30;17;19;21;24;43;41;40;45;47;58;50;54;51;72;62;69;70;71
BINGO CARABOBO;6177;15;9;12;1;6;26;23;20;18;22;33;37;31;38;57;59;60;46;53;73;67;68;74;61
BINGO CARABOBO;6178;2;4;10;12;9;25;16;28;29;26;41;37;33;35;48;60;52;51;57;62;71;63;67;75
BINGO CARABOBO;6179;5;3;6;7;8;19;24;21;18;27;43;45;40;34;53;55;58;56;46;65;69;72;68;64
BINGO CARABOBO;6180;15;1;14;11;13;23;22;20;17;30;42;38;39;44;50;49;59;54;47;61;66;73;74;70
BINGO CARABOBO;6181;9;12;5;14;10;28;19;17;21;24;39;41;45;43;56;49;50;53;52;67;68;70;64;63
BINGO CARABOBO;6182;15;7;8;4;1;20;22;16;29;25;42;34;38;31;51;59;48;57;60;66;75;72;71;61
BINGO CARABOBO;6183;6;3;13;11;2;27;18;26;30;23;37;40;36;44;58;54;47;46;55;65;69;62;74;73
BINGO CARABOBO;6184;12;7;2;4;10;20;29;17;23;19;31;44;32;36;58;54;49;60;59;64;70;62;67;66
BINGO CARABOBO;6185;5;11;14;1;9;21;27;22;26;24;42;39;34;35;57;47;52;53;55;75;71;72;63;69
BINGO CARABOBO;6186;13;8;6;15;3;28;25;16;30;18;43;38;45;33;50;51;56;46;48;73;61;65;74;68
BINGO CARABOBO;6187;3;5;12;8;11;21;27;23;19;22;44;39;32;35;48;49;54;51;53;64;66;74;73;70
BINGO CARABOBO;6188;4;13;6;14;2;20;25;29;17;24;33;42;40;37;50;58;52;60;59;71;63;68;69;62
BINGO CARABOBO;6189;10;1;9;7;15;26;18;30;28;16;43;34;45;31;55;47;56;46;57;65;72;67;75;61
BINGO CARABOBO;6190;11;9;8;14;13;18;25;20;28;19;32;44;34;41;59;50;48;54;57;62;73;75;67;65
BINGO CARABOBO;6191;4;2;5;6;7;29;21;24;27;23;37;43;45;38;46;56;55;52;47;64;63;70;66;71
BINGO CARABOBO;6192;1;10;12;15;3;17;22;16;26;30;33;39;31;36;53;49;58;51;60;74;69;68;72;61
BINGO CARABOBO;6193;2;7;13;12;3;17;19;18;27;24;32;44;36;37;53;52;46;57;48;65;63;64;68;72
BINGO CARABOBO;6194;6;9;1;10;14;22;25;20;23;26;42;35;43;45;58;59;51;60;49;61;70;66;69;75
BINGO CARABOBO;6195;5;11;8;4;15;29;30;28;21;16;33;34;40;38;47;54;55;50;56;73;67;71;74;62
BINGO CARABOBO;6196;2;5;13;8;10;20;22;19;27;16;33;40;34;37;58;53;60;54;57;72;73;66;69;61
BINGO CARABOBO;6197;11;9;12;4;6;29;25;21;23;28;39;35;32;43;47;59;49;52;55;63;62;70;65;67
BINGO CARABOBO;6198;7;1;15;14;3;18;24;26;17;30;31;44;38;45;50;51;56;46;48;64;71;75;68;74
BINGO CARABOBO;6199;9;2;3;8;5;29;18;22;25;24;32;43;31;37;57;47;53;49;51;67;63;75;71;65
BINGO CARABOBO;6200;14;11;6;13;7;20;21;30;17;23;36;42;40;44;55;50;52;59;60;72;68;73;74;61
BINGO CARABOBO;6201;4;1;15;10;12;28;19;27;16;26;39;33;34;45;56;48;54;46;58;70;64;69;66;62
BINGO CARABOBO;6202;14;11;3;8;5;19;25;28;29;22;33;35;39;40;59;55;54;53;57;72;62;74;70;66
BINGO CARABOBO;6203;9;12;7;6;2;20;18;17;24;23;42;43;34;37;51;49;52;47;50;67;71;65;68;73
BINGO CARABOBO;6204;1;13;4;10;15;30;21;27;26;16;45;36;44;32;56;58;60;48;46;61;64;69;63;75
BINGO CARABOBO;6205;5;12;11;4;15;17;24;22;21;26;31;34;35;43;53;55;57;52;46;63;68;75;74;67
BINGO CARABOBO;6206;6;1;3;10;7;30;19;27;16;20;45;44;32;33;50;49;60;56;48;71;73;66;62;70
BINGO CARABOBO;6207;9;14;2;8;13;28;25;29;18;23;38;39;36;40;54;47;51;59;58;64;69;61;72;65
BINGO CARABOBO;6208;12;3;14;6;1;24;18;19;28;29;35;33;42;31;48;59;49;55;51;68;71;62;75;73
BINGO CARABOBO;6209;11;13;10;4;7;27;16;26;22;21;44;43;34;40;52;47;50;57;58;65;64;70;66;72
BINGO CARABOBO;6210;9;15;8;2;5;23;20;25;17;30;37;36;45;38;46;56;53;60;54;61;74;63;69;67
BINGO CARABOBO;6211;12;13;2;8;4;21;22;18;17;20;38;37;41;39;47;57;49;59;46;70;61;63;67;66
BINGO CARABOBO;6212;11;3;10;14;5;28;26;23;27;25;35;42;36;33;54;51;52;56;48;68;71;74;72;64
BINGO CARABOBO;6213;7;9;6;1;15;19;16;29;24;30;43;40;45;32;60;53;50;58;55;73;75;65;69;62
BINGO CARABOBO;6214;7;2;5;6;8;29;21;24;22;17;33;41;35;42;52;51;59;56;55;74;72;73;62;75
BINGO CARABOBO;6215;15;12;10;11;4;28;27;19;26;30;37;43;39;31;60;48;53;46;57;67;69;70;68;66
BINGO CARABOBO;6216;9;13;14;3;1;18;20;23;25;16;40;44;32;45;58;50;49;47;54;63;65;64;61;71
BINGO CARABOBO;6217;6;11;12;13;9;29;24;27;20;28;39;37;32;40;53;51;60;54;48;65;67;64;73;72
BINGO CARABOBO;6218;3;4;2;14;8;21;23;26;19;25;34;41;38;44;50;57;58;55;49;62;75;61;71;68
BINGO CARABOBO;6219;7;15;5;10;1;18;30;17;22;16;31;36;45;33;47;52;56;46;59;74;69;66;63;70
BINGO CARABOBO;6220;7;12;9;14;2;22;28;17;27;26;39;32;36;42;59;56;58;53;51;62;72;70;68;74
BINGO CARABOBO;6221;3;4;13;15;6;24;18;16;23;20;38;45;43;31;54;48;55;50;57;71;67;73;63;69
BINGO CARABOBO;6222;10;11;8;1;5;25;19;21;29;30;40;41;34;44;60;49;47;52;46;66;65;75;61;64
BINGO CARABOBO;6223;5;13;8;12;9;19;18;23;24;28;32;44;41;40;56;53;47;51;50;65;70;63;71;75
BINGO CARABOBO;6224;10;2;15;14;4;20;21;16;22;17;38;37;33;36;55;48;49;58;52;68;62;64;73;72
BINGO CARABOBO;6225;7;6;1;11;3;29;25;27;30;26;45;35;43;42;54;59;60;46;57;67;74;61;66;69
BINGO CARABOBO;6226;7;13;4;12;9;23;17;24;26;28;45;31;37;39;50;49;59;48;56;70;73;72;63;74
BINGO CARABOBO;6227;8;5;11;1;10;25;27;30;16;18;43;35;38;33;52;57;60;47;55;62;69;75;64;61
BINGO CARABOBO;6228;3;6;15;14;2;19;29;20;21;22;44;42;41;32;51;54;53;58;46;66;68;71;65;67
BINGO CARABOBO;6229;4;11;9;3;6;25;27;29;19;26;38;44;37;43;54;47;52;57;53;68;69;61;62;65
BINGO CARABOBO;6230;14;1;8;12;15;24;17;21;22;20;32;40;31;33;51;50;58;56;60;66;74;70;73;67
BINGO CARABOBO;6231;7;5;13;10;2;30;18;16;23;28;39;42;45;36;55;59;49;48;46;71;75;63;72;64
BINGO CARABOBO;6232;7;9;8;3;14;22;17;27;19;16;36;40;38;43;54;49;48;52;55;73;65;62;71;74
BINGO CARABOBO;6233;12;13;5;1;11;24;21;20;25;28;39;41;31;32;46;53;56;58;59;72;70;61;69;67
BINGO CARABOBO;6234;2;6;10;4;15;23;26;18;30;29;45;35;42;37;57;50;51;47;60;68;64;66;75;63
BINGO CARABOBO;6235;14;1;4;10;8;17;28;24;25;18;32;39;37;35;57;59;52;58;47;73;62;64;68;69
BINGO CARABOBO;6236;6;2;12;13;5;19;26;21;27;22;33;31;42;44;49;46;55;56;54;70;67;74;63;75
BINGO CARABOBO;6237;11;15;3;7;9;23;16;29;30;20;36;34;40;41;51;53;60;48;50;71;65;66;72;61
BINGO CARABOBO;6238;8;12;10;6;11;26;19;22;28;18;40;43;39;34;49;59;47;56;48;69;66;62;75;72
BINGO CARABOBO;6239;3;13;4;7;9;29;21;16;23;24;35;31;38;41;54;55;60;57;53;63;65;74;73;70
BINGO CARABOBO;6240;2;14;5;15;1;25;27;30;17;20;37;32;44;45;52;50;58;46;51;64;68;71;61;67
BINGO CARABOBO;6241;4;12;5;1;6;23;27;28;24;25;41;39;34;36;46;49;57;52;51;68;67;71;75;70
BINGO CARABOBO;6242;10;9;8;14;13;29;19;16;22;30;45;43;40;37;48;55;54;53;58;61;72;73;64;63
BINGO CARABOBO;6243;3;15;2;7;11;20;21;17;18;26;35;42;44;32;59;50;56;47;60;65;62;69;66;74
BINGO CARABOBO;6244;15;7;9;6;11;24;29;21;19;28;40;41;38;32;60;49;54;50;57;73;71;69;62;68
BINGO CARABOBO;6245;12;1;8;5;13;17;18;20;22;30;36;34;43;44;51;48;58;53;56;63;74;72;64;66
BINGO CARABOBO;6246;14;10;3;4;2;23;26;16;25;27;35;39;37;45;52;55;46;59;47;70;65;75;61;67
BINGO CARABOBO;6247;12;6;15;9;14;21;29;18;20;25;39;41;36;32;51;58;50;54;46;72;66;69;62;75
BINGO CARABOBO;6248;2;4;3;11;13;26;24;23;16;22;37;44;35;40;52;47;55;56;57;68;70;64;65;73
BINGO CARABOBO;6249;10;8;1;7;5;27;19;28;17;30;42;33;31;34;59;53;60;48;49;74;67;63;71;61
BINGO CARABOBO;6250;13;14;9;12;1;21;17;29;20;18;44;35;38;42;59;49;54;53;51;64;74;72;73;71
BINGO CARABOBO;6251;5;11;10;3;8;28;22;24;19;26;32;43;39;33;52;56;55;47;58;75;67;66;68;69
BINGO CARABOBO;6252;15;6;2;7;4;25;23;30;16;27;37;34;45;36;46;57;60;48;50;62;61;65;63;70
BINGO CARABOBO;6253;10;4;12;6;14;22;29;28;18;21;35;34;43;40;55;46;52;58;56;64;69;70;65;62
BINGO CARABOBO;6254;11;8;1;13;9;17;24;20;23;27;31;33;44;42;49;53;54;51;57;71;74;72;67;63
BINGO CARABOBO;6255;15;3;7;5;2;26;25;19;30;16;32;37;45;39;48;50;59;60;47;66;73;61;68;75
BINGO CARABOBO;6256;12;4;8;13;7;22;20;19;18;26;33;40;35;43;58;46;54;57;55;62;70;72;61;63
BINGO CARABOBO;6257;1;11;10;5;2;17;27;24;23;28;36;38;37;45;47;49;51;48;56;71;74;67;68;64
BINGO CARABOBO;6258;6;3;9;15;14;30;21;25;16;29;32;39;42;44;60;53;52;50;59;66;69;65;73;75
BINGO CARABOBO;6259;11;3;10;12;14;19;29;28;17;25;40;39;36;37;51;50;54;49;57;65;73;72;66;74
BINGO CARABOBO;6260;13;4;9;5;1;23;18;21;27;30;43;32;35;45;55;52;58;59;53;63;68;64;67;62
BINGO CARABOBO;6261;6;7;8;15;2;22;24;20;26;16;42;34;31;44;48;47;56;60;46;70;69;61;75;71
BINGO CARABOBO;6262;4;11;14;5;6;21;26;20;18;19;37;43;44;38;49;54;47;53;58;74;66;72;64;67
BINGO CARABOBO;6263;12;10;15;7;2;22;24;16;30;23;33;39;41;36;48;57;50;59;60;65;70;71;75;63
BINGO CARABOBO;6264;9;1;8;13;3;28;25;17;27;29;32;42;31;40;52;51;46;55;56;68;69;73;62;61
BINGO CARABOBO;6265;12;3;9;15;13;27;26;17;19;21;36;39;33;45;55;58;57;48;47;63;70;69;64;65
BINGO CARABOBO;6266;10;5;1;2;4;18;25;23;22;16;41;34;38;42;53;46;52;59;56;73;61;66;68;67
BINGO CARABOBO;6267;7;14;11;8;6;29;30;24;28;20;35;37;43;31;49;51;54;50;60;74;75;72;71;62
BINGO CARABOBO;6268;8;11;13;6;10;26;17;25;20;24;36;43;41;33;59;49;52;53;56;66;65;74;61;63
BINGO CARABOBO;6269;3;7;9;12;5;22;18;23;30;29;38;37;39;44;47;46;57;55;51;67;69;72;64;68
BINGO CARABOBO;6270;1;4;2;15;14;28;16;21;19;27;35;40;32;31;54;60;48;58;50;71;75;73;70;62
BINGO CARABOBO;6271;2;11;10;6;3;23;26;20;27;19;37;40;43;32;53;56;52;47;48;61;63;74;67;62
BINGO CARABOBO;6272;9;7;5;12;4;16;22;25;21;29;34;41;44;33;49;46;51;59;58;70;66;68;64;71
BINGO CARABOBO;6273;15;14;8;13;1;28;17;18;30;24;36;31;45;35;55;50;57;54;60;69;73;75;65;72
BINGO CARABOBO;6274;12;9;5;14;4;27;25;18;24;17;31;36;33;38;60;49;48;54;55;65;69;72;63;68
BINGO CARABOBO;6275;8;13;7;11;6;20;19;23;26;29;39;35;45;40;56;53;47;51;50;64;66;74;62;73
BINGO CARABOBO;6276;2;10;3;1;15;16;21;28;22;30;37;42;32;43;57;46;52;59;58;67;75;70;61;71
BINGO CARABOBO;6277;11;5;8;6;13;24;27;19;18;26;39;32;37;44;48;49;55;50;52;67;61;69;74;66
BINGO CARABOBO;6278;12;3;9;2;10;28;22;29;23;25;34;36;42;40;56;54;47;57;60;73;65;64;71;68
BINGO CARABOBO;6279;7;14;1;4;15;21;17;20;30;16;31;43;38;33;53;46;51;58;59;63;62;70;72;75
BINGO CARABOBO;6280;9;13;4;6;7;29;27;28;25;30;35;43;38;32;59;47;52;58;50;70;73;62;75;64
BINGO CARABOBO;6281;10;2;1;11;5;22;24;26;18;19;44;34;39;42;60;53;55;51;49;68;69;61;63;65
BINGO CARABOBO;6282;14;15;8;12;3;20;21;17;23;16;45;36;31;41;48;54;56;57;46;71;66;72;67;74
BINGO CARABOBO;6283;2;9;11;7;3;25;26;27;24;18;43;42;34;36;51;57;56;48;54;62;69;73;64;70
BINGO CARABOBO;6284;1;5;4;13;10;23;20;29;28;21;41;32;31;39;53;58;55;60;59;75;72;68;65;67
BINGO CARABOBO;6285;8;12;6;15;14;30;19;17;22;16;33;40;45;35;47;50;52;49;46;66;71;63;61;74
BINGO CARABOBO;6286;14;8;11;12;2;26;28;18;21;27;42;35;32;44;50;46;49;57;55;71;73;68;70;74
BINGO CARABOBO;6287;4;6;3;10;15;22;17;29;23;20;36;34;33;37;51;52;59;53;54;66;69;67;61;72
BINGO CARABOBO;6288;9;7;1;13;5;24;30;19;25;16;31;45;39;41;47;60;56;58;48;65;64;62;63;75
BINGO CARABOBO;6289;3;13;14;6;12;27;18;28;20;24;32;36;44;33;46;55;54;56;53;67;74;68;62;63
BINGO CARABOBO;6290;1;7;5;15;10;22;29;17;16;30;35;38;40;34;57;50;52;58;47;72;70;75;71;64
BINGO CARABOBO;6291;4;8;11;2;9;23;19;25;26;21;45;39;31;42;48;49;59;51;60;66;69;65;61;73
BINGO CARABOBO;6292;3;10;13;2;11;26;21;24;28;25;38;40;34;45;57;48;50;51;47;66;61;67;63;73
BINGO CARABOBO;6293;1;12;5;8;7;30;19;18;23;22;39;33;31;37;56;58;52;46;49;68;69;71;74;70
BINGO CARABOBO;6294;4;6;15;9;14;27;17;29;20;16;44;42;41;36;59;54;53;60;55;75;65;64;62;72
BINGO CARABOBO;6295;6;4;10;2;11;27;25;19;24;16;39;41;40;38;52;54;55;59;47;67;68;75;69;72
BINGO CARABOBO;6296;15;8;9;7;13;22;29;26;21;18;44;31;45;36;53;57;51;49;58;70;61;62;66;73
BINGO CARABOBO;6297;14;3;5;12;1;20;23;28;30;17;42;37;43;32;48;56;46;60;50;64;65;63;71;74
BINGO CARABOBO;6298;9;15;11;1;7;23;22;25;21;24;32;42;39;44;56;50;57;51;58;70;71;74;63;67
BINGO CARABOBO;6299;5;13;2;10;3;27;19;26;20;29;36;40;41;35;48;55;47;53;52;69;72;73;65;64
BINGO CARABOBO;6300;6;8;4;14;12;18;28;17;30;16;38;33;31;34;59;49;60;46;54;75;68;61;62;66
BINGO CARABOBO;6301;7;4;13;12;11;24;30;21;16;25;35;43;39;42;52;58;54;50;53;71;65;68;70;73
BINGO CARABOBO;6302;5;8;2;6;10;27;22;19;26;23;36;41;44;32;49;56;60;46;51;67;63;62;64;66
BINGO CARABOBO;6303;14;3;9;15;1;18;28;29;20;17;38;33;40;45;55;57;47;59;48;69;61;75;72;74
BINGO CARABOBO;6304;4;14;5;13;12;20;23;18;27;22;41;40;44;43;54;57;49;58;47;70;68;64;74;62
BINGO CARABOBO;6305;10;3;11;7;2;19;28;17;25;29;34;39;36;35;53;59;50;48;46;67;72;73;71;69
BINGO CARABOBO;6306;6;15;8;1;9;26;16;30;24;21;37;42;31;32;56;55;60;52;51;63;66;65;61;75
BINGO CARABOBO;6307;9;15;7;11;14;23;19;21;29;22;35;41;43;33;54;55;53;56;48;66;72;67;62;64
BINGO CARABOBO;6308;2;6;12;8;4;25;24;17;16;26;39;38;42;34;50;52;57;59;47;70;63;68;71;73
BINGO CARABOBO;6309;5;13;10;1;3;27;30;28;20;18;44;37;36;31;51;58;49;60;46;65;69;75;74;61
BINGO CARABOBO;6310;4;8;1;9;3;21;23;22;26;30;37;39;45;43;54;55;52;60;51;70;66;67;75;62
BINGO CARABOBO;6311;11;14;7;15;5;19;20;25;27;17;42;41;40;44;48;47;58;56;50;68;74;65;61;69
BINGO CARABOBO;6312;2;10;6;12;13;24;18;16;29;28;32;34;33;38;46;59;49;57;53;72;63;71;64;73
BINGO CARABOBO;6313;13;11;4;15;3;16;21;24;26;30;31;33;34;36;54;58;47;50;52;71;67;61;74;64
BINGO CARABOBO;6314;6;14;2;9;8;19;17;25;23;27;37;35;38;44;48;59;53;57;46;65;70;63;72;73
BINGO CARABOBO;6315;1;5;10;12;7;22;28;20;18;29;40;39;45;42;55;49;56;51;60;69;75;62;66;68
BINGO CARABOBO;6316;12;14;9;7;3;18;29;26;28;23;41;42;40;44;53;58;54;56;48;63;68;72;64;75
BINGO CARABOBO;6317;13;4;8;1;15;25;24;17;19;20;32;36;45;38;57;60;55;47;49;65;70;69;62;66
BINGO CARABOBO;6318;10;11;2;5;6;27;21;22;16;30;35;31;34;43;52;46;50;59;51;73;67;74;61;71
BINGO CARABOBO;6319;3;14;13;12;4;19;24;22;17;28;41;44;40;32;56;59;46;60;49;69;61;64;75;70
BINGO CARABOBO;6320;9;11;1;8;10;29;20;27;30;18;42;35;31;39;53;57;47;48;52;68;67;71;72;65
BINGO CARABOBO;6321;15;5;6;7;2;21;26;23;16;25;43;37;45;36;55;54;58;51;50;66;63;73;62;74
BINGO CARABOBO;6322;6;4;5;2;15;21;22;18;17;27;44;35;40;37;59;52;57;51;54;74;67;62;72;70
BINGO CARABOBO;6323;10;3;7;9;1;29;19;20;25;23;41;36;39;43;53;55;49;46;47;71;69;66;63;73
BINGO CARABOBO;6324;12;11;8;13;14;28;16;26;24;30;42;32;31;45;48;50;56;60;58;64;61;75;68;65
BINGO CARABOBO;6325;8;5;3;7;1;23;16;27;28;25;31;37;42;39;57;58;54;51;53;71;66;68;74;65
BINGO CARABOBO;6326;4;14;11;6;12;17;18;22;29;21;34;41;35;43;48;52;55;59;60;69;73;61;67;72
BINGO CARABOBO;6327;13;2;15;9;10;24;20;26;19;30;38;33;44;32;46;56;49;47;50;64;63;70;62;75
BINGO CARABOBO;6328;10;5;11;6;8;25;30;19;23;16;40;35;37;39;51;57;47;46;56;71;65;67;72;64
BINGO CARABOBO;6329;1;9;13;3;12;27;29;21;26;20;44;34;42;43;52;54;59;50;48;70;66;73;62;63
BINGO CARABOBO;6330;7;15;4;14;2;22;17;24;28;18;31;45;32;41;53;55;60;49;58;74;75;69;61;68
BINGO CARABOBO;6331;5;14;4;7;6;17;19;25;27;24;41;32;43;40;50;60;59;55;49;71;68;74;73;72
BINGO CARABOBO;6332;10;3;9;12;2;20;18;21;28;29;39;35;42;36;56;58;48;54;47;66;69;75;67;61
BINGO CARABOBO;6333;11;15;13;1;8;23;26;30;16;22;33;31;37;34;53;51;52;57;46;64;63;70;65;62
BINGO CARABOBO;6334;9;5;13;3;10;21;24;17;26;29;42;39;41;37;59;60;55;52;51;65;71;72;75;63
BINGO CARABOBO;6335;11;2;6;4;14;19;20;22;18;28;32;33;40;34;49;48;47;56;50;69;64;68;73;66
BINGO CARABOBO;6336;8;12;7;15;1;23;30;25;27;16;38;44;43;35;54;57;53;58;46;70;67;62;61;74
BINGO CARABOBO;6337;7;8;9;4;3;30;25;21;22;27;41;35;34;31;56;54;58;55;46;72;69;63;74;73
BINGO CARABOBO;6338;6;13;15;14;5;29;16;19;23;28;40;33;43;39;51;49;52;59;57;71;75;65;67;68
BINGO CARABOBO;6339;10;2;11;12;1;18;26;24;17;20;36;32;45;37;50;48;47;53;60;64;66;62;70;61
BINGO CARABOBO;6340;3;15;7;5;4;25;26;18;21;19;42;34;32;41;46;55;58;49;51;67;66;73;70;71
BINGO CARABOBO;6341;13;9;10;1;11;27;17;28;20;24;40;45;38;39;48;54;53;56;52;61;68;63;72;74
BINGO CARABOBO;6342;14;6;2;12;8;16;29;30;23;22;37;43;31;36;57;50;59;60;47;64;62;69;65;75
BINGO CARABOBO;6343;12;15;9;10;5;25;24;23;29;27;33;40;43;41;48;47;51;58;52;66;65;63;61;68
BINGO CARABOBO;6344;6;7;11;14;8;28;20;22;26;21;36;37;31;42;60;50;53;54;49;70;64;69;75;73
BINGO CARABOBO;6345;2;4;1;13;3;16;18;19;30;17;38;34;32;45;57;55;59;56;46;67;72;74;71;62
BINGO CARABOBO;6346;13;9;11;3;5;27;17;23;24;28;45;44;32;40;53;51;48;58;57;63;62;72;67;71
BINGO CARABOBO;6347;4;2;1;6;10;29;26;30;19;21;38;41;37;33;49;59;60;47;56;68;69;61;70;66
BINGO CARABOBO;6348;15;8;12;7;14;16;20;22;18;25;36;39;34;31;50;54;52;46;55;65;74;73;64;75
BINGO CARABOBO;6349;7;5;3;15;6;19;29;26;21;24;35;36;31;38;52;59;58;51;54;67;62;70;65;69
BINGO CARABOBO;6350;11;2;13;1;10;23;22;27;17;18;37;44;42;32;57;49;56;50;60;68;66;72;75;63
BINGO CARABOBO;6351;9;4;8;14;12;25;16;28;20;30;39;40;34;45;53;47;55;46;48;71;64;73;61;74
BINGO CARABOBO;6352;9;11;5;7;13;22;29;28;26;23;44;33;32;40;47;58;56;50;54;62;66;67;74;69
BINGO CARABOBO;6353;8;4;15;12;14;24;20;16;21;18;36;38;34;39;53;60;55;59;46;72;71;73;63;65
BINGO CARABOBO;6354;10;1;6;3;2;19;30;25;17;27;43;35;31;41;48;51;52;57;49;64;75;70;68;61
BINGO CARABOBO;6355;3;13;6;8;1;23;20;26;24;21;33;38;37;43;59;47;51;56;57;62;65;70;69;72
BINGO CARABOBO;6356;10;7;11;14;12;27;29;28;25;19;41;40;44;42;46;50;49;55;48;67;64;68;61;74
BINGO CARABOBO;6357;9;4;15;2;5;30;17;22;16;18;36;32;45;31;60;53;54;58;52;73;63;71;66;75
BINGO CARABOBO;6358;10;15;12;7;3;17;25;24;19;28;33;40;37;34;50;53;55;51;56;62;64;66;71;63
BINGO CARABOBO;6359;5;11;4;13;2;29;23;26;20;27;41;44;31;36;58;57;54;59;48;69;68;61;73;74
BINGO CARABOBO;6360;6;9;1;14;8;16;30;21;18;22;43;42;39;45;49;52;46;47;60;67;72;75;65;70
BINGO CARABOBO;6361;10;14;6;7;1;22;27;23;29;25;33;41;36;38;52;56;49;48;55;65;62;67;70;66
BINGO CARABOBO;6362;4;8;13;3;15;28;30;26;17;20;44;32;37;35;53;54;50;59;51;64;63;68;73;74
BINGO CARABOBO;6363;5;11;9;12;2;21;16;18;19;24;40;39;34;31;46;60;57;58;47;71;61;72;69;75
BINGO CARABOBO;6364;4;7;3;5;2;22;23;26;18;28;44;45;38;41;48;47;58;51;49;71;66;72;67;69
BINGO CARABOBO;6365;10;9;14;11;8;21;27;19;24;20;34;42;43;31;59;52;54;50;53;61;74;73;68;65
BINGO CARABOBO;6366;12;6;13;15;1;25;17;30;29;16;39;35;36;33;56;55;57;46;60;64;62;70;75;63
BINGO CARABOBO;6367;5;8;10;14;4;17;25;29;28;27;42;34;37;33;48;56;49;47;57;62;68;74;63;75
BINGO CARABOBO;6368;7;11;13;9;3;30;23;21;20;18;43;44;35;36;52;58;46;51;55;65;64;69;72;70
BINGO CARABOBO;6369;2;12;15;1;6;22;19;26;24;16;40;45;38;31;53;54;50;60;59;71;66;61;73;67
BINGO CARABOBO;6370;7;14;15;3;8;18;22;17;19;23;34;43;41;40;58;56;48;57;50;73;72;66;67;62
BINGO CARABOBO;6371;2;6;5;9;10;28;20;30;26;24;35;38;32;39;60;49;51;52;54;64;70;65;63;74
BINGO CARABOBO;6372;13;1;4;12;11;25;27;29;16;21;36;44;45;37;59;46;47;53;55;71;69;68;75;61
BINGO CARABOBO;6373;2;5;10;4;12;19;17;29;21;23;32;37;43;42;54;47;48;51;58;70;66;68;64;62
BINGO CARABOBO;6374;1;14;15;11;8;26;25;22;24;30;40;33;39;41;53;55;59;52;56;67;74;71;73;63
BINGO CARABOBO;6375;6;7;9;3;13;18;20;16;27;28;45;35;36;38;46;50;49;60;57;65;69;61;75;72
BINGO CARABOBO;6376;13;3;2;14;7;23;28;22;21;24;35;42;33;38;55;52;48;51;53;68;65;67;71;70
BINGO CARABOBO;6377;8;5;4;9;1;25;17;30;20;19;44;45;36;37;54;56;59;57;58;64;61;62;72;63
BINGO CARABOBO;6378;10;15;6;12;11;27;26;16;29;18;41;34;43;39;49;50;47;46;60;69;75;66;74;73
BINGO CARABOBO;6379;2;12;7;13;11;20;19;26;18;17;32;42;36;39;51;52;56;58;59;72;70;69;74;65
BINGO CARABOBO;6380;14;6;15;8;9;30;22;25;28;23;37;44;35;38;55;48;53;60;50;75;66;68;73;63
BINGO CARABOBO;6381;3;5;1;10;4;21;24;29;16;27;43;40;31;45;47;49;57;46;54;67;64;71;61;62
BINGO CARABOBO;6382;7;10;8;6;2;28;29;25;20;24;42;44;37;43;55;46;59;56;47;63;70;74;65;61
BINGO CARABOBO;6383;11;4;12;13;9;19;22;27;16;26;45;34;35;31;50;58;57;53;54;69;67;72;73;64
BINGO CARABOBO;6384;14;1;5;15;3;21;18;23;30;17;39;36;38;41;49;51;52;48;60;75;66;68;62;71
BINGO CARABOBO;6385;2;10;1;4;7;27;28;26;16;24;38;33;42;39;48;53;57;59;50;75;70;68;73;72
BINGO CARABOBO;6386;13;12;6;11;5;22;25;20;29;18;31;43;40;45;60;47;54;52;51;63;69;67;71;64
BINGO CARABOBO;6387;9;14;8;3;15;21;23;19;17;30;37;35;32;41;49;56;55;46;58;62;74;61;65;66
BINGO CARABOBO;6388;13;12;8;3;7;19;20;18;21;29;31;42;33;38;58;57;50;55;49;70;75;68;67;69
BINGO CARABOBO;6389;6;5;10;4;2;27;24;17;22;23;34;41;43;37;48;54;59;51;53;73;71;74;62;63
BINGO CARABOBO;6390;14;9;15;11;1;28;30;16;25;26;40;32;45;35;46;60;52;47;56;64;65;72;66;61
BINGO CARABOBO;6391;2;13;14;5;7;29;20;19;28;26;32;41;40;34;59;48;54;53;55;68;64;74;62;69
BINGO CARABOBO;6392;8;3;10;15;11;21;22;27;18;24;43;35;39;42;56;49;58;50;51;61;63;70;65;66
BINGO CARABOBO;6393;6;9;12;1;4;17;16;25;23;30;37;31;45;33;57;47;52;46;60;75;72;67;73;71
BINGO CARABOBO;6394;14;11;3;1;13;18;28;21;26;30;43;37;45;32;49;48;51;50;54;67;75;63;73;71
BINGO CARABOBO;6395;5;15;8;9;6;25;19;17;23;24;34;35;38;41;60;58;46;56;57;69;61;64;62;72
BINGO CARABOBO;6396;10;4;7;12;2;16;27;29;20;22;36;40;33;42;53;59;55;47;52;65;70;74;68;66
BINGO CARABOBO;6397;10;3;8;12;7;22;29;17;18;21;45;36;31;35;52;54;55;51;59;63;67;64;74;75
BINGO CARABOBO;6398;13;4;6;15;9;28;20;25;26;27;38;39;41;33;57;53;49;46;47;66;68;65;73;62
BINGO CARABOBO;6399;11;5;1;14;2;16;19;24;30;23;32;42;37;43;56;48;50;58;60;61;69;71;72;70
BINGO CARABOBO;6400;13;5;4;11;2;24;19;20;29;21;36;45;33;42;52;48;54;51;47;64;66;73;62;61
BINGO CARABOBO;6401;6;3;1;9;12;30;17;16;26;27;43;38;41;32;53;59;56;46;57;68;65;71;74;63
BINGO CARABOBO;6402;15;8;14;7;10;28;25;22;23;18;31;40;44;37;58;50;55;49;60;69;67;72;75;70
BINGO CARABOBO;6403;6;7;10;2;9;21;24;19;22;28;44;39;42;38;52;58;53;60;49;72;75;65;66;71
BINGO CARABOBO;6404;1;4;14;15;8;17;26;27;16;29;35;41;37;34;54;50;48;51;56;70;61;68;63;73
BINGO CARABOBO;6405;11;5;12;3;13;23;20;30;18;25;33;32;43;31;55;57;47;59;46;67;64;69;74;62
BINGO CARABOBO;6406;11;5;4;7;6;28;21;29;23;19;39;32;42;33;51;57;50;53;49;68;74;70;67;65
BINGO CARABOBO;6407;8;2;1;9;14;18;30;25;22;20;43;34;45;36;56;55;60;48;52;75;63;64;62;72
BINGO CARABOBO;6408;13;12;15;10;3;17;24;16;26;27;35;31;41;37;58;59;47;54;46;69;66;71;61;73
BINGO CARABOBO;6409;13;3;11;12;9;25;24;28;23;20;31;38;41;35;56;48;57;55;54;70;66;74;63;64
BINGO CARABOBO;6410;4;7;6;2;14;30;19;18;29;22;40;33;45;36;46;49;51;50;59;69;71;72;67;61
BINGO CARABOBO;6411;10;5;1;8;15;27;21;26;16;17;39;44;34;42;60;58;53;47;52;65;68;75;73;62
BINGO CARABOBO;6412;2;4;6;10;9;27;18;25;19;22;34;37;41;32;51;50;60;55;57;67;66;62;74;65
BINGO CARABOBO;6413;5;11;15;1;12;21;28;23;29;24;31;42;36;39;46;52;58;56;53;63;75;68;70;64
BINGO CARABOBO;6414;13;14;7;8;3;26;30;20;16;17;44;45;33;35;48;49;47;54;59;69;73;71;72;61
BINGO CARABOBO;6415;11;4;10;5;12;25;24;28;18;19;42;39;33;32;57;55;48;56;53;69;65;73;66;70
BINGO CARABOBO;6416;2;7;15;13;9;26;20;22;29;23;35;37;38;40;50;49;60;59;54;74;62;67;63;64
BINGO CARABOBO;6417;3;1;8;6;14;16;21;17;27;30;31;43;45;36;51;58;46;52;47;72;71;68;61;75
BINGO CARABOBO;6418;12;4;10;3;6;20;26;17;23;22;35;36;37;38;54;57;49;53;50;73;62;75;66;67
BINGO CARABOBO;6419;13;15;1;9;2;27;21;25;24;28;32;42;43;40;59;51;58;56;48;71;64;70;69;68
BINGO CARABOBO;6420;5;8;11;7;14;29;18;19;16;30;34;39;31;44;46;52;60;55;47;72;65;74;61;63
BINGO CARABOBO;6421;15;7;6;14;9;18;20;29;24;27;35;37;32;36;50;51;56;48;57;74;64;73;72;62
BINGO CARABOBO;6422;3;10;11;12;5;26;17;19;22;21;38;44;41;42;60;58;47;55;52;69;67;63;65;71
BINGO CARABOBO;6423;2;8;4;13;1;28;30;25;23;16;33;39;31;43;46;53;54;49;59;75;66;70;68;61
BINGO CARABOBO;6424;3;11;10;12;7;27;29;28;22;20;41;44;42;40;56;59;57;47;51;72;61;73;67;66
BINGO CARABOBO;6425;9;13;2;8;6;25;23;19;26;30;34;38;36;35;52;58;55;48;53;68;65;69;63;62
BINGO CARABOBO;6426;15;14;5;4;1;21;18;17;16;24;33;45;39;31;49;54;50;46;60;70;74;64;75;71
BINGO CARABOBO;6427;9;10;8;1;11;23;19;30;24;29;41;39;32;37;48;53;58;49;55;67;72;71;62;64
BINGO CARABOBO;6428;4;14;13;3;7;26;16;28;20;17;42;38;43;34;54;51;46;50;52;65;63;70;74;73
BINGO CARABOBO;6429;6;5;12;15;2;21;25;22;18;27;36;35;31;33;56;57;47;60;59;68;69;66;61;75
BINGO CARABOBO;6430;12;2;5;11;1;29;22;25;23;19;31;35;40;34;57;49;52;54;47;70;71;63;69;73
BINGO CARABOBO;6431;13;8;3;9;7;18;26;27;17;30;36;44;43;32;53;51;50;55;56;61;67;64;68;62
BINGO CARABOBO;6432;4;10;14;6;15;28;20;21;24;16;39;38;45;33;48;59;46;58;60;65;74;72;75;66
BINGO CARABOBO;6433;4;7;13;5;12;28;19;24;26;27;35;34;37;39;54;48;57;56;51;66;68;73;65;71
BINGO CARABOBO;6434;3;9;8;14;11;30;21;20;29;25;32;38;43;33;49;55;52;50;47;64;74;62;75;70
BINGO CARABOBO;6435;2;15;6;10;1;17;18;22;23;16;40;31;44;42;53;60;59;58;46;69;67;72;63;61
BINGO CARABOBO;6436;2;6;8;7;12;21;26;28;24;27;43;44;35;42;56;46;57;53;54;69;75;73;65;64
BINGO CARABOBO;6437;15;1;9;5;11;25;23;29;22;19;36;32;39;34;47;50;55;49;58;71;72;70;62;63
BINGO CARABOBO;6438;14;10;3;13;4;18;20;16;30;17;45;38;41;31;51;52;60;59;48;67;74;68;61;66
BINGO CARABOBO;6439;7;1;3;9;14;19;27;16;18;23;31;33;41;32;52;53;60;48;47;74;64;67;73;71
BINGO CARABOBO;6440;5;4;15;11;12;24;25;22;29;20;38;34;39;43;54;55;59;50;57;66;68;61;69;70
BINGO CARABOBO;6441;10;8;13;6;2;17;28;26;21;30;42;40;45;35;56;51;58;46;49;72;65;62;63;75
BINGO CARABOBO;6442;7;8;9;11;13;20;29;16;23;30;43;35;36;40;48;52;56;60;49;63;71;70;69;72
BINGO CARABOBO;6443;12;15;14;3;10;18;22;21;28;26;33;41;39;32;50;53;58;57;51;73;66;68;74;65
BINGO CARABOBO;6444;1;6;4;5;2;19;24;27;17;25;38;31;34;37;59;54;47;46;55;62;64;67;61;75
BINGO CARABOBO;6445;12;5;14;7;1;24;17;20;16;26;44;39;31;42;52;54;59;47;58;71;61;64;65;63
BINGO CARABOBO;6446;10;6;13;9;8;30;23;18;25;28;33;37;45;32;53;50;51;55;56;70;69;66;74;67
BINGO CARABOBO;6447;11;2;4;15;3;22;21;27;29;19;35;40;41;34;48;49;57;60;46;62;72;68;73;75
BINGO CARABOBO;6448;9;4;6;2;13;29;28;19;18;24;44;42;41;32;56;58;51;54;55;62;70;72;63;66
BINGO CARABOBO;6449;8;14;1;12;10;17;20;22;21;25;38;36;33;43;46;48;57;52;47;71;73;67;64;74
BINGO CARABOBO;6450;11;7;5;3;15;26;27;16;30;23;45;31;35;39;53;50;60;59;49;65;68;69;61;75
BINGO CARABOBO;6451;12;13;5;7;10;30;28;25;27;23;41;40;34;36;60;55;50;52;57;62;70;61;71;64
BINGO CARABOBO;6452;8;15;11;3;9;21;17;19;26;18;38;32;39;44;49;53;58;54;48;68;75;67;66;65
BINGO CARABOBO;6453;2;1;4;6;14;20;24;22;29;16;42;45;31;33;56;47;46;59;51;72;69;73;63;74
BINGO CARABOBO;6454;11;10;14;4;8;28;24;19;22;23;34;32;35;43;56;57;49;52;55;62;69;65;68;71
BINGO CARABOBO;6455;12;9;15;13;6;21;17;29;30;18;41;37;33;45;50;54;59;48;53;70;73;67;72;61
BINGO CARABOBO;6456;3;5;1;2;7;25;16;27;20;26;39;31;44;36;58;60;51;47;46;64;66;75;63;74
BINGO CARABOBO;6457;10;6;8;13;9;19;24;28;29;16;43;32;41;39;58;57;55;47;53;66;69;61;70;74
BINGO CARABOBO;6458;4;15;14;12;11;27;21;30;22;18;36;44;33;35;48;52;46;50;51;65;72;63;62;73
BINGO CARABOBO;6459;1;5;7;2;3;20;26;23;17;25;31;37;45;34;54;56;59;49;60;68;71;67;75;64
BINGO CARABOBO;6460;7;3;5;14;4;24;23;17;19;25;45;40;34;43;49;47;54;51;55;61;63;62;66;71
BINGO CARABOBO;6461;2;10;11;12;8;27;18;22;20;30;32;44;35;39;60;58;52;53;48;73;74;69;72;70
BINGO CARABOBO;6462;15;6;1;13;9;26;29;28;16;21;33;41;37;31;56;57;59;50;46;65;67;68;64;75
BINGO CARABOBO;6463;14;11;7;3;5;20;24;18;25;19;32;35;38;42;52;56;53;47;46;70;72;68;62;71
BINGO CARABOBO;6464;10;4;6;12;9;27;30;22;16;21;39;40;43;44;48;49;51;55;57;65;64;74;63;69
BINGO CARABOBO;6465;2;13;8;15;1;23;17;28;26;29;37;33;45;31;59;60;54;58;50;67;66;73;75;61
BINGO CARABOBO;6466;7;9;10;2;5;25;26;17;29;18;40;44;41;32;57;50;47;52;54;63;67;71;65;66
BINGO CARABOBO;6467;11;3;1;13;4;20;24;28;19;21;35;33;36;39;55;51;59;53;56;62;74;69;73;70
BINGO CARABOBO;6468;12;14;8;6;15;27;23;30;16;22;34;42;43;45;48;49;46;58;60;75;68;72;64;61
BINGO CARABOBO;6469;12;9;8;6;13;28;16;20;19;22;38;33;35;42;50;58;49;57;60;66;71;68;70;63
BINGO CARABOBO;6470;11;10;2;7;14;26;30;23;27;24;44;43;37;39;48;52;56;47;59;72;64;62;69;75
BINGO CARABOBO;6471;5;1;3;4;15;21;17;25;18;29;34;41;45;40;54;51;53;55;46;67;73;65;61;74
BINGO CARABOBO;6472;6;11;1;8;4;27;30;29;28;22;35;40;33;38;56;58;48;55;47;67;71;73;70;72
BINGO CARABOBO;6473;9;10;5;14;2;17;19;20;18;23;39;43;41;44;50;57;46;54;51;62;65;68;69;74
BINGO CARABOBO;6474;13;3;7;12;15;24;25;26;21;16;42;32;31;45;52;53;59;49;60;63;64;75;66;61
BINGO CARABOBO;6475;15;7;3;1;10;24;21;19;17;26;33;35;39;32;54;46;47;53;50;62;70;65;74;63
BINGO CARABOBO;6476;9;11;8;5;14;20;29;28;23;27;37;40;41;36;55;49;48;56;58;68;71;67;72;69
BINGO CARABOBO;6477;4;6;12;2;13;18;16;30;22;25;43;38;44;31;59;51;52;57;60;66;73;64;61;75
BINGO CARABOBO;6478;8;2;4;14;6;23;21;26;22;17;39;33;43;41;53;54;57;52;50;73;61;71;69;72
BINGO CARABOBO;6479;7;10;5;13;9;18;29;27;19;25;34;37;35;36;46;51;58;48;56;74;64;65;67;68
BINGO CARABOBO;6480;12;11;3;1;15;30;20;28;24;16;38;32;45;31;55;60;49;59;47;70;66;62;75;63
BINGO CARABOBO;6481;12;8;9;15;11;26;21;27;22;24;42;31;40;39;47;50;53;52;54;61;68;72;71;66
BINGO CARABOBO;6482;13;3;14;4;6;23;17;20;19;28;35;38;34;44;56;60;48;51;58;63;64;70;65;67
BINGO CARABOBO;6483;5;2;7;1;10;29;16;25;30;18;45;41;32;33;49;55;57;59;46;73;69;75;62;74
BINGO CARABOBO;6484;12;5;7;11;4;21;16;22;23;20;42;44;37;33;53;58;55;56;52;74;69;68;66;65
BINGO CARABOBO;6485;10;6;14;2;9;26;30;19;24;25;43;41;39;38;47;54;49;50;60;75;70;72;64;71
BINGO CARABOBO;6486;3;15;13;1;8;18;28;27;17;29;35;36;31;45;48;57;51;46;59;67;62;63;73;61
BINGO CARABOBO;6487;12;10;2;1;8;27;22;16;21;24;33;36;38;34;55;52;50;56;58;73;74;66;68;67
BINGO CARABOBO;6488;5;7;4;3;9;26;17;20;18;28;40;41;37;31;53;51;48;46;57;64;71;70;62;69
BINGO CARABOBO;6489;13;14;6;11;15;30;29;25;23;19;39;35;32;45;47;59;49;60;54;72;65;63;75;61
BINGO CARABOBO;6490;5;11;12;15;3;19;20;22;17;30;41;37;34;40;52;46;56;60;57;63;62;66;74;65
BINGO CARABOBO;6491;2;10;1;14;7;18;27;29;25;16;32;43;38;42;58;50;51;54;53;71;75;64;70;69
BINGO CARABOBO;6492;9;8;6;4;13;21;24;23;28;26;45;39;35;44;59;55;48;49;47;61;67;73;68;72
BINGO CARABOBO;6493;8;5;15;3;4;27;24;18;22;20;31;32;42;33;52;58;54;57;59;71;65;68;74;61
BINGO CARABOBO;6494;1;6;11;12;13;30;26;25;17;28;39;45;34;43;56;47;50;55;60;72;67;66;64;69
BINGO CARABOBO;6495;9;10;14;2;7;23;16;19;21;29;36;41;37;35;53;48;49;51;46;70;63;73;62;75
BINGO CARABOBO;6496;4;3;10;7;8;19;24;18;20;29;43;44;32;33;54;46;57;50;55;70;69;72;64;73
BINGO CARABOBO;6497;5;13;6;15;9;30;23;26;22;16;38;35;39;36;49;52;58;60;48;67;74;75;66;63
BINGO CARABOBO;6498;1;14;11;2;12;25;17;27;28;21;41;45;31;34;59;53;56;51;47;71;65;61;68;62
BINGO CARABOBO;6499;3;9;6;4;15;30;25;20;27;23;39;41;34;36;47;48;46;57;53;68;65;70;64;66
BINGO CARABOBO;6500;5;13;12;10;7;24;21;28;26;18;40;38;37;44;52;55;49;54;56;72;63;69;73;75
BINGO CARABOBO;6501;14;2;8;1;11;22;17;19;16;29;35;43;33;45;59;58;60;51;50;62;71;67;61;74
BINGO CARABOBO;6502;5;4;7;15;6;17;29;22;25;30;43;39;45;37;48;50;47;56;59;75;68;69;62;65
BINGO CARABOBO;6503;2;8;12;9;10;20;26;21;24;18;38;35;31;33;57;53;49;52;55;70;63;67;64;72
BINGO CARABOBO;6504;3;13;11;1;14;16;27;23;19;28;41;44;34;42;51;54;46;58;60;74;66;73;61;71
BINGO CARABOBO;6505;2;13;5;14;4;17;22;18;21;26;33;41;31;43;52;56;60;54;53;73;69;62;61;67
BINGO CARABOBO;6506;7;6;10;12;3;28;19;27;25;24;37;35;36;45;47;48;57;58;49;66;72;70;74;71
BINGO CARABOBO;6507;11;15;1;9;8;29;23;20;30;16;42;38;39;32;55;46;51;50;59;68;63;65;64;75
BINGO CARABOBO;6508;7;10;2;13;6;20;16;29;18;26;32;44;34;45;56;47;58;59;51;69;71;61;67;62
BINGO CARABOBO;6509;11;9;12;3;4;21;30;22;23;28;37;39;35;40;55;54;52;46;60;65;68;66;75;64
BINGO CARABOBO;6510;14;5;1;8;15;25;19;27;17;24;38;42;41;43;50;57;49;48;53;72;63;73;70;74
BINGO CARABOBO;6511;5;1;2;3;7;18;23;20;16;27;39;35;43;38;54;47;59;57;48;71;73;61;72;67
BINGO CARABOBO;6512;14;12;15;9;11;28;21;26;29;19;44;40;32;42;52;56;49;60;50;69;68;70;74;63
BINGO CARABOBO;6513;10;4;6;8;13;22;25;24;17;30;45;36;37;31;53;46;55;58;51;64;65;75;62;66
BINGO CARABOBO;6514;9;10;11;7;1;18;23;29;30;22;31;37;44;40;47;55;56;51;53;61;66;73;74;64
BINGO CARABOBO;6515;5;4;15;12;8;25;28;21;26;16;42;36;41;45;59;60;49;58;54;62;70;68;63;71
BINGO CARABOBO;6516;6;2;3;14;13;20;27;19;24;17;33;34;43;32;57;52;50;48;46;67;69;65;75;72
BINGO CARABOBO;6517;7;4;9;5;14;18;29;25;26;23;33;34;43;39;55;56;52;50;53;69;73;68;61;74
BINGO CARABOBO;6518;13;11;10;3;6;28;27;20;16;19;32;37;36;42;47;57;51;58;59;70;75;63;71;72
BINGO CARABOBO;6519;12;2;8;1;15;24;22;30;17;21;44;41;45;35;54;49;60;46;48;66;67;64;65;62
BINGO CARABOBO;6520;8;3;9;5;7;29;18;17;22;27;38;33;35;37;58;51;55;53;49;69;63;70;68;64
BINGO CARABOBO;6521;14;11;2;1;10;28;19;21;20;26;40;32;39;44;60;46;52;50;54;73;62;74;61;67
BINGO CARABOBO;6522;12;15;6;13;4;16;23;25;30;24;34;41;43;42;57;48;59;47;56;65;72;71;66;75
BINGO CARABOBO;6523;13;4;11;9;8;20;26;21;24;19;43;41;44;38;52;55;59;50;53;70;68;73;69;61
BINGO CARABOBO;6524;7;14;2;10;5;30;17;18;22;23;33;36;32;40;60;47;51;58;49;72;75;63;62;66
BINGO CARABOBO;6525;6;1;3;15;12;28;29;16;27;25;39;34;37;45;57;48;56;46;54;71;74;64;67;65
BINGO CARABOBO;6526;5;4;3;6;13;21;25;29;22;23;39;36;38;42;60;51;54;50;52;64;70;71;74;65
BINGO CARABOBO;6527;1;9;11;8;12;27;24;17;16;26;37;35;44;40;48;56;55;53;47;75;62;67;61;66
BINGO CARABOBO;6528;10;7;14;15;2;19;28;20;18;30;41;43;33;31;57;58;49;59;46;69;72;68;63;73
BINGO CARABOBO;6529;5;4;8;2;15;23;20;18;30;22;43;33;32;44;52;51;56;57;60;65;68;62;66;73
BINGO CARABOBO;6530;6;12;7;1;13;19;17;21;25;16;45;37;39;36;50;53;55;49;48;72;74;70;67;69
BINGO CARABOBO;6531;14;11;10;3;9;24;29;27;26;28;42;38;35;31;59;47;54;46;58;63;71;64;75;61
BINGO CARABOBO;6532;1;13;6;4;2;23;19;27;28;26;44;43;41;39;59;53;52;55;57;74;73;64;65;67
BINGO CARABOBO;6533;12;8;9;14;7;20;16;21;22;24;38;42;36;45;54;48;50;51;49;63;71;62;75;69
BINGO CARABOBO;6534;10;15;3;5;11;30;25;29;18;17;37;40;31;34;56;46;47;58;60;66;68;72;70;61
BINGO CARABOBO;6535;10;9;5;8;2;21;24;16;22;17;42;41;34;35;58;60;46;51;57;69;74;72;68;75
BINGO CARABOBO;6536;12;3;13;14;6;25;20;26;27;28;45;32;40;36;56;49;47;50;59;63;71;70;66;65
BINGO CARABOBO;6537;11;4;15;1;7;29;18;23;30;19;31;33;43;44;53;48;52;54;55;62;73;61;67;64
BINGO CARABOBO;6538;11;4;8;12;9;25;24;16;18;21;39;38;41;35;48;57;55;54;51;71;74;64;73;63
BINGO CARABOBO;6539;7;6;2;1;10;28;22;17;23;30;33;36;42;34;58;53;50;59;46;61;65;69;67;68
BINGO CARABOBO;6540;14;15;3;13;5;27;19;20;29;26;43;44;32;45;56;52;49;60;47;66;72;70;75;62
BINGO CARABOBO;6541;11;3;2;6;14;17;30;27;21;18;35;37;34;39;60;55;52;46;53;74;73;65;71;64
BINGO CARABOBO;6542;5;10;12;13;4;19;20;23;29;28;38;40;33;43;54;47;57;49;58;62;63;68;70;72
BINGO CARABOBO;6543;1;9;15;7;8;16;25;26;24;22;36;41;45;31;59;50;51;56;48;66;75;61;69;67
BINGO CARABOBO;6544;3;4;14;6;8;18;23;24;28;29;39;42;36;44;57;51;54;53;59;70;73;64;63;72
BINGO CARABOBO;6545;10;7;11;12;13;30;25;26;17;27;35;34;40;45;52;46;49;55;56;74;61;65;68;62
BINGO CARABOBO;6546;9;5;2;1;15;21;19;20;22;16;33;43;37;31;50;58;47;48;60;71;67;69;66;75
BINGO CARABOBO;6547;6;2;4;8;13;24;29;20;18;16;37;31;44;33;50;55;57;47;49;62;74;61;75;64
BINGO CARABOBO;6548;5;9;11;10;7;22;25;21;19;30;43;42;34;32;56;48;58;52;51;67;66;69;63;71
BINGO CARABOBO;6549;15;3;14;12;1;17;27;26;28;23;38;36;45;35;59;46;54;60;53;68;72;70;73;65
BINGO CARABOBO;6550;3;8;2;13;11;23;29;18;22;17;34;41;32;37;54;46;59;56;50;63;65;66;62;72
BINGO CARABOBO;6551;9;15;12;7;5;24;27;28;20;19;38;42;43;44;53;55;52;48;58;75;73;61;70;71
BINGO CARABOBO;6552;10;4;6;1;14;21;16;26;25;30;31;45;39;35;57;60;49;51;47;68;64;67;69;74
BINGO CARABOBO;6553;3;7;12;9;1;28;19;20;25;17;40;35;44;34;53;47;52;51;58;65;67;71;72;66
BINGO CARABOBO;6554;10;8;2;4;11;26;23;22;18;27;45;37;42;31;59;54;49;57;48;70;62;73;64;68
BINGO CARABOBO;6555;14;13;5;15;6;29;21;16;24;30;33;38;43;41;46;56;55;60;50;74;63;69;61;75
BINGO CARABOBO;6556;11;4;13;1;6;17;19;22;28;27;39;41;38;43;59;54;51;53;52;67;73;68;69;74
BINGO CARABOBO;6557;10;14;5;3;7;21;23;25;29;18;32;40;45;34;49;56;58;50;55;62;72;75;70;65
BINGO CARABOBO;6558;9;8;12;2;15;26;20;16;24;30;35;33;31;37;57;60;47;48;46;64;63;61;66;71
BINGO CARABOBO;6559;11;15;5;6;12;26;21;20;22;18;42;34;37;33;55;56;48;51;57;65;71;63;66;67
BINGO CARABOBO;6560;13;1;2;9;7;23;30;28;16;25;32;43;35;45;50;58;52;53;46;70;72;75;64;68
BINGO CARABOBO;6561;8;4;10;14;3;19;29;24;27;17;38;39;40;41;49;47;54;59;60;69;73;62;61;74
BINGO CARABOBO;6562;8;14;4;3;1;17;22;24;28;25;43;34;35;31;55;53;51;50;58;66;64;70;71;65
BINGO CARABOBO;6563;11;12;13;10;15;18;23;20;16;27;40;45;39;36;49;57;54;56;59;72;74;61;73;67
BINGO CARABOBO;6564;7;6;5;2;9;29;19;26;30;21;41;37;44;33;47;48;60;52;46;69;68;63;75;62
BINGO CARABOBO;6565;4;6;15;3;7;29;22;24;21;20;37;42;44;32;48;51;52;55;46;73;72;74;69;71
BINGO CARABOBO;6566;10;11;12;8;9;17;23;28;30;19;45;36;39;34;59;54;56;50;53;61;65;66;67;70
BINGO CARABOBO;6567;14;5;2;1;13;25;27;18;26;16;40;41;43;33;58;49;57;60;47;64;68;63;75;62
BINGO CARABOBO;6568;4;3;2;13;6;21;30;20;29;16;32;33;41;40;52;49;58;57;56;68;66;73;67;62
BINGO CARABOBO;6569;11;9;12;15;8;22;25;23;19;18;39;42;35;34;55;50;47;46;51;72;64;61;69;65
BINGO CARABOBO;6570;10;5;7;14;1;26;27;17;28;24;43;31;45;37;59;53;48;54;60;63;71;74;70;75
BINGO CARABOBO;6571;10;6;7;14;2;19;25;17;26;27;38;43;40;37;56;55;60;47;49;61;65;71;75;70
BINGO CARABOBO;6572;8;3;9;4;11;24;29;30;20;22;41;33;39;35;46;53;58;54;51;67;74;66;68;73
BINGO CARABOBO;6573;13;12;5;1;15;23;28;16;18;21;42;32;44;45;48;52;57;50;59;69;62;64;72;63
BINGO CARABOBO;6574;9;13;10;2;3;17;23;22;16;19;33;36;31;37;53;59;52;55;58;66;73;63;71;64
BINGO CARABOBO;6575;7;15;6;5;4;28;20;24;26;21;39;42;44;40;56;50;57;48;47;68;67;72;69;74
BINGO CARABOBO;6576;11;12;1;8;14;29;18;27;30;25;35;41;32;45;60;46;51;54;49;65;70;75;62;61
BINGO CARABOBO;6577;10;13;15;1;5;23;24;25;26;20;34;43;40;37;57;47;54;60;55;70;72;69;74;64
BINGO CARABOBO;6578;11;8;4;6;7;22;27;16;17;18;44;39;35;38;48;52;50;46;59;65;63;66;68;75
BINGO CARABOBO;6579;9;14;2;12;3;21;28;29;19;30;33;36;42;45;58;51;49;56;53;71;62;67;61;73
BINGO CARABOBO;6580;13;1;14;8;6;26;27;23;18;25;42;38;44;34;57;56;48;54;49;70;61;67;72;68
BINGO CARABOBO;6581;15;12;3;10;9;20;16;30;28;19;39;43;41;36;50;51;53;55;59;66;64;74;69;71
BINGO CARABOBO;6582;11;5;2;7;4;17;29;21;22;24;40;32;45;33;47;58;46;52;60;65;73;63;62;75
BINGO CARABOBO;6583;4;9;8;13;15;24;28;17;23;27;45;37;38;31;56;59;51;49;58;69;61;64;66;63
BINGO CARABOBO;6584;1;12;11;3;2;22;18;25;16;19;43;35;42;39;60;53;52;54;55;68;70;67;71;72
BINGO CARABOBO;6585;10;6;7;14;5;29;21;26;20;30;34;44;41;33;50;47;48;46;57;65;74;62;75;73
BINGO CARABOBO;6586;5;6;12;4;8;25;19;26;16;24;42;32;39;40;47;60;46;48;50;62;71;65;66;74
BINGO CARABOBO;6587;11;10;14;2;9;18;21;28;20;29;43;34;35;36;58;49;52;51;56;72;63;75;69;73
BINGO CARABOBO;6588;13;3;7;15;1;23;22;27;30;17;45;31;44;33;55;59;54;57;53;64;68;70;67;61
BINGO CARABOBO;6589;7;10;8;1;6;27;16;19;18;22;45;35;36;44;53;54;55;52;60;69;68;65;62;72
BINGO CARABOBO;6590;3;11;14;4;15;26;17;24;25;28;42;43;31;38;51;48;58;57;50;63;67;73;66;74
BINGO CARABOBO;6591;13;9;2;5;12;21;29;23;20;30;37;34;41;32;46;59;49;56;47;70;71;61;75;64
BINGO CARABOBO;6592;3;9;8;15;6;28;22;27;18;23;33;42;32;38;59;47;51;54;60;70;68;62;65;64
BINGO CARABOBO;6593;13;1;14;4;7;30;26;24;21;25;39;40;44;35;50;46;56;52;57;71;69;72;75;66
BINGO CARABOBO;6594;10;2;5;12;11;20;19;17;16;29;34;41;43;36;55;49;53;58;48;63;67;73;74;61
BINGO CARABOBO;6595;8;4;7;14;3;20;22;29;16;19;36;45;38;44;47;53;48;55;59;62;67;71;75;63
BINGO CARABOBO;6596;12;6;15;5;10;23;26;25;30;17;40;42;35;32;52;54;57;51;60;72;73;66;65;70
BINGO CARABOBO;6597;11;2;1;9;13;18;28;24;27;21;37;39;34;43;56;46;58;49;50;74;68;64;61;69
BINGO CARABOBO;6598;3;12;10;7;6;23;16;19;27;26;34;36;42;35;47;51;54;56;55;62;64;70;72;69
BINGO CARABOBO;6599;9;5;8;13;15;22;18;25;24;20;41;33;32;44;59;48;50;57;53;65;63;66;67;68
BINGO CARABOBO;6600;4;2;14;11;1;28;29;21;17;30;38;37;45;31;60;49;46;58;52;75;74;73;61;71
BINGO CARABOBO;6601;14;4;7;8;5;24;19;20;16;22;34;32;37;39;57;56;50;49;54;69;72;66;70;63
BINGO CARABOBO;6602;12;6;15;2;3;29;21;26;28;25;43;35;36;42;60;51;48;46;58;73;74;75;68;64
BINGO CARABOBO;6603;13;9;1;10;11;27;23;18;17;30;44;45;31;41;59;55;53;47;52;65;62;61;71;67
BINGO CARABOBO;6604;5;8;9;13;15;23;18;26;19;22;39;45;43;35;52;51;54;60;47;63;72;61;64;69
BINGO CARABOBO;6605;6;11;4;3;12;21;27;28;17;25;34;42;36;31;49;58;48;50;56;65;66;70;71;62
BINGO CARABOBO;6606;2;7;14;1;10;30;29;24;16;20;32;37;40;38;55;57;53;59;46;68;67;73;75;74
BINGO CARABOBO;6607;13;7;12;6;15;24;23;27;17;19;44;40;34;42;60;57;50;58;52;68;73;65;69;72
BINGO CARABOBO;6608;11;4;10;2;1;21;22;26;16;30;41;43;39;45;46;54;51;56;55;74;63;71;64;70
BINGO CARABOBO;6609;8;3;9;5;14;25;28;18;20;29;32;36;31;33;49;53;47;59;48;75;66;62;67;61
BINGO CARABOBO;6610;14;6;2;5;8;18;28;30;27;17;41;31;37;38;57;60;54;48;59;67;66;64;69;68
BINGO CARABOBO;6611;13;3;9;10;15;26;25;23;24;22;35;44;45;40;53;49;55;58;47;73;63;72;74;71
BINGO CARABOBO;6612;12;1;7;4;11;21;20;19;29;16;42;33;34;32;56;50;46;51;52;61;62;70;75;65
BINGO CARABOBO;6613;6;3;1;11;15;20;19;22;29;21;34;40;36;41;46;57;59;51;58;73;63;70;66;69
BINGO CARABOBO;6614;7;13;4;5;9;18;25;26;17;16;43;32;35;39;48;47;53;50;55;62;61;71;65;74
BINGO CARABOBO;6615;2;10;12;8;14;27;30;28;23;24;31;42;37;45;49;54;56;52;60;67;68;72;64;75
BINGO CARABOBO;6616;1;3;4;6;12;23;21;17;18;19;33;37;38;45;58;46;59;49;53;74;66;63;72;71
BINGO CARABOBO;6617;13;15;9;11;10;26;20;28;30;29;39;42;35;40;57;60;47;55;50;70;69;73;62;64
BINGO CARABOBO;6618;8;7;14;5;2;25;27;22;16;24;36;44;41;32;51;54;56;48;52;67;68;65;61;75
BINGO CARABOBO;6619;5;8;4;12;7;22;18;20;27;30;36;37;39;41;55;59;52;56;47;70;63;73;65;66
BINGO CARABOBO;6620;15;13;11;9;1;19;26;17;23;28;44;40;34;45;49;54;50;48;51;67;64;68;74;69
BINGO CARABOBO;6621;6;3;10;14;2;16;24;21;25;29;33;38;32;35;53;57;60;58;46;62;61;75;71;72
BINGO CARABOBO;6622;15;4;8;1;2;29;25;24;23;30;45;33;35;43;49;59;51;54;47;72;66;71;64;68
BINGO CARABOBO;6623;12;9;3;10;13;27;19;26;18;20;34;39;37;32;53;52;57;58;56;73;74;65;69;63
BINGO CARABOBO;6624;5;11;6;14;7;21;22;17;28;16;31;41;40;42;55;48;50;46;60;62;70;61;67;75
BINGO CARABOBO;6625;7;12;8;10;2;17;22;26;19;29;37;40;39;42;60;50;48;57;53;67;70;74;66;72
BINGO CARABOBO;6626;11;14;9;3;6;18;25;24;20;27;36;38;33;35;54;59;52;55;58;65;75;63;71;69
BINGO CARABOBO;6627;4;13;1;15;5;21;28;30;16;23;32;34;45;31;49;46;51;56;47;61;73;64;62;68
BINGO CARABOBO;6628;8;11;14;12;2;22;27;16;28;21;34;32;44;38;47;48;58;59;52;71;61;62;68;65
BINGO CARABOBO;6629;5;4;7;6;10;29;26;25;30;23;42;37;31;43;54;51;60;50;57;67;70;75;64;72
BINGO CARABOBO;6630;1;15;9;13;3;20;24;18;19;17;36;35;40;41;53;55;46;56;49;69;63;66;73;74
BINGO CARABOBO;6631;9;4;8;3;13;25;17;24;20;27;39;36;43;37;52;59;49;48;47;72;71;61;64;63
BINGO CARABOBO;6632;5;7;6;14;12;28;26;23;18;29;38;34;42;31;55;54;58;51;50;73;62;68;74;66
BINGO CARABOBO;6633;11;10;15;2;1;21;16;30;22;19;35;44;45;33;53;56;57;46;60;67;75;65;69;70
BINGO CARABOBO;6634;4;7;2;15;3;20;29;30;25;18;32;42;44;43;47;52;56;60;51;64;74;62;63;65
BINGO CARABOBO;6635;11;14;13;6;8;21;24;27;19;16;37;45;33;38;49;53;58;57;50;67;71;73;61;70
BINGO CARABOBO;6636;1;12;9;10;5;26;23;17;28;22;39;36;31;40;54;46;48;55;59;69;68;72;75;66
BINGO CARABOBO;6637;3;10;14;5;15;27;28;17;20;29;36;40;44;42;58;57;49;51;48;65;70;67;68;64
BINGO CARABOBO;6638;13;1;7;2;6;19;26;21;24;18;32;37;45;31;59;55;54;56;53;73;66;61;75;71
BINGO CARABOBO;6639;9;8;4;11;12;25;16;30;22;23;34;38;33;39;50;47;52;60;46;69;74;63;62;72
BINGO CARABOBO;6640;8;3;5;15;1;18;17;24;22;28;33;42;40;37;54;57;53;47;58;64;62;74;65;68
BINGO CARABOBO;6641;10;12;14;11;4;25;27;29;26;19;38;44;43;35;49;50;51;48;59;63;66;73;71;67
BINGO CARABOBO;6642;9;6;2;7;13;21;16;23;20;30;39;34;32;41;52;60;46;55;56;69;70;72;61;75
BINGO CARABOBO;6643;8;10;3;14;13;26;18;19;22;25;40;45;42;39;49;59;54;55;46;74;68;63;67;65
BINGO CARABOBO;6644;11;2;4;7;15;24;17;23;29;20;43;35;33;37;56;57;47;58;50;66;73;69;64;62
BINGO CARABOBO;6645;6;9;5;1;12;27;21;30;16;28;36;41;31;44;52;51;60;53;48;72;71;61;75;70
BINGO CARABOBO;6646;14;12;2;7;10;30;26;21;24;23;36;34;45;32;57;56;50;53;58;74;66;62;67;68
BINGO CARABOBO;6647;3;13;8;4;15;25;27;22;28;29;42;38;43;31;49;55;48;51;59;69;71;75;72;73
BINGO CARABOBO;6648;6;9;5;11;1;19;20;18;16;17;33;39;35;44;47;54;46;60;52;70;64;65;63;61
BINGO CARABOBO;6649;7;2;5;11;14;17;25;29;26;28;41;44;39;35;50;49;48;55;54;61;69;64;72;63
BINGO CARABOBO;6650;10;4;12;9;13;23;18;27;20;21;36;45;34;43;51;60;47;53;52;71;74;66;68;65
BINGO CARABOBO;6651;8;6;1;3;15;16;22;30;24;19;33;42;31;37;57;56;58;59;46;73;67;70;62;75
BINGO CARABOBO;6652;2;1;5;12;7;19;25;22;20;26;32;42;36;34;55;59;51;50;54;63;64;62;66;75
BINGO CARABOBO;6653;3;9;10;11;8;28;23;24;18;30;33;31;38;43;58;56;48;60;47;73;74;70;71;67
BINGO CARABOBO;6654;14;6;4;15;13;16;27;29;17;21;37;41;35;45;53;46;52;49;57;69;68;72;65;61
BINGO CARABOBO;6655;13;11;7;3;4;23;24;17;27;25;39;37;33;38;52;54;50;55;57;73;67;65;72;66
BINGO CARABOBO;6656;9;12;14;1;6;20;21;29;22;28;42;34;35;41;58;56;59;48;49;63;74;69;70;62
BINGO CARABOBO;6657;10;15;8;5;2;26;16;30;18;19;40;36;45;43;51;47;53;46;60;71;68;64;75;61
BINGO CARABOBO;6658;7;1;2;10;13;23;18;25;21;24;40;41;37;44;51;59;58;48;47;71;75;63;65;64
BINGO CARABOBO;6659;3;9;15;11;4;27;26;29;17;20;31;43;34;38;49;60;54;46;55;74;68;61;66;70
BINGO CARABOBO;6660;14;6;12;5;8;22;19;28;16;30;33;32;45;39;52;56;53;50;57;62;69;67;73;72
BINGO CARABOBO;6661;5;13;12;11;3;20;23;30;25;26;32;42;37;44;58;55;54;52;49;72;62;64;66;71
BINGO CARABOBO;6662;2;9;6;4;7;16;24;28;18;21;38;34;41;39;53;57;50;51;47;68;69;67;74;73
BINGO CARABOBO;6663;8;10;14;15;1;19;27;22;29;17;36;31;33;45;46;59;48;56;60;63;70;65;75;61
BINGO CARABOBO;6664;14;1;6;11;12;30;19;20;18;22;41;31;34;42;49;55;54;57;50;64;71;62;61;66
BINGO CARABOBO;6665;15;4;3;9;2;17;29;21;26;27;43;35;45;33;56;52;53;46;58;70;74;67;65;69
BINGO CARABOBO;6666;8;10;7;13;5;28;23;24;16;25;37;39;38;36;59;51;47;48;60;73;72;63;68;75
BINGO CARABOBO;6667;6;8;5;3;13;24;26;27;23;17;35;40;33;45;53;58;52;46;56;64;72;73;67;69
BINGO CARABOBO;6668;15;1;2;7;11;21;20;16;28;29;34;38;43;37;59;47;54;55;48;68;70;65;62;66
BINGO CARABOBO;6669;12;14;9;10;4;19;22;25;30;18;44;36;31;41;51;57;50;60;49;71;63;74;61;75
BINGO CARABOBO;6670;8;13;14;12;3;20;18;23;26;28;31;35;45;41;52;54;57;48;51;61;63;73;66;68
BINGO CARABOBO;6671;15;1;10;6;11;27;24;25;17;21;33;44;36;39;60;49;58;46;53;75;69;65;70;71
BINGO CARABOBO;6672;5;7;4;2;9;22;19;29;16;30;40;37;34;43;55;50;47;59;56;72;67;62;74;64
BINGO CARABOBO;6673;2;3;13;6;4;25;21;26;22;24;35;38;44;43;60;54;57;56;50;71;72;62;74;69
BINGO CARABOBO;6674;14;7;15;10;9;16;27;23;20;30;42;32;33;41;51;47;46;49;58;65;66;73;70;75
BINGO CARABOBO;6675;8;5;11;1;12;28;18;19;17;29;31;39;36;37;48;52;59;55;53;63;64;68;61;67
BINGO CARABOBO;6676;11;4;12;10;3;27;20;26;24;17;31;38;42;37;54;59;60;47;57;62;72;63;69;64
BINGO CARABOBO;6677;7;13;8;9;2;21;25;30;22;18;41;44;39;32;51;52;49;48;56;71;73;65;70;61
BINGO CARABOBO;6678;14;5;1;6;15;19;29;28;16;23;35;36;33;45;55;50;58;53;46;74;66;68;67;75
BINGO CARABOBO;6679;10;8;14;9;1;21;19;28;29;24;37;40;36;31;55;52;49;47;51;62;68;71;61;75
BINGO CARABOBO;6680;12;15;3;4;6;26;17;20;30;23;35;34;33;42;60;46;58;57;53;73;65;64;70;67
BINGO CARABOBO;6681;5;7;11;13;2;22;18;25;27;16;39;43;32;41;54;56;50;59;48;69;72;66;74;63
BINGO CARABOBO;6682;5;11;4;8;15;16;30;19;28;21;36;32;37;42;50;55;51;56;48;65;64;68;62;69
BINGO CARABOBO;6683;9;3;10;2;7;23;18;25;22;26;39;35;44;38;49;58;54;53;52;73;72;61;66;67
BINGO CARABOBO;6684;6;12;1;13;14;27;29;20;17;24;34;33;45;41;59;57;46;60;47;74;63;71;75;70
BINGO CARABOBO;6685;6;11;5;9;10;20;18;26;30;27;33;43;44;42;50;57;49;56;54;66;75;65;71;73
BINGO CARABOBO;6686;8;12;4;3;7;23;19;21;25;17;36;32;34;41;53;58;52;59;48;69;72;61;62;63
BINGO CARABOBO;6687;1;13;14;15;2;22;24;28;16;29;35;40;45;39;47;51;60;55;46;67;70;74;68;64
BINGO CARABOBO;6688;13;12;3;11;10;19;18;22;26;23;43;32;35;39;58;50;48;56;57;64;67;70;74;66
BINGO CARABOBO;6689;8;2;7;5;1;24;30;17;25;29;31;41;33;45;52;54;60;47;59;68;72;69;71;61
BINGO CARABOBO;6690;14;15;4;9;6;21;16;27;28;20;36;38;37;34;53;51;49;55;46;65;62;73;75;63
BINGO CARABOBO;6691;8;14;11;7;5;25;26;16;20;18;35;32;40;42;52;60;59;47;56;70;64;74;73;69
BINGO CARABOBO;6692;10;3;4;2;6;19;30;22;23;28;34;44;43;36;54;57;50;58;53;62;75;71;61;67
BINGO CARABOBO;6693;13;15;1;12;9;24;27;29;21;17;38;45;41;33;46;48;49;51;55;65;66;68;63;72
BINGO CARABOBO;6694;5;9;13;7;12;17;21;19;24;25;39;37;43;40;56;57;54;47;60;69;65;62;68;73
BINGO CARABOBO;6695;8;10;3;1;15;28;20;29;16;22;38;36;35;32;58;51;49;50;53;72;66;61;67;64
BINGO CARABOBO;6696;6;11;14;2;4;26;18;27;30;23;41;31;33;45;48;52;55;59;46;70;74;71;75;63
BINGO CARABOBO;6697;11;9;2;8;1;28;29;22;30;17;44;41;31;33;47;51;50;46;53;64;71;75;72;63
BINGO CARABOBO;6698;14;13;7;15;4;25;23;18;20;24;35;34;43;42;58;59;54;55;57;74;66;62;67;68
BINGO CARABOBO;6699;12;6;10;3;5;21;26;16;19;27;37;32;45;38;49;56;52;48;60;69;70;65;73;61
BINGO CARABOBO;6700;14;4;10;8;2;29;24;26;28;19;40;37;39;36;59;57;50;54;58;62;68;69;74;75
BINGO CARABOBO;6701;9;3;6;5;11;25;23;21;18;20;42;31;33;45;53;52;51;49;48;63;70;72;65;67
BINGO CARABOBO;6702;7;15;13;12;1;17;30;22;27;16;44;38;41;32;56;55;60;47;46;64;66;73;61;71
BINGO CARABOBO;6703;10;9;11;8;4;27;29;22;23;20;32;38;33;41;49;51;53;50;56;65;71;69;66;61
BINGO CARABOBO;6704;1;14;3;12;5;18;25;21;19;26;31;43;37;35;57;60;52;54;55;64;67;68;70;73
BINGO CARABOBO;6705;15;6;7;2;13;28;17;24;16;30;36;34;39;45;58;48;47;59;46;72;74;63;75;62
BINGO CARABOBO;6706;13;14;15;11;5;23;17;28;24;26;40;31;37;42;50;58;59;54;60;68;62;67;66;72
BINGO CARABOBO;6707;8;2;9;6;4;18;19;25;21;27;43;39;41;33;47;56;52;48;53;65;69;64;73;61
BINGO CARABOBO;6708;10;3;7;12;1;22;29;16;30;20;35;44;38;32;55;51;49;46;57;75;71;70;63;74
BINGO CARABOBO;6709;8;10;14;5;1;19;27;28;16;29;38;32;42;40;57;58;54;56;59;61;71;68;74;72
BINGO CARABOBO;6710;6;13;12;4;9;21;30;22;18;23;39;41;36;44;48;55;53;47;60;67;73;63;69;70
BINGO CARABOBO;6711;11;3;15;2;7;24;20;25;17;26;45;37;31;43;46;52;50;49;51;65;66;62;64;75
BINGO CARABOBO;6712;13;4;14;6;10;29;18;23;24;16;43;38;37;35;49;56;51;59;54;70;64;71;74;63
BINGO CARABOBO;6713;12;9;8;7;1;17;21;27;22;30;40;33;39;34;53;50;57;52;48;73;65;75;62;68
BINGO CARABOBO;6714;15;3;2;11;5;20;25;26;28;19;44;41;45;31;58;60;46;47;55;66;72;69;61;67
BINGO CARABOBO;6715;12;3;11;13;10;29;21;26;24;27;44;34;38;35;51;58;47;57;55;62;75;66;67;72
BINGO CARABOBO;6716;1;4;7;14;9;20;23;17;18;19;42;31;33;43;49;54;53;56;50;64;65;61;74;68
BINGO CARABOBO;6717;2;8;6;5;15;30;28;16;25;22;41;37;40;32;59;48;60;46;52;70;73;69;63;71
BINGO CARABOBO;6718;12;10;5;6;8;23;26;20;24;19;33;42;32;31;47;53;59;52;56;72;74;75;63;64
BINGO CARABOBO;6719;14;1;3;2;11;27;25;28;22;17;36;39;35;41;48;54;49;57;51;62;69;70;66;67
BINGO CARABOBO;6720;13;15;9;7;4;21;18;16;30;29;44;37;45;38;55;58;50;60;46;71;61;73;65;68
BINGO CARABOBO;6721;5;4;7;2;8;29;28;23;27;19;39;33;32;41;53;52;58;47;48;71;68;63;62;64
BINGO CARABOBO;6722;10;13;6;9;12;20;17;22;25;21;45;37;36;43;49;50;54;59;55;70;73;67;69;72
BINGO CARABOBO;6723;11;3;1;15;14;18;26;24;16;30;31;34;40;44;46;56;51;57;60;65;74;66;75;61
BINGO CARABOBO;6724;15;13;5;12;7;23;20;28;19;24;40;33;32;35;49;54;59;51;50;63;64;69;70;71
BINGO CARABOBO;6725;10;9;4;14;8;21;30;18;16;22;44;34;41;45;47;52;55;53;56;61;68;74;72;66
BINGO CARABOBO;6726;3;11;1;6;2;27;25;26;17;29;43;37;31;42;57;48;46;58;60;62;65;73;67;75
BINGO CARABOBO;6727;12;2;8;11;1;19;23;18;25;24;38;44;36;37;54;56;59;51;57;75;66;73;62;65
BINGO CARABOBO;6728;13;5;14;10;6;30;21;28;27;22;32;40;42;35;55;47;48;52;50;64;74;67;71;70
BINGO CARABOBO;6729;3;7;4;9;15;29;17;20;26;16;33;34;31;45;58;53;49;46;60;69;61;68;72;63
BINGO CARABOBO;6730;13;5;10;3;11;26;16;19;21;23;40;41;42;36;50;58;59;53;49;74;64;71;63;72
BINGO CARABOBO;6731;14;12;4;9;15;29;28;22;24;25;38;43;37;35;56;54;51;55;60;66;69;67;65;62
BINGO CARABOBO;6732;6;7;8;2;1;27;17;20;18;30;45;34;31;44;48;52;46;47;57;68;73;70;75;61
BINGO CARABOBO;6733;1;4;3;8;12;17;20;18;27;21;36;37;42;35;50;47;53;59;52;65;73;64;70;63
BINGO CARABOBO;6734;11;10;13;14;6;22;19;24;16;29;41;38;31;40;56;60;54;58;55;67;66;69;71;74
BINGO CARABOBO;6735;2;9;15;7;5;23;28;25;30;26;39;32;45;43;51;48;46;49;57;62;68;72;75;61
BINGO CARABOBO;6736;8;12;3;2;9;17;21;22;26;28;42;31;40;45;58;52;55;53;51;71;70;63;62;72
BINGO CARABOBO;6737;6;4;14;1;5;29;25;19;23;20;39;32;44;33;50;59;48;57;54;73;66;69;75;61
BINGO CARABOBO;6738;7;11;15;13;10;16;24;27;30;18;37;36;34;43;56;60;46;49;47;74;67;65;68;64
BINGO CARABOBO;6739;11;4;7;9;12;24;18;25;17;21;37;31;43;36;56;58;48;50;52;75;72;73;71;61
BINGO CARABOBO;6740;14;2;6;10;8;26;23;19;27;30;44;33;38;34;55;47;46;57;54;69;70;62;74;65
BINGO CARABOBO;6741;5;15;3;1;13;29;22;20;28;16;41;40;45;35;59;60;51;53;49;66;67;64;68;63
BINGO CARABOBO;6742;15;13;7;2;10;18;21;24;16;23;34;31;32;38;46;53;55;51;47;69;71;72;68;74
BINGO CARABOBO;6743;6;14;9;5;11;30;25;28;19;29;42;35;41;43;60;59;54;56;50;65;61;70;67;64
BINGO CARABOBO;6744;1;8;12;4;3;26;22;17;20;27;44;37;36;39;49;52;48;58;57;75;66;63;73;62
BINGO CARABOBO;6745;12;5;7;3;11;19;24;25;30;21;44;38;34;39;50;58;48;49;54;62;65;69;72;71
BINGO CARABOBO;6746;2;8;13;6;14;28;16;17;22;23;45;42;33;36;47;51;60;55;57;74;68;66;61;73
BINGO CARABOBO;6747;9;10;1;4;15;20;27;26;29;18;35;32;31;41;56;52;46;53;59;70;64;75;63;67
BINGO CARABOBO;6748;11;3;10;15;12;19;16;20;27;25;44;32;40;42;59;53;55;47;54;69;74;67;75;63
BINGO CARABOBO;6749;4;5;8;1;9;21;22;29;28;30;36;41;45;35;57;46;60;49;51;70;64;66;65;72
BINGO CARABOBO;6750;7;6;13;2;14;17;26;24;23;18;37;34;33;43;48;50;56;58;52;68;73;62;71;61
BINGO CARABOBO;6751;12;1;7;11;14;26;20;21;19;22;44;36;38;39;58;51;54;59;50;68;63;67;70;69
BINGO CARABOBO;6752;6;9;8;5;15;24;17;29;30;23;33;42;31;41;56;49;52;57;46;64;72;73;61;62
BINGO CARABOBO;6753;4;3;10;13;2;28;27;16;25;18;35;37;40;43;55;53;48;47;60;66;74;71;75;65
BINGO CARABOBO;6754;14;5;10;12;8;23;28;29;22;20;40;35;32;33;56;48;53;52;60;74;73;67;71;63
BINGO CARABOBO;6755;11;9;13;7;6;27;21;16;26;25;42;34;43;37;50;58;46;59;49;68;61;72;69;64
BINGO CARABOBO;6756;3;2;4;1;15;19;30;24;18;17;44;38;45;31;51;55;54;57;47;66;65;70;75;62
BINGO CARABOBO;6757;2;6;14;4;5;29;22;23;20;25;32;34;42;44;49;56;52;51;58;66;74;61;68;70
BINGO CARABOBO;6758;9;3;7;8;12;30;18;16;27;19;41;35;40;31;55;48;53;46;54;72;65;69;71;75
BINGO CARABOBO;6759;10;1;13;11;15;26;24;21;28;17;39;38;45;37;57;59;50;47;60;62;63;73;64;67
BINGO CARABOBO;6760;10;13;7;8;1;18;26;17;27;20;43;41;34;38;51;56;50;49;55;66;64;71;65;74
BINGO CARABOBO;6761;9;11;2;15;6;24;16;25;29;28;40;42;36;35;54;58;52;57;59;73;68;63;70;69
BINGO CARABOBO;6762;4;12;5;3;14;21;23;22;30;19;32;33;44;37;46;47;48;53;60;75;62;67;61;72
BINGO CARABOBO;6763;3;5;12;14;8;25;17;28;16;19;43;38;32;34;50;46;52;54;55;66;70;65;64;62
BINGO CARABOBO;6764;1;7;10;2;9;18;29;21;22;26;39;35;36;31;51;53;60;57;49;68;74;67;72;73
BINGO CARABOBO;6765;13;6;11;4;15;27;30;23;20;24;42;37;44;45;48;47;58;56;59;69;75;63;71;61
BINGO CARABOBO;6766;1;2;14;6;3;27;29;26;30;19;43;40;36;34;60;51;53;54;57;73;68;70;69;63
BINGO CARABOBO;6767;9;13;8;10;7;23;16;21;20;18;33;38;39;37;46;52;56;50;48;66;65;72;71;62
BINGO CARABOBO;6768;12;11;4;5;15;25;17;22;28;24;31;35;32;45;58;49;55;59;47;67;61;75;74;64
BINGO CARABOBO;6769;10;15;5;3;6;28;29;21;23;30;38;44;34;35;58;47;54;53;49;70;72;64;73;62
BINGO CARABOBO;6770;7;4;13;12;9;17;19;26;18;20;41;33;42;40;56;46;55;48;52;67;69;68;74;65
BINGO CARABOBO;6771;14;1;2;8;11;24;25;27;22;16;32;43;36;45;51;59;50;60;57;63;71;66;61;75
BINGO CARABOBO;6772;8;11;7;2;1;26;28;24;18;27;44;40;33;36;58;56;49;59;48;71;62;72;73;67
BINGO CARABOBO;6773;4;5;6;15;3;20;21;16;29;19;41;34;43;35;51;50;53;52;54;69;66;63;68;70
BINGO CARABOBO;6774;10;9;13;14;12;30;23;17;22;25;38;42;45;31;57;60;46;55;47;65;74;64;61;75
BINGO CARABOBO;6775;5;6;2;9;10;21;25;28;23;22;37;35;32;40;53;57;59;56;51;66;62;74;64;71
BINGO CARABOBO;6776;11;7;15;8;1;19;17;26;18;24;39;44;43;45;55;47;58;48;46;75;61;67;68;69
BINGO CARABOBO;6777;13;12;4;14;3;27;29;16;30;20;42;36;31;33;60;49;50;52;54;72;65;70;73;63
BINGO CARABOBO;6778;14;13;6;12;1;27;18;29;30;17;38;42;37;43;57;59;46;60;56;66;71;68;63;67
BINGO CARABOBO;6779;5;9;15;10;7;23;25;24;16;19;31;39;45;33;50;52;53;49;54;69;74;65;70;73
BINGO CARABOBO;6780;3;8;4;11;2;22;28;21;20;26;41;34;40;44;51;58;55;48;47;72;64;75;61;62
BINGO CARABOBO;6781;15;4;1;9;2;21;24;26;25;29;38;44;43;37;50;47;49;48;55;74;73;69;70;64
BINGO CARABOBO;6782;10;5;8;14;7;18;23;27;22;30;36;39;40;33;51;57;58;53;52;66;61;68;75;67
BINGO CARABOBO;6783;12;11;13;6;3;19;17;28;20;16;41;42;31;34;56;54;46;59;60;65;72;62;71;63
BINGO CARABOBO;6784;13;4;3;10;6;23;17;22;18;20;43;37;39;31;58;56;46;49;59;65;73;70;68;67
BINGO CARABOBO;6785;9;12;8;14;11;27;28;25;19;26;33;34;32;41;57;53;51;52;60;74;72;61;66;75
BINGO CARABOBO;6786;7;1;2;5;15;29;24;30;21;16;36;45;38;35;48;54;47;50;55;62;63;64;69;71
BINGO CARABOBO;6787;6;15;3;7;5;22;24;25;21;26;41;36;43;35;49;59;50;46;51;70;74;64;68;75
BINGO CARABOBO;6788;13;2;10;14;8;18;23;20;29;30;39;42;38;44;56;48;54;53;57;71;72;73;67;63
BINGO CARABOBO;6789;4;1;11;12;9;28;17;27;16;19;34;40;45;32;55;60;52;58;47;65;61;66;69;62
BINGO CARABOBO;6790;10;4;8;9;7;17;24;19;16;27;41;35;42;34;51;46;50;53;52;75;62;68;71;67
BINGO CARABOBO;6791;11;12;13;14;3;29;30;22;28;18;40;44;39;32;56;54;58;59;57;63;70;69;66;73
BINGO CARABOBO;6792;6;5;1;2;15;21;23;26;20;25;43;45;31;36;48;55;49;47;60;65;72;64;61;74
BINGO CARABOBO;6793;10;4;2;3;9;19;29;28;18;20;40;37;35;43;51;46;55;59;54;74;62;70;64;75
BINGO CARABOBO;6794;1;12;7;6;14;26;30;17;24;21;38;32;34;41;56;48;50;47;58;65;67;68;66;72
BINGO CARABOBO;6795;13;5;15;11;8;25;22;23;27;16;44;42;39;45;57;52;49;53;60;63;71;69;61;73
BINGO CARABOBO;6796;9;6;4;10;13;27;28;21;18;17;44;36;40;42;47;48;50;59;57;66;62;71;73;64
BINGO CARABOBO;6797;7;8;3;15;11;16;24;23;29;26;41;35;32;38;58;54;56;55;52;72;74;63;67;68
BINGO CARABOBO;6798;5;12;1;14;2;20;22;25;30;19;34;33;45;39;53;51;49;46;60;69;65;61;75;70
BINGO CARABOBO;6799;10;4;14;3;8;21;20;17;23;27;35;32;44;43;55;53;46;50;49;74;73;67;69;72
BINGO CARABOBO;6800;9;2;12;13;11;18;29;19;30;26;45;33;39;40;59;54;56;47;57;65;62;70;63;68
BINGO CARABOBO;6801;5;1;7;15;6;24;22;16;25;28;41;34;37;36;58;60;52;51;48;61;71;75;64;66
BINGO CARABOBO;6802;5;12;8;11;13;24;19;22;27;30;32;33;35;38;48;51;47;49;58;72;70;68;74;73
BINGO CARABOBO;6803;10;1;4;9;14;26;20;18;21;23;36;42;39;40;59;53;55;52;57;64;62;65;69;67
BINGO CARABOBO;6804;7;6;2;15;3;17;29;16;25;28;45;41;34;44;50;60;54;56;46;71;66;75;61;63
BINGO CARABOBO;6805;13;12;7;2;6;27;26;29;21;16;41;33;43;34;53;50;52;59;60;68;73;64;72;61
BINGO CARABOBO;6806;1;5;10;14;9;25;18;24;28;22;37;45;36;32;58;56;54;51;47;65;63;71;62;69
BINGO CARABOBO;6807;4;3;8;11;15;19;23;20;30;17;40;35;44;38;49;46;48;55;57;74;67;66;75;70
BINGO CARABOBO;6808;11;12;10;5;2;21;19;23;17;20;44;43;39;32;55;53;52;57;59;71;73;69;65;67
BINGO CARABOBO;6809;15;6;14;3;4;26;18;24;27;29;41;40;42;33;47;54;49;51;60;68;61;63;72;74
BINGO CARABOBO;6810;8;9;7;13;1;22;25;16;30;28;45;35;38;34;58;50;48;46;56;75;66;70;64;62
BINGO CARABOBO;6811;6;7;4;12;10;19;26;20;28;30;45;40;42;32;59;58;53;55;47;71;64;65;69;67
BINGO CARABOBO;6812;8;3;14;15;5;18;25;17;27;22;35;34;41;31;50;48;56;54;57;68;70;61;73;74
BINGO CARABOBO;6813;13;1;9;2;11;24;21;23;29;16;37;39;44;36;52;49;46;51;60;72;63;62;75;66
BINGO CARABOBO;6814;4;9;12;7;8;22;19;18;17;25;41;45;32;39;50;60;58;47;54;62;74;66;64;72
BINGO CARABOBO;6815;3;5;6;11;14;24;23;20;28;29;37;33;42;43;48;53;56;57;59;63;68;61;65;73
BINGO CARABOBO;6816;2;13;10;15;1;27;30;21;16;26;40;34;38;44;52;49;55;46;51;70;67;71;75;69
BINGO CARABOBO;6817;9;13;8;11;4;27;28;17;23;24;43;31;34;41;48;53;51;46;57;73;65;64;67;61
BINGO CARABOBO;6818;1;2;14;12;10;26;21;20;16;22;38;36;35;39;55;59;52;56;58;68;63;69;72;66
BINGO CARABOBO;6819;5;7;3;6;15;29;18;25;19;30;37;44;42;32;47;54;60;50;49;71;70;74;75;62
BINGO CARABOBO;6820;9;2;14;7;10;16;19;28;25;21;39;33;32;41;48;60;53;52;46;73;65;74;66;62
BINGO CARABOBO;6821;15;4;11;6;12;23;24;22;27;17;44;42;34;36;55;57;50;58;51;67;69;68;71;75
BINGO CARABOBO;6822;3;1;8;5;13;20;26;30;18;29;40;37;45;31;56;49;54;59;47;63;72;61;64;70
BINGO CARABOBO;6823;14;12;11;7;8;19;25;17;18;30;32;44;43;38;60;49;59;53;51;72;73;75;67;62
BINGO CARABOBO;6824;6;10;5;2;1;27;28;24;20;26;37;39;33;34;56;54;47;57;46;69;61;70;71;64
BINGO CARABOBO;6825;3;4;9;15;13;22;21;16;29;23;40;31;35;45;50;52;55;58;48;66;65;74;68;63
BINGO CARABOBO;6826;8;10;5;4;9;24;22;19;27;23;33;42;43;36;56;59;47;51;57;68;62;66;67;65
BINGO CARABOBO;6827;1;12;6;13;14;20;28;29;21;25;41;39;45;37;58;46;50;54;52;70;63;61;73;71
BINGO CARABOBO;6828;3;7;11;2;15;26;18;16;30;17;35;40;44;38;53;60;49;55;48;72;74;75;64;69
BINGO CARABOBO;6829;2;10;14;12;7;24;17;28;27;21;41;33;37;36;59;50;52;55;51;72;63;64;66;62
BINGO CARABOBO;6830;4;5;11;3;13;16;29;25;23;19;34;39;32;31;46;57;56;47;49;65;69;68;61;73
BINGO CARABOBO;6831;6;8;15;1;9;26;18;30;20;22;38;43;35;45;54;58;60;53;48;74;67;71;75;70
BINGO CARABOBO;6832;1;12;2;9;4;25;24;30;23;29;34;33;43;37;52;54;51;60;59;73;64;61;66;69
BINGO CARABOBO;6833;10;13;3;11;15;22;27;16;28;18;39;44;45;38;49;47;48;50;56;65;67;75;62;71
BINGO CARABOBO;6834;7;5;8;14;6;20;26;17;19;21;36;40;42;31;53;57;46;58;55;72;74;68;70;63
BINGO CARABOBO;6835;14;4;9;6;1;21;27;20;24;17;35;43;39;37;57;47;60;55;49;72;69;64;70;66
BINGO CARABOBO;6836;13;5;7;11;8;26;19;25;18;23;40;33;36;41;46;58;50;52;48;67;75;73;71;65
BINGO CARABOBO;6837;12;10;3;2;15;29;30;28;16;22;45;32;38;34;51;59;54;53;56;61;74;63;68;62
BINGO CARABOBO;6838;15;13;7;9;12;18;16;26;28;29;39;37;33;32;50;47;56;48;46;67;74;66;73;71
BINGO CARABOBO;6839;4;5;8;11;2;27;25;23;17;20;42;38;41;34;57;52;55;60;49;69;65;72;62;64
BINGO CARABOBO;6840;10;1;6;14;3;24;19;21;22;30;36;43;31;40;54;51;58;53;59;63;70;75;68;61
BINGO CARABOBO;6841;2;5;11;12;15;28;27;18;20;22;39;37;38;45;58;48;46;52;49;71;63;62;65;66
BINGO CARABOBO;6842;10;6;8;9;7;21;26;29;24;19;44;36;40;31;55;51;47;53;50;74;61;69;70;68
BINGO CARABOBO;6843;13;3;4;1;14;17;23;25;16;30;41;32;43;35;56;59;60;54;57;64;75;73;72;67
BINGO CARABOBO;6844;12;14;7;11;4;23;29;20;17;22;38;44;39;34;47;48;54;56;58;65;66;64;69;62
BINGO CARABOBO;6845;5;9;6;8;3;26;21;19;24;25;36;33;40;45;51;59;52;57;50;75;67;72;68;61
BINGO CARABOBO;6846;15;2;1;10;13;30;16;27;28;18;42;43;37;32;53;55;60;49;46;74;73;63;71;70
BINGO CARABOBO;6847;5;14;9;8;13;29;18;22;25;30;41;36;39;40;57;55;52;60;47;72;73;69;64;67
BINGO CARABOBO;6848;4;2;6;10;12;26;27;20;17;19;45;34;38;43;48;49;51;59;56;66;62;74;71;63
BINGO CARABOBO;6849;7;3;1;15;11;16;23;24;28;21;42;32;44;31;46;54;58;53;50;70;75;61;65;68
BINGO CARABOBO;6850;10;6;3;12;2;28;26;19;25;18;42;41;43;45;49;53;46;52;54;71;75;67;63;66
BINGO CARABOBO;6851;4;13;8;11;14;16;17;22;24;29;32;40;39;38;57;55;47;51;50;74;73;65;69;72
BINGO CARABOBO;6852;9;5;15;1;7;21;20;27;30;23;35;44;31;34;60;58;56;48;59;64;70;62;61;68
BINGO CARABOBO;6853;10;3;7;5;12;27;30;21;20;29;36;32;38;42;52;49;56;46;58;72;74;66;71;61
BINGO CARABOBO;6854;11;2;14;9;13;28;23;18;24;25;34;37;39;45;48;53;47;50;59;70;69;68;62;63
BINGO CARABOBO;6855;8;15;4;6;1;22;17;16;19;26;33;43;44;40;57;54;55;60;51;67;65;64;73;75
BINGO CARABOBO;6856;8;13;14;4;5;28;26;27;25;29;44;37;41;40;53;59;49;54;48;66;73;74;72;62
BINGO CARABOBO;6857;9;1;11;6;10;22;20;23;18;24;38;43;39;31;55;50;52;60;57;64;68;69;67;71
BINGO CARABOBO;6858;3;15;7;2;12;16;19;21;30;17;34;42;33;36;56;46;51;47;58;63;61;70;65;75
BINGO CARABOBO;6859;3;2;14;11;7;19;20;23;18;27;33;38;45;40;47;53;52;58;50;72;66;67;65;71
BINGO CARABOBO;6860;9;10;8;12;6;30;21;29;25;17;44;43;41;32;57;55;54;59;48;73;75;70;64;68
BINGO CARABOBO;6861;4;13;1;15;5;24;16;26;28;22;39;42;36;31;46;51;49;56;60;62;63;69;74;61
BINGO CARABOBO;6862;2;10;14;13;4;28;16;20;19;29;43;35;32;45;46;47;51;57;55;68;70;71;73;75
BINGO CARABOBO;6863;6;7;5;8;11;21;25;26;30;18;36;31;40;44;50;52;59;56;60;63;69;64;67;65
BINGO CARABOBO;6864;9;1;15;12;3;23;27;22;24;17;34;41;39;38;49;58;53;54;48;66;62;74;61;72
BINGO CARABOBO;6865;14;9;6;12;8;30;20;23;29;19;31;42;34;39;49;58;56;55;50;66;68;75;69;64
BINGO CARABOBO;6866;7;11;1;10;13;24;21;18;22;26;41;44;43;38;52;47;46;51;59;63;61;70;67;65
BINGO CARABOBO;6867;4;3;15;2;5;25;16;28;27;17;40;35;45;32;53;48;57;54;60;72;73;71;62;74
BINGO CARABOBO;6868;6;14;9;12;2;22;29;20;23;24;40;32;36;34;53;58;59;57;56;61;68;72;69;65
BINGO CARABOBO;6869;11;3;13;15;7;26;27;17;21;25;44;31;35;37;49;52;51;47;55;73;64;66;74;62
BINGO CARABOBO;6870;4;5;8;1;10;18;19;28;30;16;43;41;39;45;60;54;48;50;46;67;63;70;75;71
BINGO CARABOBO;6871;10;8;15;13;5;21;20;29;28;24;37;39;38;40;57;51;53;56;55;71;62;69;63;70
BINGO CARABOBO;6872;12;3;2;9;11;30;17;18;26;22;43;44;33;42;50;54;47;58;48;67;74;61;68;65
BINGO CARABOBO;6873;4;6;14;7;1;25;23;19;27;16;31;45;32;41;52;59;46;60;49;72;73;66;75;64
BINGO CARABOBO;6874;6;9;10;12;4;17;18;20;28;16;39;38;45;36;54;47;53;49;56;64;65;68;72;71
BINGO CARABOBO;6875;2;13;5;15;1;22;25;26;24;29;34;32;35;43;55;58;52;51;50;62;63;67;74;69
BINGO CARABOBO;6876;8;11;7;3;14;19;21;30;23;27;42;41;31;44;59;57;46;60;48;61;70;66;73;75
BINGO CARABOBO;6877;2;14;9;7;8;23;21;28;22;17;32;43;42;31;51;58;50;57;59;70;62;68;73;72
BINGO CARABOBO;6878;12;13;6;5;10;27;25;24;29;18;37;33;35;45;56;47;48;46;53;67;64;75;74;71
BINGO CARABOBO;6879;3;4;1;11;15;16;20;26;19;30;40;38;41;44;54;55;60;52;49;61;66;65;69;63
BINGO CARABOBO;6880;11;10;5;6;7;20;24;29;18;23;41;44;33;39;52;58;50;59;57;68;63;66;74;64
BINGO CARABOBO;6881;14;4;9;8;2;19;27;21;17;28;32;37;34;35;54;46;48;51;49;65;70;72;71;69
BINGO CARABOBO;6882;13;15;3;12;1;25;26;22;30;16;38;40;36;43;56;60;55;53;47;61;67;62;75;73
BINGO CARABOBO;6883;13;4;12;14;3;26;19;24;17;25;38;42;31;34;52;53;51;55;49;63;71;72;66;64
BINGO CARABOBO;6884;9;6;8;2;5;21;20;27;22;30;40;33;39;36;54;56;50;60;59;67;65;61;69;73
BINGO CARABOBO;6885;11;15;1;10;7;28;29;23;18;16;37;44;43;35;47;46;48;57;58;68;70;75;62;74
BINGO CARABOBO;6886;11;14;8;13;2;23;25;24;28;17;37;40;45;44;47;56;53;60;54;73;64;74;67;75
BINGO CARABOBO;6887;7;12;3;10;15;27;18;20;21;29;43;42;39;35;49;58;57;52;46;63;68;66;71;69
BINGO CARABOBO;6888;6;1;4;9;5;22;19;30;16;26;38;33;34;31;55;51;48;50;59;65;61;72;70;62
BINGO CARABOBO;6889;1;15;7;13;12;19;24;28;27;18;42;32;37;39;54;51;55;60;53;68;61;65;64;70
BINGO CARABOBO;6890;2;14;5;6;9;17;29;23;26;25;40;36;34;33;49;46;57;47;48;69;75;67;74;72
BINGO CARABOBO;6891;3;4;10;8;11;22;30;20;16;21;43;38;45;35;58;52;56;50;59;71;73;62;63;66
BINGO CARABOBO;6892;5;8;15;13;6;22;28;30;19;26;31;33;34;35;50;49;56;46;54;67;73;62;65;74
BINGO CARABOBO;6893;9;2;10;11;12;24;23;29;16;17;45;43;42;37;55;59;57;47;58;61;69;68;63;66
BINGO CARABOBO;6894;7;3;4;1;14;27;20;21;25;18;38;44;36;41;51;60;48;52;53;72;75;70;64;71
BINGO CARABOBO;6895;2;1;4;10;12;18;21;28;27;23;41;43;39;33;58;54;56;55;60;66;71;73;62;70
BINGO CARABOBO;6896;7;11;13;3;9;20;26;24;19;25;40;34;44;37;49;50;57;53;46;68;69;67;72;64
BINGO CARABOBO;6897;8;15;14;6;5;30;29;22;17;16;36;35;42;31;51;47;52;48;59;74;75;63;61;65
BINGO CARABOBO;6898;3;5;7;4;12;17;18;29;25;19;45;36;42;33;55;49;54;59;51;70;65;68;69;62
BINGO CARABOBO;6899;6;14;10;9;13;26;28;20;24;30;40;41;38;39;57;53;60;52;56;63;66;72;64;71
BINGO CARABOBO;6900;2;1;15;8;11;23;22;21;16;27;43;32;44;31;50;48;58;47;46;67;75;73;74;61
BINGO CARABOBO;6901;9;11;14;3;8;24;18;26;28;25;32;44;39;38;54;56;48;50;58;74;68;69;62;70
BINGO CARABOBO;6902;13;7;5;15;4;17;19;23;16;22;34;35;36;37;52;55;53;51;57;71;75;65;63;66
BINGO CARABOBO;6903;6;12;2;10;1;21;29;20;27;30;41;43;45;31;59;49;46;47;60;73;72;64;67;61
BINGO CARABOBO;6904;7;13;6;15;4;27;30;21;24;26;41;36;37;34;58;51;59;53;52;72;65;68;71;64
BINGO CARABOBO;6905;11;12;2;14;5;20;23;16;29;22;45;40;44;33;48;56;47;60;55;63;74;66;70;75
BINGO CARABOBO;6906;1;9;3;10;8;19;18;25;28;17;39;38;42;32;46;50;57;49;54;69;67;62;73;61
BINGO CARABOBO;6907;9;4;8;11;10;16;20;25;27;24;37;41;43;39;49;59;58;55;51;69;68;74;72;71
BINGO CARABOBO;6908;14;2;3;5;6;19;18;28;26;29;33;40;45;38;53;60;47;52;48;63;70;73;67;61
BINGO CARABOBO;6909;12;13;7;1;15;22;21;23;17;30;36;31;35;32;54;50;56;57;46;62;65;75;66;64
BINGO CARABOBO;6910;9;7;2;14;5;21;23;17;29;28;42;43;33;36;48;50;51;58;60;65;71;62;64;72
BINGO CARABOBO;6911;11;1;3;13;8;19;22;24;18;27;32;37;41;38;57;49;52;55;47;70;66;67;75;68
BINGO CARABOBO;6912;12;10;6;15;4;16;30;25;20;26;40;39;31;45;56;53;54;59;46;69;73;63;61;74
BINGO CARABOBO;6913;4;5;7;12;14;23;18;28;29;20;39;32;33;41;48;49;52;56;46;64;62;71;70;72
BINGO CARABOBO;6914;2;10;13;15;3;27;30;19;17;26;44;36;42;37;51;53;60;54;50;69;73;65;67;68
BINGO CARABOBO;6915;6;11;9;1;8;24;21;16;25;22;31;43;45;35;58;59;55;57;47;75;63;66;74;61
BINGO CARABOBO;6916;10;8;15;7;3;19;20;27;29;18;36;31;44;32;56;52;54;59;47;62;72;63;65;67
BINGO CARABOBO;6917;2;12;4;9;6;22;25;21;28;17;45;40;35;39;58;51;46;48;49;64;71;73;68;75
BINGO CARABOBO;6918;5;13;11;1;14;23;16;24;26;30;38;41;43;37;50;60;57;55;53;66;61;70;69;74
BINGO CARABOBO;6919;11;14;8;2;13;20;19;27;17;16;40;43;34;39;55;53;56;49;52;69;75;67;73;63
BINGO CARABOBO;6920;7;4;9;12;3;25;29;23;28;26;31;36;38;37;54;59;60;46;58;66;72;62;71;68
BINGO CARABOBO;6921;10;5;15;1;6;18;24;30;21;22;33;45;35;32;50;51;47;57;48;70;61;64;74;65
BINGO CARABOBO;6922;11;6;8;2;10;20;25;17;28;30;41;40;43;34;47;59;55;50;52;67;71;64;70;65
BINGO CARABOBO;6923;13;12;1;3;4;22;21;29;16;23;36;38;37;35;57;51;54;58;56;73;62;74;66;69
BINGO CARABOBO;6924;9;15;14;7;5;26;27;18;24;19;44;33;31;45;49;48;53;60;46;61;68;63;75;72
BINGO CARABOBO;6925;12;14;13;3;1;28;16;29;22;21;37;38;35;44;49;60;59;47;50;67;66;73;62;65
BINGO CARABOBO;6926;6;8;9;10;4;23;19;24;17;20;39;36;45;34;53;48;54;46;56;69;68;71;75;61
BINGO CARABOBO;6927;2;11;7;5;15;26;27;18;25;30;33;31;42;40;58;51;57;55;52;70;64;72;63;74
BINGO CARABOBO;6928;6;11;13;15;4;29;22;18;23;27;37;41;39;38;54;50;51;49;56;73;62;65;64;72
BINGO CARABOBO;6929;8;5;1;14;12;28;25;19;26;20;35;33;32;36;55;60;52;59;46;63;69;74;66;67
BINGO CARABOBO;6930;10;2;9;7;3;16;17;30;21;24;43;34;31;44;47;53;57;58;48;75;70;71;68;61
BINGO CARABOBO;6931;13;8;7;10;3;20;21;27;22;23;43;34;31;38;56;47;51;58;54;62;66;67;65;69
BINGO CARABOBO;6932;1;2;6;14;12;28;30;18;25;19;32;37;40;41;57;49;48;55;59;74;61;68;73;63
BINGO CARABOBO;6933;11;5;9;4;15;17;26;24;29;16;33;39;42;36;52;50;53;60;46;64;75;72;70;71
BINGO CARABOBO;6934;6;11;9;5;15;16;19;24;17;23;42;45;32;36;56;47;49;52;59;71;68;69;66;75
BINGO CARABOBO;6935;1;7;4;8;12;20;26;29;22;30;40;44;35;38;58;57;55;60;51;67;62;63;73;70
BINGO CARABOBO;6936;10;3;13;14;2;21;18;27;28;25;41;39;31;43;54;46;50;53;48;74;72;64;65;61
BINGO CARABOBO;6937;10;11;6;7;1;19;25;23;16;27;35;43;41;44;50;58;52;48;54;67;64;69;68;62
BINGO CARABOBO;6938;4;9;2;8;13;29;18;17;28;21;36;38;37;34;47;49;60;55;46;63;74;72;65;71
BINGO CARABOBO;6939;3;12;14;5;15;22;26;24;30;20;32;39;31;45;57;53;56;51;59;75;66;73;61;70
BINGO CARABOBO;6940;2;3;14;12;11;18;19;23;25;29;44;32;39;41;59;54;55;47;53;73;68;72;67;63
BINGO CARABOBO;6941;4;5;9;15;8;22;27;26;16;21;36;40;45;35;57;46;50;49;52;70;64;66;65;74
BINGO CARABOBO;6942;10;7;13;6;1;20;17;30;28;24;37;34;33;43;51;56;60;48;58;71;61;69;62;75
BINGO CARABOBO;6943;11;15;5;9;1;26;21;24;25;23;36;43;32;42;56;50;53;57;49;66;62;65;69;68
BINGO CARABOBO;6944;13;2;8;6;3;27;18;19;22;28;38;39;37;40;55;51;58;47;54;71;75;64;70;63
BINGO CARABOBO;6945;4;12;10;14;7;29;30;16;17;20;41;33;31;35;59;60;52;46;48;72;74;73;61;67
BINGO CARABOBO;6946;2;5;11;13;9;26;16;28;29;25;45;31;42;41;55;53;59;58;50;68;63;72;62;71
BINGO CARABOBO;6947;6;4;3;7;14;20;27;21;30;22;43;33;40;35;46;56;57;52;47;73;70;74;67;65
BINGO CARABOBO;6948;10;12;15;1;8;19;23;18;24;17;39;37;44;34;49;51;60;54;48;64;66;69;61;75
BINGO CARABOBO;6949;4;6;15;8;5;25;22;19;28;16;32;42;31;45;50;56;49;53;57;62;61;64;73;71
BINGO CARABOBO;6950;10;11;3;2;12;26;20;17;29;23;43;36;40;34;59;52;55;47;54;72;68;70;74;63
BINGO CARABOBO;6951;7;13;9;1;14;27;18;24;21;30;39;41;44;33;60;58;48;46;51;66;67;65;69;75
BINGO CARABOBO;6952;5;15;10;11;2;21;28;23;29;24;45;43;38;41;46;59;53;56;55;71;68;62;66;65
BINGO CARABOBO;6953;9;12;3;6;13;26;18;27;16;20;34;31;40;39;54;48;52;57;50;75;70;64;72;63
BINGO CARABOBO;6954;1;8;7;4;14;25;22;17;30;19;42;37;44;32;60;49;47;58;51;67;73;69;61;74
BINGO CARABOBO;6955;13;12;6;9;11;30;22;18;21;25;39;35;42;44;57;56;48;60;46;64;67;63;62;74
BINGO CARABOBO;6956;5;14;4;15;2;23;27;20;26;19;41;34;36;43;58;51;59;52;47;69;75;65;70;73
BINGO CARABOBO;6957;8;3;1;10;7;24;28;16;29;17;45;38;32;31;54;53;55;49;50;66;61;71;72;68
BINGO CARABOBO;6958;13;12;10;2;8;21;27;19;28;17;40;38;43;35;54;59;56;47;51;69;65;75;67;63
BINGO CARABOBO;6959;1;11;15;4;3;26;29;20;23;22;32;37;39;36;53;50;49;46;58;64;62;70;71;74
BINGO CARABOBO;6960;6;9;7;5;14;30;24;25;18;16;45;33;44;42;55;57;48;60;52;66;73;72;68;61
BINGO CARABOBO;6961;3;8;14;13;15;26;25;24;20;16;32;44;42;43;59;52;46;55;48;66;64;63;69;73
BINGO CARABOBO;6962;2;1;10;12;6;29;18;27;30;28;36;41;35;37;57;58;51;60;49;61;70;67;71;75
BINGO CARABOBO;6963;9;4;5;11;7;19;21;22;17;23;33;39;31;40;47;53;54;56;50;74;65;68;62;72
BINGO CARABOBO;6964;3;6;2;13;15;29;28;26;20;23;41;34;43;45;58;53;60;55;57;72;73;66;69;61
BINGO CARABOBO;6965;14;5;8;11;1;21;18;27;30;19;33;40;42;36;47;59;49;52;54;63;62;70;68;71
BINGO CARABOBO;6966;7;10;12;9;4;25;16;24;22;17;39;31;44;37;46;48;51;56;50;67;74;65;75;64
BINGO CARABOBO;6967;13;6;7;11;9;20;24;27;22;21;41;31;43;34;56;59;50;53;47;69;64;71;73;66
BINGO CARABOBO;6968;10;5;15;2;12;18;17;26;29;16;35;39;38;42;52;48;51;57;58;75;70;61;63;65
BINGO CARABOBO;6969;8;3;1;14;4;25;30;23;19;28;40;44;33;37;55;49;46;54;60;62;72;67;74;68
BINGO CARABOBO;6970;6;11;2;14;12;19;24;20;26;17;35;37;32;33;57;60;53;52;54;62;65;63;73;69
BINGO CARABOBO;6971;1;5;15;13;9;29;28;25;18;16;38;40;31;42;50;48;51;46;55;70;74;68;71;72
BINGO CARABOBO;6972;7;3;8;10;4;23;30;22;27;21;44;34;36;45;49;58;56;59;47;61;67;75;66;64
BINGO CARABOBO;6973;11;3;4;12;7;21;28;25;24;29;38;40;39;34;50;52;53;51;58;74;64;70;71;65
BINGO CARABOBO;6974;6;1;5;15;9;18;23;30;22;27;36;37;41;31;47;46;57;54;55;67;72;63;69;66
BINGO CARABOBO;6975;13;10;2;14;8;19;17;26;20;16;33;42;32;44;59;49;56;60;48;73;68;61;75;62
BINGO CARABOBO;6976;12;4;14;6;2;27;20;21;17;19;43;33;40;31;60;56;47;57;52;64;69;66;67;63
BINGO CARABOBO;6977;7;8;10;13;3;25;28;24;18;16;37;38;44;36;53;50;51;59;48;71;72;61;73;74
BINGO CARABOBO;6978;9;1;5;11;15;29;26;23;22;30;34;39;42;32;49;58;55;46;54;75;70;62;68;65
BINGO CARABOBO;6979;11;13;1;7;10;24;25;29;27;28;38;31;34;33;47;57;58;53;55;64;68;69;73;65
BINGO CARABOBO;6980;4;8;5;6;14;21;17;26;18;19;44;35;32;36;49;60;59;54;48;66;70;72;71;62
BINGO CARABOBO;6981;3;15;9;12;2;20;16;23;22;30;43;41;45;40;50;51;52;46;56;61;67;75;63;74
BINGO CARABOBO;6982;14;8;11;12;10;25;18;22;20;17;32;41;34;40;50;56;57;53;52;67;66;69;71;68
BINGO CARABOBO;6983;3;13;7;5;1;27;23;28;21;24;44;35;45;39;58;47;51;59;54;62;64;65;70;72
BINGO CARABOBO;6984;4;6;9;15;2;29;30;19;26;16;36;38;42;31;55;48;46;60;49;75;61;63;74;73
BINGO CARABOBO;6985;4;9;11;12;8;24;19;23;16;17;36;35;37;43;47;60;53;55;50;72;74;64;71;70
BINGO CARABOBO;6986;2;6;14;7;3;26;21;27;18;28;38;33;34;42;51;57;52;49;58;62;75;61;68;65
BINGO CARABOBO;6987;5;13;1;10;15;22;29;20;30;25;45;32;31;44;56;54;59;48;46;69;66;67;73;63
BINGO CARABOBO;6988;4;1;13;5;8;22;27;16;28;26;44;42;32;37;58;56;59;47;46;62;72;65;61;68
BINGO CARABOBO;6989;2;3;10;9;14;24;21;23;30;20;34;40;39;45;49;55;51;48;53;66;64;73;74;70
BINGO CARABOBO;6990;6;11;15;7;12;29;17;19;25;18;35;36;41;38;54;57;52;60;50;69;67;63;75;71
BINGO CARABOBO;6991;5;9;4;2;13;18;25;28;29;19;39;36;34;35;59;56;49;58;54;71;67;62;68;69
BINGO CARABOBO;6992;14;8;6;3;7;24;26;30;17;16;37;38;45;33;51;47;48;55;50;63;73;61;74;75
BINGO CARABOBO;6993;11;10;1;15;12;23;27;21;22;20;43;44;40;41;52;57;60;53;46;66;72;64;70;65
BINGO CARABOBO;6994;13;5;11;4;2;19;29;20;22;24;38;37;43;45;57;55;51;54;48;66;70;69;74;68
BINGO CARABOBO;6995;3;8;12;15;7;23;16;27;28;26;40;33;35;39;52;46;49;56;58;62;72;75;61;67
BINGO CARABOBO;6996;6;9;10;14;1;30;18;21;25;17;32;34;31;41;60;53;59;47;50;71;63;65;73;64
BINGO CARABOBO;6997;1;8;7;2;3;18;21;24;28;22;32;38;37;42;52;59;49;54;51;62;63;70;71;73
BINGO CARABOBO;6998;13;14;6;10;12;20;27;16;19;30;44;33;43;45;50;47;48;46;57;65;68;61;67;69
BINGO CARABOBO;6999;9;5;11;4;15;25;17;26;29;23;36;39;31;35;55;56;58;60;53;72;75;64;74;66
BINGO CARABOBO;7000;6;14;13;2;11;24;18;29;27;23;34;38;36;43;60;48;47;51;53;62;61;73;68;70
BINGO CARABOBO;7001;9;12;5;15;8;17;28;25;30;19;39;40;45;41;57;49;50;59;52;74;72;75;67;63
BINGO CARABOBO;7002;1;3;4;10;7;22;21;20;16;26;37;35;31;44;46;56;58;54;55;65;71;64;66;69
BINGO CARABOBO;7003;7;9;6;14;3;24;21;17;26;18;39;37;36;43;52;53;47;59;46;72;62;63;68;69
BINGO CARABOBO;7004;2;12;10;8;15;19;27;22;28;23;41;40;33;35;49;55;50;54;56;64;74;67;71;70
BINGO CARABOBO;7005;4;5;11;13;1;16;29;20;25;30;34;32;42;31;51;57;60;48;58;65;75;61;66;73
BINGO CARABOBO;7006;2;7;6;1;8;23;17;20;27;18;35;38;36;45;57;53;55;58;48;72;69;61;73;70
BINGO CARABOBO;7007;9;10;14;4;11;28;21;29;19;22;31;41;33;37;51;50;56;54;52;66;71;65;67;63
BINGO CARABOBO;7008;13;12;3;15;5;24;25;30;16;26;34;42;44;32;49;60;47;46;59;64;74;75;62;68
BINGO CARABOBO;7009;6;15;8;12;9;20;25;26;24;27;40;39;37;42;59;53;55;50;49;67;73;70;74;68
BINGO CARABOBO;7010;5;4;3;11;10;29;18;30;21;23;33;32;44;36;47;54;51;48;56;75;69;66;63;62
BINGO CARABOBO;7011;1;13;14;2;7;19;22;16;17;28;34;41;45;31;58;52;57;46;60;61;72;65;71;64
BINGO CARABOBO;7012;7;14;9;6;11;24;29;21;18;27;32;34;40;33;58;48;59;54;49;71;63;62;69;74
BINGO CARABOBO;7013;12;2;8;5;13;16;17;19;22;28;38;36;44;45;50;47;56;53;57;75;72;68;61;66
BINGO CARABOBO;7014;1;15;4;10;3;26;30;23;25;20;37;43;31;39;52;55;46;60;51;70;64;73;65;67
BINGO CARABOBO;7015;2;10;11;6;12;17;26;29;28;19;34;43;31;41;59;51;53;56;54;63;64;65;71;69
BINGO CARABOBO;7016;7;8;5;1;4;27;25;23;22;30;33;39;35;37;58;52;47;57;46;62;67;74;75;68
BINGO CARABOBO;7017;9;13;14;15;3;21;18;16;20;24;42;36;38;45;49;48;55;60;50;70;66;73;72;61
BINGO CARABOBO;7018;13;15;4;6;8;18;27;17;24;21;44;42;43;33;59;48;53;47;54;74;68;61;62;75
BINGO CARABOBO;7019;12;5;7;10;9;19;25;28;22;23;38;35;32;40;55;57;50;58;51;67;64;73;65;71
BINGO CARABOBO;7020;11;2;14;3;1;20;16;30;26;29;39;45;41;31;56;49;52;60;46;66;63;70;69;72
BINGO CARABOBO;7021;3;10;5;13;11;16;24;23;28;18;43;42;37;34;46;52;57;50;47;73;64;65;74;70
BINGO CARABOBO;7022;8;14;4;2;15;27;19;29;30;21;39;40;33;36;56;59;58;55;60;63;68;67;62;72
BINGO CARABOBO;7023;6;7;1;12;9;20;22;17;25;26;41;44;31;38;54;53;48;51;49;71;66;75;69;61
BINGO CARABOBO;7024;7;13;2;6;3;27;25;16;30;19;41;39;34;37;51;54;48;53;52;72;65;71;61;74
BINGO CARABOBO;7025;11;4;5;12;9;23;18;29;26;20;43;44;42;36;57;50;55;47;59;68;66;73;75;67
BINGO CARABOBO;7026;14;8;10;1;15;22;24;17;28;21;40;38;45;31;46;60;56;49;58;69;70;63;64;62
BINGO CARABOBO;7027;15;5;13;6;9;20;23;24;26;18;44;43;40;42;59;52;47;58;50;67;61;68;62;70
BINGO CARABOBO;7028;4;11;7;12;8;17;27;28;21;22;33;36;41;34;48;60;51;54;49;74;64;73;72;71
BINGO CARABOBO;7029;10;14;3;1;2;29;16;30;19;25;32;35;39;37;53;57;56;46;55;65;63;69;66;75
BINGO CARABOBO;7030;3;2;6;13;14;22;19;28;27;26;38;36;35;32;53;49;55;46;50;73;65;66;72;74
BINGO CARABOBO;7031;7;8;10;1;11;25;29;21;20;23;42;40;44;41;56;51;57;52;54;71;62;63;68;75
BINGO CARABOBO;7032;5;12;4;9;15;17;24;18;30;16;34;45;37;33;60;58;48;59;47;70;61;67;64;69
BINGO CARABOBO;7033;7;12;3;10;8;21;23;27;28;20;42;45;37;34;52;48;47;54;53;68;74;72;66;67
BINGO CARABOBO;7034;14;6;9;11;5;18;26;17;30;24;31;39;32;40;59;51;58;56;55;62;71;73;61;70
BINGO CARABOBO;7035;13;2;4;15;1;19;22;29;16;25;36;41;35;43;57;50;46;49;60;75;64;63;65;69
BINGO CARABOBO;7036;12;13;2;9;14;29;20;28;30;19;31;39;36;43;55;59;47;49;51;69;70;68;72;66
BINGO CARABOBO;7037;11;4;5;6;10;18;26;17;21;22;34;32;35;33;58;56;50;60;53;67;71;75;64;65
BINGO CARABOBO;7038;3;8;7;1;15;25;23;24;16;27;42;45;40;41;54;46;52;48;57;73;63;62;74;61
BINGO CARABOBO;7039;5;14;7;3;1;20;25;19;18;28;33;43;45;36;59;47;58;48;46;62;64;63;70;66
BINGO CARABOBO;7040;9;6;12;15;4;22;27;30;21;17;37;42;32;38;49;53;54;51;50;73;61;74;72;67
BINGO CARABOBO;7041;13;11;8;10;2;23;26;24;16;29;39;34;31;35;55;60;57;56;52;65;75;68;69;71
BINGO CARABOBO;7042;14;10;7;1;8;16;24;29;22;28;42;33;44;36;58;49;48;47;50;61;67;70;62;66
BINGO CARABOBO;7043;12;2;5;9;6;17;18;21;26;30;34;31;39;40;52;53;57;51;60;64;74;69;68;71
BINGO CARABOBO;7044;11;15;13;4;3;27;25;19;20;23;41;43;35;45;56;54;55;46;59;73;72;75;65;63
BINGO CARABOBO;7045;11;2;5;4;10;21;25;16;29;24;34;41;45;38;59;60;51;58;47;65;74;67;72;64
BINGO CARABOBO;7046;9;15;7;14;12;23;19;27;28;20;40;32;37;39;52;50;46;56;53;71;69;66;73;70
BINGO CARABOBO;7047;8;13;3;1;6;18;30;17;22;26;44;33;42;31;49;57;48;54;55;62;75;61;63;68
BINGO CARABOBO;7048;8;13;3;5;14;28;26;20;21;22;42;36;45;39;53;56;46;54;59;65;69;71;74;62
BINGO CARABOBO;7049;2;9;7;1;4;18;23;24;29;19;37;43;35;41;52;47;51;49;60;67;61;68;70;73
BINGO CARABOBO;7050;12;15;10;6;11;17;27;25;30;16;34;33;44;38;58;55;48;50;57;64;72;66;75;63
BINGO CARABOBO;7051;7;13;2;14;8;17;19;16;29;23;42;41;34;44;52;57;55;48;54;66;74;65;70;62
BINGO CARABOBO;7052;15;12;11;3;9;30;25;21;20;18;35;39;36;40;47;50;49;53;59;68;67;72;64;71
BINGO CARABOBO;7053;6;10;4;5;1;26;24;22;27;28;37;33;32;45;46;51;56;58;60;69;73;63;61;75
BINGO CARABOBO;7054;7;2;6;14;4;24;19;23;27;18;44;36;33;32;51;49;53;59;58;73;61;68;70;72
BINGO CARABOBO;7055;5;11;9;15;8;22;20;30;25;29;38;39;34;40;60;46;55;48;54;65;69;71;75;66
BINGO CARABOBO;7056;3;13;10;12;1;28;16;21;17;26;37;42;31;35;56;52;50;57;47;67;64;62;63;74
BINGO CARABOBO;7057;12;11;13;4;10;27;26;20;29;19;37;40;35;39;53;52;59;60;58;65;62;71;66;67
BINGO CARABOBO;7058;15;3;8;5;9;25;21;23;18;24;41;43;33;36;47;56;46;49;48;69;64;73;72;68
BINGO CARABOBO;7059;2;6;14;7;1;22;30;17;28;16;38;45;42;44;54;55;57;51;50;74;75;61;63;70
BINGO CARABOBO;7060;15;9;12;13;5;25;21;18;22;20;40;43;36;33;46;51;54;55;60;70;73;72;69;66
BINGO CARABOBO;7061;11;6;14;3;7;29;19;28;23;17;44;37;35;42;52;48;57;53;50;62;67;64;71;65
BINGO CARABOBO;7062;10;8;4;1;2;26;30;24;16;27;39;32;45;31;59;49;47;56;58;61;74;75;68;63
BINGO CARABOBO;7063;1;15;6;12;5;30;22;29;20;25;35;38;36;37;59;52;54;57;47;63;65;72;66;69
BINGO CARABOBO;7064;10;7;9;8;13;17;23;21;18;27;42;43;40;33;53;58;51;49;56;68;73;71;62;70
BINGO CARABOBO;7065;11;2;4;14;3;16;19;26;28;24;39;34;45;41;48;50;60;46;55;61;75;67;74;64
BINGO CARABOBO;7066;5;11;8;12;3;25;18;20;28;29;37;34;44;35;52;60;51;46;54;62;61;67;71;74
BINGO CARABOBO;7067;7;1;10;4;13;16;26;30;27;21;33;36;39;32;58;50;57;48;47;64;65;68;73;72
BINGO CARABOBO;7068;14;2;15;6;9;22;19;23;17;24;41;45;31;38;55;49;56;59;53;66;69;75;70;63
BINGO CARABOBO;7069;8;5;14;12;13;29;26;19;27;21;37;38;34;39;54;46;56;59;60;71;67;69;75;62
BINGO CARABOBO;7070;11;15;7;3;6;22;24;20;28;23;45;43;44;35;57;48;51;52;58;74;68;66;63;64
BINGO CARABOBO;7071;9;4;2;10;1;18;25;30;17;16;36;33;32;42;47;50;53;55;49;65;73;72;70;61
BINGO CARABOBO;7072;2;13;7;9;10;22;26;20;21;17;40;39;32;33;50;54;53;46;51;67;65;69;61;68
BINGO CARABOBO;7073;15;6;1;11;5;24;29;19;27;30;38;45;37;35;58;48;56;55;49;70;71;72;73;66
BINGO CARABOBO;7074;4;3;12;8;14;25;16;28;23;18;43;44;41;34;59;47;57;60;52;62;64;74;75;63
BINGO CARABOBO;7075;11;3;12;13;2;24;20;22;29;16;35;37;39;41;56;55;49;51;58;63;75;65;73;72
BINGO CARABOBO;7076;6;5;9;7;1;19;18;25;26;30;33;32;40;36;59;47;54;60;46;66;71;61;67;64
BINGO CARABOBO;7077;10;4;15;14;8;23;28;21;27;17;44;45;38;34;50;52;53;48;57;74;68;69;70;62
BINGO CARABOBO;7078;10;14;1;6;15;22;24;17;20;26;38;34;41;40;60;47;52;58;54;66;64;63;72;74
BINGO CARABOBO;7079;8;12;4;11;3;30;18;19;23;28;44;43;37;39;48;49;57;55;46;65;71;62;73;67
BINGO CARABOBO;7080;2;7;5;13;9;27;21;25;16;29;42;33;35;32;56;53;51;59;50;69;70;68;61;75
BINGO CARABOBO;7081;10;9;2;13;1;28;18;27;30;20;43;36;38;40;49;53;56;51;52;68;65;66;63;62
BINGO CARABOBO;7082;4;11;14;5;6;17;26;22;21;23;34;31;32;42;47;59;48;57;58;61;71;74;70;72
BINGO CARABOBO;7083;12;8;15;7;3;24;25;19;16;29;41;37;44;45;50;55;46;60;54;69;73;75;64;67
BINGO CARABOBO;7084;9;11;14;13;5;17;27;25;19;26;44;43;42;31;51;56;54;55;48;67;71;61;75;70
BINGO CARABOBO;7085;10;2;1;7;6;30;22;28;24;29;35;38;40;34;57;59;49;53;52;73;65;64;72;74
BINGO CARABOBO;7086;4;12;15;8;3;21;18;20;16;23;33;41;39;45;50;60;47;46;58;68;62;63;66;69
BINGO CARABOBO;7087;1;5;6;12;13;21;25;16;27;22;36;39;40;44;56;52;54;53;58;70;68;72;67;63
BINGO CARABOBO;7088;7;9;10;3;11;23;29;20;24;28;38;33;43;35;47;50;55;57;59;62;64;61;66;75
BINGO CARABOBO;7089;8;14;15;2;4;26;18;19;30;17;42;41;34;32;48;49;60;51;46;65;71;73;69;74
BINGO CARABOBO;7090;7;1;3;14;9;28;27;24;23;18;37;42;34;44;52;47;51;60;49;65;73;67;63;69
BINGO CARABOBO;7091;2;11;10;6;5;21;25;17;22;19;32;39;41;33;55;56;53;48;59;70;71;68;75;66
BINGO CARABOBO;7092;12;8;4;15;13;29;16;26;30;20;40;31;36;45;46;54;57;50;58;62;74;64;61;72
BINGO CARABOBO;7093;2;8;11;14;9;17;24;22;21;19;42;43;35;34;50;52;48;46;49;65;64;66;71;67
BINGO CARABOBO;7094;10;6;3;12;4;27;26;16;25;20;41;32;44;36;58;47;51;55;56;68;72;74;63;70
BINGO CARABOBO;7095;7;13;5;1;15;23;28;29;18;30;37;45;39;40;57;54;59;60;53;62;61;69;75;73
BINGO CARABOBO;7096;2;12;4;13;15;18;22;27;16;24;38;32;37;35;58;51;55;53;48;65;73;61;66;63
BINGO CARABOBO;7097;7;14;5;3;9;20;25;29;28;21;40;44;42;33;59;60;50;52;54;69;64;71;70;75
BINGO CARABOBO;7098;8;6;11;1;10;19;30;23;26;17;39;43;34;31;56;49;47;57;46;68;72;67;74;62
BINGO CARABOBO;7099;14;9;12;1;13;23;25;30;17;28;32;37;36;33;54;50;49;46;48;74;72;64;63;70
BINGO CARABOBO;7100;4;8;11;2;3;22;21;24;20;26;41;35;31;43;56;58;47;57;60;66;68;71;69;73
BINGO CARABOBO;7101;6;7;5;15;10;29;16;18;19;27;42;40;39;45;53;51;59;52;55;62;67;61;65;75
BINGO CARABOBO;7102;13;14;6;10;5;26;28;22;30;24;32;44;45;34;52;55;47;59;57;71;62;64;67;70
BINGO CARABOBO;7103;8;12;2;7;1;17;18;19;25;16;42;40;36;43;56;48;49;53;60;68;63;69;74;73
BINGO CARABOBO;7104;15;11;3;4;9;27;21;29;23;20;35;37;31;33;46;50;51;54;58;61;75;72;65;66
BINGO CARABOBO;7105;4;12;13;9;7;16;26;22;23;29;32;40;41;37;55;56;59;49;53;73;61;69;72;66
BINGO CARABOBO;7106;10;3;8;6;14;21;25;28;18;24;38;45;42;36;60;54;58;57;51;65;67;75;62;64
BINGO CARABOBO;7107;15;11;5;1;2;27;19;17;30;20;44;33;31;34;48;50;46;52;47;71;63;68;70;74
BINGO CARABOBO;7108;9;7;14;3;11;29;28;21;18;22;36;42;40;34;53;48;51;57;59;72;71;62;74;75
BINGO CARABOBO;7109;5;1;4;10;2;30;20;27;23;25;33;39;32;38;55;58;54;56;52;69;61;67;64;65
BINGO CARABOBO;7110;8;13;12;6;15;24;16;19;17;26;35;43;45;41;60;49;47;50;46;73;68;63;70;66
BINGO CARABOBO;7111;15;3;13;12;9;28;27;25;17;18;35;43;31;37;53;51;52;60;54;70;69;66;64;71
BINGO CARABOBO;7112;8;4;6;2;11;23;20;22;19;16;32;42;36;34;48;56;57;55;50;73;65;67;62;75
BINGO CARABOBO;7113;5;10;7;14;1;24;29;26;21;30;44;41;45;39;46;58;49;59;47;68;74;61;72;63
BINGO CARABOBO;7114;2;12;13;7;4;29;19;25;26;28;33;34;36;45;60;57;47;55;56;72;65;73;68;74
BINGO CARABOBO;7115;3;1;9;8;14;17;30;22;27;18;43;44;41;40;51;59;48;50;53;69;70;63;71;75
BINGO CARABOBO;7116;10;5;6;11;15;23;16;24;21;20;35;37;31;42;46;52;49;58;54;67;62;61;66;64
BINGO CARABOBO;7117;12;9;3;6;11;18;21;19;27;29;40;32;36;41;57;50;51;58;47;71;67;74;68;73
BINGO CARABOBO;7118;1;8;4;10;15;16;30;20;25;26;38;34;43;35;52;59;49;53;56;75;70;72;63;65
BINGO CARABOBO;7119;13;5;7;2;14;24;22;23;17;28;37;39;33;31;48;55;54;46;60;66;64;69;61;62
BINGO CARABOBO;7120;14;15;8;10;3;21;28;29;18;17;44;33;32;34;60;56;55;53;46;61;65;75;70;64
BINGO CARABOBO;7121;12;9;4;5;2;19;30;25;22;26;43;42;40;41;59;50;48;51;52;69;63;67;72;73
BINGO CARABOBO;7122;6;7;1;11;13;24;16;27;20;23;36;39;31;35;54;57;47;58;49;71;74;68;66;62
BINGO CARABOBO;7123;13;9;7;11;4;24;21;28;25;22;34;39;37;44;47;50;54;59;58;64;67;63;65;68
BINGO CARABOBO;7124;12;8;14;15;3;27;30;23;17;29;41;40;38;36;55;57;53;49;56;61;75;66;72;74
BINGO CARABOBO;7125;2;6;5;10;1;20;18;19;26;16;43;33;42;31;46;52;60;51;48;73;69;70;71;62
BINGO CARABOBO;7126;6;11;8;3;14;19;25;18;27;22;38;45;41;31;48;57;59;55;54;69;70;71;68;62
BINGO CARABOBO;7127;15;5;13;1;10;28;23;24;17;26;35;40;42;32;58;56;53;51;46;74;72;65;63;64
BINGO CARABOBO;7128;4;9;12;7;2;30;21;20;29;16;37;36;39;44;49;50;60;47;52;73;66;67;75;61
BINGO CARABOBO;7129;9;13;12;14;5;22;20;16;24;23;43;37;32;35;50;55;56;57;60;63;74;61;65;73
BINGO CARABOBO;7130;8;11;4;10;3;26;28;25;30;18;41;42;34;33;58;54;52;48;53;75;70;69;64;67
BINGO CARABOBO;7131;15;2;7;1;6;21;27;29;19;17;36;39;31;45;49;47;46;59;51;71;66;68;62;72
BINGO CARABOBO;7132;2;6;11;10;8;21;22;17;25;19;40;42;35;38;47;54;50;57;55;64;73;68;65;66
BINGO CARABOBO;7133;14;13;4;1;5;28;18;27;23;26;32;41;43;44;51;58;60;53;48;74;70;69;67;63
BINGO CARABOBO;7134;7;9;12;15;3;29;24;20;30;16;45;34;39;33;59;52;46;56;49;62;72;61;75;71
BINGO CARABOBO;7135;12;1;4;8;13;26;21;24;25;23;34;41;43;38;57;51;58;56;50;71;63;69;68;66
BINGO CARABOBO;7136;14;11;2;15;7;18;30;28;29;20;33;42;40;39;46;52;55;59;48;72;67;74;64;61
BINGO CARABOBO;7137;10;5;6;3;9;22;27;16;17;19;36;37;32;45;54;47;60;49;53;65;73;70;62;75
BINGO CARABOBO;7138;14;5;7;10;6;27;18;26;28;24;32;42;33;34;46;59;50;58;57;71;69;63;64;67
BINGO CARABOBO;7139;1;3;4;2;9;17;22;20;16;29;40;44;41;45;53;55;60;54;48;68;74;62;73;66
BINGO CARABOBO;7140;13;12;15;11;8;25;21;23;30;19;38;35;43;36;51;52;56;49;47;70;65;72;75;61
BINGO CARABOBO;7141;9;12;2;10;11;27;24;22;26;29;44;39;38;32;51;57;59;47;53;66;65;68;72;70
BINGO CARABOBO;7142;15;8;5;3;13;21;17;28;30;20;31;36;43;40;56;49;55;50;52;71;63;62;75;64
BINGO CARABOBO;7143;4;14;7;6;1;23;25;18;19;16;41;37;33;34;58;60;54;46;48;67;69;73;74;61
BINGO CARABOBO;7144;14;3;2;13;6;22;26;21;27;23;36;37;41;44;49;60;54;57;56;70;68;61;65;67
BINGO CARABOBO;7145;4;1;8;10;7;25;17;29;28;24;35;34;43;42;58;46;53;48;51;63;73;74;72;66
BINGO CARABOBO;7146;9;15;11;12;5;18;30;19;20;16;32;38;31;33;59;47;50;55;52;69;71;75;62;64
BINGO CARABOBO;7147;8;4;12;3;15;29;20;26;27;23;38;32;40;42;46;47;53;54;55;67;66;70;74;65
BINGO CARABOBO;7148;9;2;10;6;7;22;28;17;21;30;37;34;35;44;52;59;49;48;56;68;63;69;72;62
BINGO CARABOBO;7149;14;5;11;13;1;24;25;18;16;19;43;33;31;41;60;50;57;51;58;73;64;71;75;61
BINGO CARABOBO;7150;10;13;12;3;11;17;24;23;18;19;37;40;32;39;50;56;53;51;57;67;73;64;69;65
BINGO CARABOBO;7151;4;15;5;6;2;28;29;21;25;16;41;45;43;33;59;52;54;48;49;63;70;74;71;72
BINGO CARABOBO;7152;8;14;1;7;9;27;26;22;30;20;36;34;35;31;55;58;60;46;47;66;68;75;62;61
BINGO CARABOBO;7153;5;6;13;12;1;25;24;23;19;30;35;38;32;43;59;55;60;53;58;64;67;65;70;71
BINGO CARABOBO;7154;9;3;11;14;8;28;16;22;18;29;37;34;39;40;54;56;49;47;48;74;66;68;72;73
BINGO CARABOBO;7155;10;2;4;7;15;20;21;26;17;27;36;41;44;42;57;50;51;52;46;69;62;63;75;61
BINGO CARABOBO;7156;5;3;15;12;1;26;27;24;18;21;38;35;41;31;56;55;48;54;47;70;71;65;72;74
BINGO CARABOBO;7157;2;6;7;13;11;20;16;28;25;19;33;42;43;39;59;58;49;52;57;61;73;66;68;69
BINGO CARABOBO;7158;14;9;10;4;8;29;30;17;23;22;40;45;44;34;50;60;46;53;51;67;64;63;75;62
BINGO CARABOBO;7159;14;3;5;9;4;20;22;21;16;23;41;42;43;33;52;49;56;54;47;72;67;69;73;62
BINGO CARABOBO;7160;6;2;11;13;12;28;29;19;25;27;44;35;36;37;50;59;60;51;55;70;68;61;74;71
BINGO CARABOBO;7161;8;7;1;15;10;18;26;24;30;17;38;39;34;40;48;53;46;57;58;66;64;65;75;63
BINGO CARABOBO;7162;9;7;13;10;6;20;29;22;26;30;33;38;45;31;53;52;51;50;56;73;67;69;64;63
BINGO CARABOBO;7163;12;1;11;8;4;25;18;17;23;24;35;36;37;42;49;47;48;59;54;75;66;65;61;70
BINGO CARABOBO;7164;2;14;3;5;15;28;21;27;16;19;39;41;32;34;46;57;58;55;60;71;68;72;62;74
BINGO CARABOBO;7165;8;14;3;9;4;19;26;29;27;16;37;43;38;32;48;50;52;49;51;72;62;73;63;69
BINGO CARABOBO;7166;7;12;13;5;2;24;30;21;22;23;33;34;36;45;55;54;47;58;59;64;65;71;67;70
BINGO CARABOBO;7167;6;1;11;10;15;25;20;18;28;17;42;44;40;35;53;57;60;46;56;68;74;61;75;66
BINGO CARABOBO;7168;14;5;4;6;11;25;19;28;22;27;34;42;32;41;50;52;56;55;49;75;68;61;65;64
BINGO CARABOBO;7169;2;1;15;7;10;30;17;29;23;24;43;44;35;38;54;47;48;58;59;70;66;72;69;71
BINGO CARABOBO;7170;12;8;3;9;13;21;20;26;16;18;36;33;37;45;46;57;53;51;60;73;63;67;62;74
BINGO CARABOBO;7171;14;13;9;3;2;30;20;17;19;22;38;33;35;34;60;52;46;53;58;66;69;74;73;65
BINGO CARABOBO;7172;10;11;6;7;12;26;21;18;25;24;31;37;36;39;48;57;56;55;49;67;70;62;72;64
BINGO CARABOBO;7173;1;15;5;8;4;27;28;23;29;16;45;42;40;43;59;50;47;51;54;63;71;75;61;68
BINGO CARABOBO;7174;5;14;13;12;11;28;20;29;17;25;35;42;32;38;48;55;47;50;57;70;61;75;72;69
BINGO CARABOBO;7175;1;9;7;10;8;24;22;27;23;21;31;39;37;44;59;46;52;56;49;64;67;68;66;71
BINGO CARABOBO;7176;4;2;6;15;3;26;16;19;30;18;41;43;45;33;53;54;58;60;51;63;65;73;74;62
BINGO CARABOBO;7177;15;6;7;9;5;25;18;22;19;24;36;35;32;41;47;60;53;48;57;73;75;66;70;69
BINGO CARABOBO;7178;13;3;11;4;1;30;27;26;20;29;45;39;37;42;49;51;54;52;58;61;63;64;62;71
BINGO CARABOBO;7179;2;12;8;10;14;17;16;21;28;23;44;34;31;43;46;50;55;56;59;72;67;74;68;65
BINGO CARABOBO;7180;2;11;12;1;3;16;22;29;23;26;41;43;32;37;51;50;53;48;52;69;68;63;65;71
BINGO CARABOBO;7181;10;4;8;9;13;24;19;28;20;17;36;33;40;45;55;58;49;54;57;67;66;72;74;70
BINGO CARABOBO;7182;14;15;6;7;5;21;30;27;18;25;35;38;42;39;56;59;47;60;46;64;62;73;61;75
BINGO CARABOBO;7183;12;5;11;6;13;27;25;29;19;20;43;41;34;36;50;56;48;58;52;67;63;72;64;68
BINGO CARABOBO;7184;8;10;7;1;15;26;21;23;30;22;42;44;37;45;47;49;59;53;46;73;66;71;69;70
BINGO CARABOBO;7185;3;4;9;2;14;17;24;16;18;28;33;31;32;39;60;54;55;51;57;61;74;65;75;62
BINGO CARABOBO;7186;13;5;11;4;7;18;23;29;20;21;33;34;40;43;55;58;49;53;50;61;65;64;70;69
BINGO CARABOBO;7187;6;9;10;15;3;17;26;24;22;25;41;32;44;39;46;56;54;57;48;75;67;73;66;63
BINGO CARABOBO;7188;14;1;8;2;12;27;19;16;28;30;36;37;35;45;59;51;60;47;52;71;62;72;74;68
BINGO CARABOBO;7189;12;5;3;6;7;26;28;16;24;29;42;34;43;32;54;47;53;60;52;68;72;75;61;64
BINGO CARABOBO;7190;15;8;10;11;4;27;19;21;22;18;33;40;38;39;56;58;49;59;50;70;69;63;65;73
BINGO CARABOBO;7191;9;13;2;14;1;25;23;20;17;30;35;37;36;45;46;51;55;48;57;62;67;66;74;71
BINGO CARABOBO;7192;7;8;6;10;4;20;28;29;23;19;32;44;42;36;58;53;51;56;47;71;74;70;65;64
BINGO CARABOBO;7193;9;12;14;5;3;26;24;21;25;30;43;34;35;33;48;54;55;59;52;66;63;68;62;61
BINGO CARABOBO;7194;13;11;2;1;15;18;22;17;16;27;39;41;45;31;49;57;50;46;60;69;72;75;73;67
BINGO CARABOBO;7195;5;7;4;13;6;18;29;26;20;25;37;36;34;35;50;55;46;52;58;65;69;70;74;75
BINGO CARABOBO;7196;14;2;3;12;9;28;24;21;23;22;39;38;42;45;56;47;54;59;57;67;66;72;64;63
BINGO CARABOBO;7197;8;15;1;11;10;19;16;30;27;17;32;33;44;31;53;60;49;51;48;61;71;73;62;68
BINGO CARABOBO;7198;12;2;5;11;1;29;22;26;24;30;41;44;34;43;56;49;51;54;47;65;67;72;64;69
BINGO CARABOBO;7199;13;3;9;4;6;20;27;18;25;23;42;35;40;31;53;52;50;55;57;73;70;74;62;68
BINGO CARABOBO;7200;10;8;14;7;15;21;28;16;19;17;38;33;45;32;48;59;46;60;58;71;63;66;75;61
BINGO CARABOBO;7201;8;4;12;2;7;22;27;17;20;29;42;41;39;43;59;52;54;53;48;68;70;73;66;74
BINGO CARABOBO;7202;14;3;1;9;6;18;25;28;30;26;36;33;38;34;50;57;55;49;58;67;75;64;69;63
BINGO CARABOBO;7203;11;10;13;5;15;21;23;16;19;24;32;44;45;31;60;51;47;46;56;72;65;61;62;71
BINGO CARABOBO;7204;5;8;10;9;13;23;28;16;29;22;45;32;44;38;58;59;54;50;48;71;62;63;68;74
BINGO CARABOBO;7205;2;3;11;12;14;20;21;30;17;26;34;40;41;37;55;57;47;51;56;67;69;66;65;70
BINGO CARABOBO;7206;4;7;6;15;1;25;24;19;27;18;43;36;39;31;52;53;46;60;49;72;61;64;73;75
BINGO CARABOBO;7207;7;1;6;12;3;22;17;21;23;27;44;36;43;34;56;49;57;60;58;64;61;66;71;70
BINGO CARABOBO;7208;10;15;13;8;9;28;20;18;26;16;32;45;35;40;48;46;52;55;51;65;73;68;74;62
BINGO CARABOBO;7209;2;11;5;4;14;30;25;24;19;29;38;42;37;31;50;53;54;47;59;67;69;75;63;72
BINGO CARABOBO;7210;9;12;4;7;10;26;22;23;21;17;32;37;38;42;46;50;56;59;48;62;75;73;67;68
BINGO CARABOBO;7211;13;2;3;8;11;19;25;24;18;30;35;43;31;39;51;58;53;52;57;70;65;69;71;66
BINGO CARABOBO;7212;5;1;15;6;14;27;28;16;20;29;40;34;44;36;60;54;49;47;55;63;61;72;64;74
BINGO CARABOBO;7213;5;13;6;15;14;16;24;27;17;25;39;35;41;38;51;53;58;46;57;70;74;62;63;75
BINGO CARABOBO;7214;9;4;11;8;7;29;23;18;21;26;43;36;44;45;52;50;54;49;47;68;64;71;73;69
BINGO CARABOBO;7215;2;10;1;3;12;30;28;22;19;20;37;31;32;33;59;56;60;48;55;66;61;65;67;72
BINGO CARABOBO;7216;8;4;5;15;6;29;27;18;25;17;40;38;33;39;54;57;50;55;48;62;70;71;68;72
BINGO CARABOBO;7217;12;3;10;13;7;23;16;20;21;24;45;35;32;42;52;53;58;51;60;63;67;64;75;69
BINGO CARABOBO;7218;11;9;2;1;14;26;28;19;22;30;43;41;31;36;47;49;59;56;46;74;73;65;61;66
BINGO CARABOBO;7219;6;7;15;8;11;23;16;28;27;20;42;35;44;31;47;57;60;46;52;70;64;69;63;72
BINGO CARABOBO;7220;9;14;12;3;4;18;26;29;22;25;34;41;33;39;48;50;54;56;53;62;68;61;67;66
BINGO CARABOBO;7221;10;5;2;13;1;30;17;24;21;19;40;43;45;36;58;49;55;51;59;73;74;65;75;71
BINGO CARABOBO;7222;3;4;7;12;1;20;17;27;29;30;40;38;37;33;48;50;57;59;49;69;75;71;73;62
BINGO CARABOBO;7223;6;8;10;14;13;26;16;25;28;18;34;43;31;42;56;47;55;51;53;74;64;67;68;66
BINGO CARABOBO;7224;5;15;9;11;2;24;21;22;23;19;39;36;32;44;54;52;58;46;60;65;70;61;72;63
BINGO CARABOBO;7225;3;12;14;6;8;21;18;24;17;20;38;41;35;31;52;59;57;48;49;73;69;67;62;66
BINGO CARABOBO;7226;5;9;7;4;10;16;26;22;28;25;43;36;32;37;54;46;53;56;55;72;63;70;68;64
BINGO CARABOBO;7227;11;2;1;13;15;23;19;29;27;30;45;39;40;44;58;60;47;51;50;75;65;71;61;74
BINGO CARABOBO;7228;4;10;12;6;9;17;23;30;25;28;44;39;41;35;55;46;52;49;53;73;74;72;75;61
BINGO CARABOBO;7229;11;15;2;3;14;18;24;27;22;20;37;36;43;33;51;50;59;60;56;63;65;70;64;66
BINGO CARABOBO;7230;7;8;5;1;13;29;19;21;26;16;40;32;38;42;58;47;54;48;57;68;69;67;62;71
BINGO CARABOBO;7231;7;6;2;12;13;22;26;19;16;25;39;41;43;33;54;56;53;48;47;61;63;75;68;62
BINGO CARABOBO;7232;11;4;8;10;14;18;24;30;23;27;36;40;45;34;49;50;52;60;51;71;70;66;65;72
BINGO CARABOBO;7233;5;9;1;3;15;21;20;17;29;28;32;44;31;37;55;58;46;59;57;67;64;74;69;73
BINGO CARABOBO;7234;13;10;9;3;6;27;28;20;30;18;45;35;32;38;59;53;49;54;56;65;73;62;71;72
BINGO CARABOBO;7235;11;4;8;2;14;23;22;25;16;24;40;36;43;31;57;52;46;55;48;68;64;74;66;69
BINGO CARABOBO;7236;1;7;12;15;5;17;19;26;29;21;42;39;34;41;60;50;47;58;51;63;61;70;67;75
BINGO CARABOBO;7237;10;6;5;4;12;17;21;24;16;26;36;32;39;31;48;50;55;49;52;71;62;73;74;66
BINGO CARABOBO;7238;15;7;13;11;1;29;22;27;19;18;37;38;43;44;56;58;47;54;51;72;64;63;68;67
BINGO CARABOBO;7239;14;3;8;9;2;30;20;23;25;28;40;41;34;33;57;46;59;53;60;69;61;70;65;75
BINGO CARABOBO;7240;9;13;4;10;6;28;17;18;19;21;34;38;31;43;58;46;51;59;49;69;73;75;72;63
BINGO CARABOBO;7241;8;2;1;11;12;26;27;30;23;25;42;35;37;40;57;52;55;48;56;67;70;61;62;65
BINGO CARABOBO;7242;5;14;7;3;15;22;24;29;20;16;39;33;41;44;47;60;50;53;54;71;64;68;74;66
BINGO CARABOBO;7243;13;4;7;3;12;24;22;28;26;18;39;40;35;44;57;48;51;58;53;71;65;69;64;67
BINGO CARABOBO;7244;11;10;9;14;2;20;29;27;21;19;41;43;42;37;56;59;54;46;50;73;75;70;66;63
BINGO CARABOBO;7245;5;6;8;1;15;25;23;17;30;16;31;33;45;38;52;49;55;60;47;62;68;74;72;61
BINGO CARABOBO;7246;11;5;14;9;13;17;30;20;23;18;38;31;42;40;60;47;50;53;51;72;74;69;67;70
BINGO CARABOBO;7247;2;3;15;6;10;19;28;26;25;21;32;33;44;36;52;56;59;57;48;64;66;61;65;68
BINGO CARABOBO;7248;7;1;4;12;8;24;27;22;29;16;39;45;35;41;49;58;54;55;46;71;63;75;62;73
BINGO CARABOBO;7249;14;9;10;2;11;24;19;23;21;22;39;43;37;44;56;51;54;53;55;64;71;75;73;68
BINGO CARABOBO;7250;12;3;5;8;15;29;25;27;20;18;40;42;35;31;57;47;49;52;46;63;66;70;65;74
BINGO CARABOBO;7251;4;1;7;13;6;26;30;17;28;16;32;38;45;34;50;60;48;58;59;62;61;72;67;69
BINGO CARABOBO;7252;14;6;10;13;5;23;20;24;26;17;32;34;42;37;52;57;54;56;51;71;66;67;63;64
BINGO CARABOBO;7253;11;7;15;9;3;21;27;30;18;19;45;44;41;31;46;55;49;48;59;73;74;62;72;65
BINGO CARABOBO;7254;12;1;2;4;8;25;29;28;16;22;38;39;35;36;58;47;60;53;50;61;70;75;68;69
BINGO CARABOBO;7255;13;11;3;9;2;28;23;17;25;20;40;42;44;38;48;59;57;47;51;62;64;71;68;69
BINGO CARABOBO;7256;12;4;5;6;8;22;27;16;29;21;31;33;32;39;56;55;52;49;53;66;65;63;73;67
BINGO CARABOBO;7257;14;10;1;7;15;24;19;26;30;18;35;43;37;45;58;46;54;60;50;72;74;70;75;61
BINGO CARABOBO;7258;5;11;12;14;2;17;25;26;21;20;43;38;35;41;51;60;55;59;56;63;70;73;64;68
BINGO CARABOBO;7259;8;3;7;13;4;23;16;22;24;28;33;37;44;32;57;49;50;53;52;75;71;72;66;65
BINGO CARABOBO;7260;9;6;10;15;1;29;27;19;18;30;39;36;45;31;58;54;47;48;46;74;67;62;69;61
BINGO CARABOBO;7261;14;11;5;8;9;20;19;26;21;17;36;37;41;44;53;59;55;57;51;63;72;74;65;68
BINGO CARABOBO;7262;7;3;12;13;1;29;24;25;30;23;35;43;42;32;50;54;46;49;52;64;73;71;70;69
BINGO CARABOBO;7263;6;15;10;2;4;27;28;22;18;16;40;33;31;45;56;58;47;60;48;75;66;67;62;61
BINGO CARABOBO;7264;12;11;2;7;8;28;24;19;20;16;34;41;45;43;55;47;51;59;49;71;69;72;68;62
BINGO CARABOBO;7265;5;14;6;1;3;18;26;27;29;22;36;32;37;38;57;60;50;53;52;74;64;65;66;63
BINGO CARABOBO;7266;13;9;15;10;4;25;21;30;17;23;40;44;31;33;58;56;54;48;46;73;67;75;70;61
BINGO CARABOBO;7267;11;3;15;12;2;25;20;22;30;27;34;39;43;33;50;51;49;59;55;71;68;64;67;69
BINGO CARABOBO;7268;6;14;8;5;1;24;17;23;21;28;36;35;40;45;53;56;48;54;57;74;66;70;73;61
BINGO CARABOBO;7269;10;4;9;13;7;18;29;26;19;16;32;41;31;42;60;58;46;52;47;65;72;63;62;75
BINGO CARABOBO;7270;1;2;9;12;4;27;19;18;22;28;39;35;42;44;56;57;54;48;52;69;63;62;71;73
BINGO CARABOBO;7271;13;15;7;14;5;16;24;21;25;30;40;38;33;36;59;53;49;50;58;70;64;68;65;72
BINGO CARABOBO;7272;3;8;10;11;6;29;20;23;17;26;37;31;34;45;47;51;55;60;46;61;74;66;67;75
BINGO CARABOBO;7273;6;2;3;12;14;28;29;22;24;27;37;45;34;32;56;46;50;59;60;69;66;65;64;71
BINGO CARABOBO;7274;4;1;8;11;15;17;26;20;21;19;35;31;36;42;54;55;49;52;57;70;61;73;75;62
BINGO CARABOBO;7275;5;7;10;13;9;23;16;30;25;18;41;44;33;39;48;58;51;53;47;63;72;67;68;74
BINGO CARABOBO;7276;10;13;4;14;8;19;29;26;30;23;41;38;42;37;60;51;47;49;57;70;72;62;67;68
BINGO CARABOBO;7277;12;6;7;15;9;17;25;27;28;16;43;32;39;35;54;53;52;58;48;71;75;73;74;63
BINGO CARABOBO;7278;3;1;2;5;11;21;24;20;18;22;33;34;31;36;56;46;55;59;50;66;61;65;64;69
BINGO CARABOBO;7279;4;8;9;10;12;24;29;26;21;18;43;34;41;38;53;60;58;56;46;71;73;75;70;65
BINGO CARABOBO;7280;5;3;7;11;14;19;25;17;28;16;42;37;40;33;51;55;54;50;52;68;67;72;74;63
BINGO CARABOBO;7281;13;1;2;6;15;22;27;20;30;23;39;36;45;31;48;47;57;59;49;66;64;62;69;61
BINGO CARABOBO;7282;14;1;4;15;8;25;29;21;22;28;37;42;41;36;58;52;53;47;49;72;64;71;70;62
BINGO CARABOBO;7283;6;3;12;10;9;17;27;20;26;19;40;33;39;44;56;59;54;57;51;74;73;65;69;66
BINGO CARABOBO;7284;2;11;7;13;5;30;18;24;16;23;31;38;35;45;55;50;60;48;46;75;68;63;61;67
BINGO CARABOBO;7285;3;1;6;10;5;25;29;24;23;22;44;31;40;43;48;51;46;59;55;64;62;74;72;70
BINGO CARABOBO;7286;7;13;12;8;2;30;27;26;19;21;37;41;36;39;49;56;53;58;57;67;71;61;69;73
BINGO CARABOBO;7287;9;15;4;14;11;28;20;16;17;18;42;38;32;45;60;52;50;54;47;66;65;68;63;75
BINGO CARABOBO;7288;12;6;1;11;13;27;16;25;29;21;32;41;43;42;50;58;47;60;55;70;63;69;71;64
BINGO CARABOBO;7289;7;3;4;2;9;22;24;28;26;19;45;38;37;33;51;52;57;53;54;73;65;75;61;62
BINGO CARABOBO;7290;8;14;10;15;5;23;17;20;30;18;36;40;31;39;48;49;59;46;56;68;72;67;66;74
BINGO CARABOBO;7291;14;6;12;10;9;29;21;23;25;16;31;36;40;44;59;55;58;51;52;68;67;73;66;69
BINGO CARABOBO;7292;13;1;4;5;2;26;28;30;27;17;37;42;34;32;46;49;53;47;57;62;65;71;70;72
BINGO CARABOBO;7293;7;11;8;3;15;18;20;19;24;22;35;43;45;33;54;60;48;56;50;61;64;74;75;63
BINGO CARABOBO;7294;4;3;6;7;14;22;24;29;21;30;40;37;32;36;53;52;56;54;51;66;73;63;67;74
BINGO CARABOBO;7295;2;10;11;9;15;19;17;20;16;26;45;42;39;31;50;58;57;47;59;69;62;70;71;72
BINGO CARABOBO;7296;12;5;8;13;1;23;27;25;18;28;35;41;43;44;46;55;49;60;48;64;65;68;75;61
BINGO CARABOBO;7297;10;8;9;5;4;24;20;19;21;27;32;44;45;39;48;47;53;54;57;62;73;68;64;65
BINGO CARABOBO;7298;15;7;2;13;3;25;23;29;30;17;42;35;38;34;56;58;60;49;46;66;63;74;71;72
BINGO CARABOBO;7299;6;14;12;1;11;18;16;28;22;26;37;36;43;33;55;50;52;59;51;69;70;75;61;67
BINGO CARABOBO;7300;4;10;2;8;6;21;17;26;19;24;41;33;32;31;49;58;50;52;54;67;64;69;70;72
BINGO CARABOBO;7301;15;12;13;3;11;18;28;20;30;25;43;45;35;38;53;46;48;51;55;68;61;66;63;75
BINGO CARABOBO;7302;7;9;14;1;5;22;27;29;23;16;37;39;36;44;56;59;57;60;47;65;71;73;62;74
BINGO CARABOBO;7303;10;8;4;9;13;27;30;26;19;29;34;41;33;35;48;51;53;57;58;61;67;65;71;74
BINGO CARABOBO;7304;12;5;2;6;14;21;23;25;28;24;44;38;31;42;56;47;60;46;55;63;72;73;68;69
BINGO CARABOBO;7305;3;15;7;11;1;17;20;22;18;16;37;36;32;45;52;59;50;54;49;62;66;70;64;75
BINGO CARABOBO;7306;3;10;14;4;5;23;22;29;21;26;37;36;39;43;46;52;48;47;58;62;67;71;65;70
BINGO CARABOBO;7307;6;2;9;11;13;17;27;20;25;19;41;42;45;35;57;55;53;56;60;75;61;69;66;68
BINGO CARABOBO;7308;8;12;15;7;1;24;30;16;28;18;44;31;40;33;51;54;50;49;59;64;73;72;63;74
BINGO CARABOBO;7309;11;12;10;7;8;20;18;30;25;27;36;37;43;32;48;59;55;49;56;63;62;69;72;65
BINGO CARABOBO;7310;14;4;3;9;13;28;24;26;21;29;45;41;34;42;54;50;58;47;60;61;64;68;71;74
BINGO CARABOBO;7311;6;2;5;15;1;16;22;23;19;17;44;40;33;39;52;46;53;57;51;73;70;75;66;67
BINGO CARABOBO;7312;12;11;6;14;15;26;16;17;22;24;42;32;41;44;58;51;54;53;59;70;73;64;65;72
BINGO CARABOBO;7313;2;13;7;9;8;25;21;29;19;18;38;37;35;39;52;47;56;60;48;74;67;69;61;75
BINGO CARABOBO;7314;3;4;10;5;1;28;27;23;20;30;34;40;43;45;46;50;55;57;49;68;63;66;62;71
BINGO CARABOBO;7315;5;15;3;6;10;18;29;21;19;30;43;37;34;38;57;47;49;55;54;73;71;70;72;74
BINGO CARABOBO;7316;4;2;9;13;14;20;27;24;23;22;35;36;41;40;58;50;56;51;53;67;65;68;63;69
BINGO CARABOBO;7317;11;7;12;1;8;17;28;16;25;26;31;42;44;32;59;60;46;48;52;61;64;66;75;62
BINGO CARABOBO;7318;13;7;1;12;10;17;25;28;18;26;43;36;35;40;60;51;49;47;56;64;66;68;65;72
BINGO CARABOBO;7319;6;15;9;3;5;19;29;30;16;24;42;31;39;33;58;59;57;46;48;62;75;70;67;74
BINGO CARABOBO;7320;8;4;2;14;11;23;22;20;27;21;41;34;32;44;55;50;53;54;52;63;73;71;61;69
BINGO CARABOBO;7321;3;14;10;7;13;22;27;26;18;24;32;41;36;43;57;51;55;56;46;70;71;75;74;67
BINGO CARABOBO;7322;5;6;12;8;4;17;30;28;23;16;44;33;37;45;48;50;47;54;59;72;65;64;73;62
BINGO CARABOBO;7323;2;9;11;1;15;20;25;21;29;19;39;38;34;35;52;60;53;58;49;69;63;68;61;66
BINGO CARABOBO;7324;6;13;7;10;4;21;22;26;17;30;43;45;42;31;57;53;49;55;54;67;72;68;74;64
BINGO CARABOBO;7325;11;14;3;1;5;18;19;28;29;23;35;36;39;38;50;56;59;46;47;62;73;71;69;61
BINGO CARABOBO;7326;9;8;12;15;2;24;20;27;25;16;33;34;32;44;58;60;51;52;48;63;70;65;66;75
BINGO CARABOBO;7327;4;8;13;14;5;19;27;26;28;20;33;40;42;31;53;46;54;57;47;66;72;65;67;64
BINGO CARABOBO;7328;12;1;7;3;11;22;17;16;21;29;44;41;45;39;56;55;50;51;60;70;74;62;71;73
BINGO CARABOBO;7329;2;10;15;6;9;18;25;23;24;30;32;37;36;38;58;52;49;59;48;75;61;69;68;63
BINGO CARABOBO;7330;5;10;2;15;12;28;19;21;22;18;42;33;35;45;48;46;53;52;58;72;70;64;65;74
BINGO CARABOBO;7331;13;3;4;6;7;20;25;24;17;29;37;43;36;32;51;57;55;54;59;63;67;69;66;71
BINGO CARABOBO;7332;14;9;1;11;8;27;23;30;26;16;39;34;31;40;49;50;60;56;47;73;68;62;75;61
BINGO CARABOBO;7333;12;14;2;6;5;29;17;19;23;21;37;42;43;32;58;56;57;46;52;65;66;68;63;67
BINGO CARABOBO;7334;10;11;13;8;3;18;24;28;27;22;45;36;39;34;51;60;47;54;55;70;73;64;69;72
BINGO CARABOBO;7335;7;4;15;9;1;25;30;20;26;16;40;41;38;44;49;59;50;48;53;75;61;74;62;71
BINGO CARABOBO;7336;9;8;3;1;7;20;28;19;29;21;44;43;37;38;60;57;51;50;49;74;72;65;73;67
BINGO CARABOBO;7337;5;4;11;12;13;26;30;24;18;17;45;31;40;35;48;53;55;54;56;63;62;69;61;71
BINGO CARABOBO;7338;10;6;14;15;2;23;22;27;25;16;39;41;32;42;47;58;52;59;46;70;75;64;68;66
BINGO CARABOBO;7339;5;15;8;1;6;22;29;20;27;30;41;32;40;38;52;51;57;58;59;72;62;67;71;61
BINGO CARABOBO;7340;10;4;11;7;14;26;23;24;16;21;36;39;42;37;55;56;47;46;54;73;65;69;68;63
BINGO CARABOBO;7341;9;3;2;12;13;19;25;28;18;17;44;34;45;31;49;50;60;48;53;74;64;75;70;66
BINGO CARABOBO;7342;14;3;1;7;13;21;28;26;27;29;37;40;42;45;51;50;59;60;49;64;65;70;62;72
BINGO CARABOBO;7343;6;11;5;4;2;22;30;17;18;16;44;35;38;34;48;57;52;55;56;74;71;63;73;67
BINGO CARABOBO;7344;9;12;15;8;10;24;25;23;20;19;41;31;39;32;47;53;54;46;58;69;75;61;66;68
BINGO CARABOBO;7345;7;12;14;15;3;28;29;27;22;19;43;37;40;36;51;56;49;48;59;68;64;62;65;70
BINGO CARABOBO;7346;4;2;10;11;6;21;25;17;18;20;44;42;32;34;53;54;50;47;52;69;75;74;63;71
BINGO CARABOBO;7347;8;9;5;1;13;23;24;26;30;16;33;35;41;45;46;55;57;60;58;66;73;72;61;67
BINGO CARABOBO;7348;13;2;14;8;7;26;27;24;18;25;40;44;33;38;51;58;49;56;48;72;62;68;74;65
BINGO CARABOBO;7349;9;3;4;15;11;29;22;21;19;28;45;34;35;43;52;50;55;57;59;64;61;70;73;71
BINGO CARABOBO;7350;1;10;5;12;6;23;17;20;30;16;31;37;36;41;47;53;54;60;46;69;67;63;66;75
BINGO CARABOBO;7351;13;10;9;15;2;26;30;19;24;29;40;33;35;42;52;55;47;46;56;63;70;65;68;61
BINGO CARABOBO;7352;3;14;7;11;6;25;21;27;17;18;41;31;32;44;57;50;58;59;53;67;66;73;74;72
BINGO CARABOBO;7353;5;1;4;12;8;20;28;22;16;23;43;38;34;37;49;60;48;51;54;71;64;69;62;75
BINGO CARABOBO;7354;4;6;11;5;8;20;29;22;27;19;34;40;31;33;54;52;55;53;56;67;74;69;68;63
BINGO CARABOBO;7355;12;10;3;9;2;26;17;30;21;16;37;42;35;43;47;49;51;50;59;75;73;71;66;72
BINGO CARABOBO;7356;7;14;1;13;15;18;25;28;23;24;38;39;32;36;58;46;60;48;57;62;65;70;64;61
BINGO CARABOBO;7357;11;6;10;3;9;28;17;20;19;23;42;34;33;37;47;49;57;55;48;69;68;65;62;71
BINGO CARABOBO;7358;4;13;15;2;14;27;26;25;29;30;35;39;40;44;56;51;60;59;54;61;66;72;67;73
BINGO CARABOBO;7359;7;5;8;12;1;21;16;22;18;24;43;45;31;41;50;46;58;52;53;70;64;75;74;63
BINGO CARABOBO;7360;13;4;3;10;2;24;19;23;29;20;40;34;39;43;48;50;54;58;49;73;66;74;63;61
BINGO CARABOBO;7361;9;12;11;14;1;26;25;21;16;18;44;41;31;35;53;51;60;55;59;68;67;72;65;64
BINGO CARABOBO;7362;6;7;8;5;15;28;27;30;22;17;42;33;37;45;52;46;56;47;57;69;62;70;75;71
BINGO CARABOBO;7363;5;10;13;4;3;17;19;26;28;30;33;42;35;41;52;58;53;46;50;68;73;63;67;62
BINGO CARABOBO;7364;12;14;8;11;9;24;27;25;18;20;43;34;40;38;59;57;48;47;54;65;69;74;72;66
BINGO CARABOBO;7365;15;6;2;1;7;21;23;16;29;22;36;37;45;31;49;56;55;51;60;70;61;64;75;71
BINGO CARABOBO;7366;9;3;7;6;8;16;23;18;27;26;42;35;40;33;49;58;48;51;57;66;69;74;72;70
BINGO CARABOBO;7367;11;4;10;12;14;21;19;25;24;20;39;43;38;44;46;53;54;60;47;64;71;73;68;75
BINGO CARABOBO;7368;5;2;15;13;1;28;22;30;29;17;36;41;45;31;52;56;55;59;50;65;63;62;67;61
BINGO CARABOBO;7369;7;9;11;12;8;23;18;20;30;27;37;36;41;40;54;53;48;52;51;73;62;65;68;69
BINGO CARABOBO;7370;2;4;14;6;10;25;17;22;26;21;32;39;43;38;59;49;47;46;55;74;75;63;67;72
BINGO CARABOBO;7371;3;13;5;15;1;28;16;19;29;24;35;34;33;45;56;57;50;58;60;64;66;71;70;61
BINGO CARABOBO;7372;2;10;1;6;9;20;22;29;23;25;33;40;39;41;53;52;55;47;49;63;74;69;71;62
BINGO CARABOBO;7373;3;7;5;11;15;16;24;21;28;19;37;32;42;45;59;54;58;57;48;65;67;72;70;66
BINGO CARABOBO;7374;12;8;14;13;4;27;18;17;26;30;31;43;35;44;50;51;46;60;56;64;73;75;61;68
BINGO CARABOBO;7375;4;12;5;13;6;20;19;24;28;17;37;35;42;43;50;48;56;49;59;73;72;65;68;71
BINGO CARABOBO;7376;1;9;3;8;7;22;23;26;16;30;40;41;36;39;57;53;51;55;54;64;70;66;74;62
BINGO CARABOBO;7377;14;10;11;2;15;25;27;29;21;18;31;32;38;45;47;46;58;52;60;61;69;67;75;63
BINGO CARABOBO;7378;11;3;13;2;5;30;24;27;18;20;34;45;37;38;46;50;59;58;55;70;69;67;74;72
BINGO CARABOBO;7379;4;8;12;14;6;19;26;25;21;17;35;42;44;40;52;60;51;54;57;64;71;63;73;68
BINGO CARABOBO;7380;10;15;7;1;9;22;16;29;23;28;41;33;43;32;48;49;47;53;56;61;65;66;75;62
BINGO CARABOBO;7381;12;9;7;2;8;19;17;22;29;18;33;39;35;38;52;48;57;50;58;71;61;62;72;75
BINGO CARABOBO;7382;13;4;10;6;5;20;25;26;27;23;42;34;36;44;60;56;49;47;55;67;66;74;63;69
BINGO CARABOBO;7383;15;1;3;11;14;30;21;16;28;24;41;45;31;40;51;54;53;46;59;64;68;70;65;73
BINGO CARABOBO;7384;8;9;7;11;2;29;26;19;28;30;32;36;35;44;57;59;58;47;51;71;73;70;65;63
BINGO CARABOBO;7385;4;10;1;6;5;20;27;17;21;22;37;41;42;45;55;60;56;48;52;66;64;68;72;74
BINGO CARABOBO;7386;14;13;15;12;3;16;23;25;18;24;39;33;40;31;50;46;53;49;54;75;62;69;67;61
BINGO CARABOBO;7387;13;11;8;2;10;23;19;20;28;16;37;36;39;32;47;52;48;50;56;63;70;67;72;73
BINGO CARABOBO;7388;4;5;7;3;12;21;24;27;22;29;34;33;42;44;53;49;58;57;55;66;64;71;65;75
BINGO CARABOBO;7389;9;6;14;15;1;18;25;17;26;30;35;38;45;31;59;54;51;46;60;69;68;62;74;61
BINGO CARABOBO;7390;7;11;10;5;4;20;17;18;29;22;36;39;40;43;56;52;50;60;54;65;66;64;73;74
BINGO CARABOBO;7391;12;6;14;8;9;27;21;26;19;24;32;35;33;31;57;58;47;49;51;62;68;72;61;71
BINGO CARABOBO;7392;15;3;13;2;1;23;28;25;30;16;41;37;45;34;48;55;59;53;46;70;63;69;75;67
BINGO CARABOBO;7393;8;13;9;11;3;18;24;21;27;23;35;31;45;34;54;58;55;60;52;61;64;68;66;71
BINGO CARABOBO;7394;4;7;6;14;12;26;30;28;20;22;40;42;38;41;53;47;56;57;46;67;73;63;72;65
BINGO CARABOBO;7395;2;10;1;5;15;17;25;19;29;16;39;33;37;44;48;51;59;49;50;70;69;74;75;62
BINGO CARABOBO;7396;2;5;8;7;11;29;20;23;21;28;39;36;35;43;49;51;46;47;56;73;64;75;66;62
BINGO CARABOBO;7397;14;4;9;10;12;27;25;24;26;17;34;31;41;37;58;48;55;60;52;67;69;68;71;70
BINGO CARABOBO;7398;3;1;13;6;15;18;19;22;16;30;42;33;40;44;57;59;50;53;54;65;74;72;61;63
BINGO CARABOBO;7399;6;14;1;10;12;18;27;20;30;28;34;32;40;43;51;59;55;54;52;73;74;63;66;71
BINGO CARABOBO;7400;3;13;9;5;4;26;29;24;19;25;42;38;39;33;50;49;58;48;57;65;69;62;68;72
BINGO CARABOBO;7401;7;8;11;2;15;21;17;16;23;22;36;44;45;41;60;53;46;47;56;70;67;61;64;75
BINGO CARABOBO;7402;6;9;4;2;11;26;21;23;29;22;35;44;32;34;53;50;56;59;51;68;71;73;72;74
BINGO CARABOBO;7403;5;10;12;14;15;24;28;16;20;27;41;37;38;42;47;52;58;57;49;75;65;66;69;63
BINGO CARABOBO;7404;1;13;7;3;8;19;18;30;25;17;40;45;43;31;48;46;55;60;54;67;64;70;61;62
BINGO CARABOBO;7405;5;13;3;15;4;23;17;27;16;25;32;36;41;39;54;56;53;57;52;69;73;70;71;67
BINGO CARABOBO;7406;12;14;7;11;1;30;24;18;22;29;44;34;42;43;47;60;46;48;50;62;68;64;65;75
BINGO CARABOBO;7407;6;8;10;2;9;21;26;20;28;19;45;33;38;31;58;55;51;59;49;63;72;66;61;74
BINGO CARABOBO;7408;13;8;7;4;5;29;27;19;18;24;44;39;37;32;51;55;48;56;52;68;66;64;69;72
BINGO CARABOBO;7409;14;2;6;12;10;21;25;26;17;22;35;41;34;43;54;57;53;46;58;67;65;73;70;61
BINGO CARABOBO;7410;1;11;15;3;9;28;23;16;20;30;42;40;45;31;47;59;50;49;60;71;74;62;75;63
BINGO CARABOBO;7411;9;4;12;7;8;20;26;28;30;18;32;33;44;42;49;59;54;55;47;74;65;73;64;61
BINGO CARABOBO;7412;5;13;11;2;10;29;22;25;17;19;45;39;40;37;56;57;46;50;51;63;70;71;72;69
BINGO CARABOBO;7413;3;6;1;15;14;23;21;24;27;16;38;35;31;43;53;52;60;58;48;66;62;68;67;75
BINGO CARABOBO;7414;6;5;9;14;3;23;20;29;17;18;39;37;34;32;58;57;51;53;56;75;67;62;63;65
BINGO CARABOBO;7415;11;7;2;12;8;19;25;30;16;22;42;31;40;33;49;55;59;48;54;64;69;68;71;73
BINGO CARABOBO;7416;1;4;15;10;13;27;21;24;26;28;38;41;36;44;47;52;46;60;50;72;74;66;61;70
BINGO CARABOBO;7417;1;10;13;4;6;17;25;29;26;28;33;44;38;35;53;52;50;49;48;74;66;62;64;69
BINGO CARABOBO;7418;3;5;7;8;9;23;19;24;20;21;37;43;36;45;57;54;56;58;59;63;67;72;73;70
BINGO CARABOBO;7419;11;15;2;12;14;16;30;22;18;27;34;42;41;31;60;47;51;55;46;65;68;61;71;75
BINGO CARABOBO;7420;2;14;3;5;11;25;16;22;20;24;38;34;36;32;47;52;58;57;50;61;63;70;71;67
BINGO CARABOBO;7421;8;9;10;12;7;28;21;23;18;30;33;31;39;44;53;51;60;49;55;66;69;62;68;72
BINGO CARABOBO;7422;1;13;4;15;6;26;29;17;27;19;37;42;41;35;46;54;56;48;59;74;73;75;65;64
BINGO CARABOBO;7423;4;10;6;1;3;21;22;29;25;28;43;41;44;34;48;58;55;50;53;63;65;62;70;74
BINGO CARABOBO;7424;9;5;7;12;14;24;26;18;27;16;37;31;45;35;52;54;56;46;49;72;68;64;66;69
BINGO CARABOBO;7425;2;11;8;13;15;30;19;20;23;17;36;39;33;32;57;60;47;51;59;75;61;71;73;67
BINGO CARABOBO;7426;11;4;5;13;14;26;21;28;23;27;39;37;34;40;47;55;54;59;57;66;70;74;68;69
BINGO CARABOBO;7427;3;10;2;12;6;29;25;17;19;24;43;38;31;35;56;53;48;52;50;64;65;73;62;67
BINGO CARABOBO;7428;9;1;8;7;15;30;22;18;16;20;36;42;41;44;49;46;60;58;51;75;63;72;71;61
BINGO CARABOBO;7429;7;4;5;2;9;20;23;29;24;18;42;38;39;33;54;51;57;55;52;70;75;71;72;64
BINGO CARABOBO;7430;10;14;11;6;8;22;17;27;19;21;34;45;37;40;58;60;56;53;49;62;68;67;73;69
BINGO CARABOBO;7431;12;13;1;3;15;16;28;26;30;25;32;43;44;31;48;59;47;50;46;63;66;61;65;74
BINGO CARABOBO;7432;8;10;13;5;6;24;23;25;17;19;41;45;37;39;47;55;54;48;57;71;70;68;66;73
BINGO CARABOBO;7433;9;12;2;14;3;29;27;30;21;26;40;32;38;33;56;51;52;59;50;62;65;74;69;72
BINGO CARABOBO;7434;7;15;1;4;11;22;18;20;16;28;34;36;44;35;53;49;60;58;46;63;64;75;67;61
BINGO CARABOBO;7435;9;4;7;3;14;25;27;28;24;18;35;37;42;36;59;49;60;52;47;70;64;65;74;62
BINGO CARABOBO;7436;2;5;1;8;12;22;20;17;29;26;39;44;41;33;51;54;53;56;46;68;71;67;61;75
BINGO CARABOBO;7437;13;15;10;11;6;19;23;21;30;16;45;32;31;40;50;48;55;57;58;66;69;72;63;73
BINGO CARABOBO;7438;6;11;4;5;10;19;16;21;25;20;44;33;41;39;59;58;48;54;50;66;68;63;62;67
BINGO CARABOBO;7439;7;8;3;14;9;22;17;18;27;29;31;45;37;38;57;47;56;60;51;74;69;64;61;65
BINGO CARABOBO;7440;12;2;1;15;13;26;23;28;24;30;40;36;35;34;52;53;49;46;55;71;75;72;70;73
BINGO CARABOBO;7441;1;14;12;4;3;25;21;26;22;19;42;32;37;43;53;47;50;52;51;70;63;68;66;61
BINGO CARABOBO;7442;13;6;15;9;8;28;24;17;30;20;44;39;38;34;55;57;56;58;46;72;65;73;64;69
BINGO CARABOBO;7443;7;2;10;5;11;18;27;16;29;23;36;45;40;31;49;54;59;60;48;74;75;62;71;67
BINGO CARABOBO;7444;2;10;3;4;6;29;20;27;25;23;38;44;34;32;54;58;52;53;50;69;72;61;68;70
BINGO CARABOBO;7445;13;5;14;1;11;18;24;28;19;17;41;42;40;45;59;48;46;57;51;63;65;71;64;73
BINGO CARABOBO;7446;7;9;8;15;12;21;26;22;16;30;36;37;33;39;55;60;49;47;56;62;74;75;66;67
BINGO CARABOBO;7447;2;5;10;6;13;17;16;25;26;21;43;32;44;42;56;53;51;57;59;74;65;69;66;64
BINGO CARABOBO;7448;8;11;14;12;1;23;29;18;28;22;45;39;36;38;54;52;49;60;48;63;71;62;70;67
BINGO CARABOBO;7449;7;4;9;3;15;30;27;24;19;20;33;41;34;31;50;58;47;55;46;72;68;73;75;61
BINGO CARABOBO;7450;15;6;7;3;10;29;28;30;19;17;33;43;42;36;59;48;57;55;51;69;67;71;65;70
BINGO CARABOBO;7451;4;13;2;12;14;20;26;22;18;24;34;45;39;31;53;46;58;56;52;61;63;66;72;68
BINGO CARABOBO;7452;8;9;5;11;1;23;25;21;16;27;38;44;35;41;47;49;54;60;50;62;73;74;75;64
BINGO CARABOBO;7453;3;8;2;7;9;28;26;19;23;22;37;33;34;35;53;58;50;57;48;66;62;69;70;65
BINGO CARABOBO;7454;6;11;5;4;13;17;27;21;29;20;41;44;45;31;47;52;56;46;54;63;72;74;73;71
BINGO CARABOBO;7455;10;12;14;15;1;24;25;30;16;18;39;32;38;43;51;55;60;59;49;75;64;67;68;61
BINGO CARABOBO;7456;9;10;14;1;8;26;24;20;18;25;32;36;33;43;52;60;57;51;56;66;68;70;74;75
BINGO CARABOBO;7457;6;15;4;3;11;27;17;22;28;19;35;44;38;37;50;53;58;47;59;73;63;62;64;61
BINGO CARABOBO;7458;5;7;13;2;12;23;21;29;16;30;40;41;39;45;49;48;54;46;55;69;65;71;72;67
BINGO CARABOBO;7459;8;14;11;9;13;26;18;24;28;23;34;35;40;37;47;48;50;52;59;69;63;73;71;62
BINGO CARABOBO;7460;2;10;12;6;5;22;21;29;17;25;44;38;39;31;53;55;49;57;54;68;66;64;70;72
BINGO CARABOBO;7461;7;15;1;4;3;19;27;20;30;16;36;43;42;33;58;56;60;51;46;67;65;61;75;74
BINGO CARABOBO;7462;14;3;15;9;13;25;21;19;24;26;38;44;35;37;55;56;48;54;59;68;69;64;73;65
BINGO CARABOBO;7463;10;11;4;2;5;27;16;18;22;28;39;36;33;32;57;51;47;50;53;66;74;70;72;67
BINGO CARABOBO;7464;12;6;7;8;1;23;17;29;30;20;40;45;31;43;49;52;58;60;46;71;62;63;75;61
BINGO CARABOBO;7465;4;3;5;11;2;24;25;20;27;28;39;43;33;35;55;60;58;52;57;73;65;69;67;72
BINGO CARABOBO;7466;14;12;1;8;10;30;23;19;22;17;36;34;45;32;49;50;51;54;56;68;66;62;64;71
BINGO CARABOBO;7467;13;7;9;6;15;18;21;26;29;16;40;38;42;31;48;59;47;53;46;70;74;61;63;75
BINGO CARABOBO;7468;9;12;1;14;7;28;24;26;29;25;42;38;34;32;56;51;58;48;60;70;75;61;74;62
BINGO CARABOBO;7469;3;11;13;5;6;19;20;23;21;22;39;41;33;44;55;54;52;46;59;65;71;66;72;64
BINGO CARABOBO;7470;4;15;10;8;2;18;30;17;16;27;43;36;45;35;50;47;53;49;57;73;63;68;69;67
BINGO CARABOBO;7471;7;5;6;8;10;22;27;21;17;18;41;33;40;35;51;59;46;58;49;66;71;70;67;62
BINGO CARABOBO;7472;3;2;9;11;14;28;20;25;24;26;42;45;38;37;52;55;50;53;54;73;72;69;75;65
BINGO CARABOBO;7473;12;15;1;4;13;30;23;19;16;29;34;39;44;32;57;56;47;60;48;64;68;63;74;61
BINGO CARABOBO;7474;13;15;1;11;12;20;24;19;25;17;33;38;37;42;57;51;52;55;60;63;72;61;64;68
BINGO CARABOBO;7475;4;2;10;7;8;26;27;18;29;16;35;34;39;41;47;49;59;54;56;69;70;67;74;65
BINGO CARABOBO;7476;14;6;5;9;3;30;28;22;23;21;31;40;43;44;53;50;58;46;48;62;73;71;66;75
BINGO CARABOBO;7477;13;14;4;3;12;25;18;26;22;20;39;33;43;41;47;49;53;55;57;66;65;62;69;67
BINGO CARABOBO;7478;9;2;5;11;15;27;17;24;19;28;35;37;34;42;48;56;54;60;58;63;70;72;68;71
BINGO CARABOBO;7479;6;8;1;10;7;29;23;30;16;21;44;40;38;45;52;51;46;59;50;61;64;74;75;73
BINGO CARABOBO;7480;4;9;3;12;1;19;23;28;27;20;32;41;39;38;47;54;48;58;53;68;61;65;69;73
BINGO CARABOBO;7481;6;5;2;15;10;18;22;29;24;25;42;36;37;31;51;49;56;55;50;67;74;70;71;66
BINGO CARABOBO;7482;8;13;11;7;14;30;21;17;16;26;33;44;43;45;46;57;60;52;59;64;63;72;75;62
BINGO CARABOBO;7483;3;9;1;14;13;17;23;29;26;24;40;45;34;31;59;51;54;52;48;66;64;70;69;61
BINGO CARABOBO;7484;4;11;15;6;8;27;28;30;22;16;38;37;43;41;56;47;57;49;58;75;68;65;63;72
BINGO CARABOBO;7485;10;12;7;2;5;21;20;25;18;19;39;42;33;44;50;60;46;55;53;73;62;71;67;74
BINGO CARABOBO;7486;1;14;8;9;4;25;27;29;18;17;31;39;38;37;55;46;53;47;58;62;73;72;61;68
BINGO CARABOBO;7487;2;5;7;3;13;23;24;22;21;16;33;40;43;36;56;48;57;51;60;67;63;65;71;74
BINGO CARABOBO;7488;15;12;11;6;10;20;26;30;28;19;42;45;41;32;50;52;54;49;59;66;69;64;70;75
BINGO CARABOBO;7489;7;8;9;13;14;20;19;29;26;17;45;38;37;31;55;53;58;48;49;71;68;62;75;74
BINGO CARABOBO;7490;2;5;1;3;10;28;27;18;22;25;35;40;34;33;56;54;59;50;60;73;63;70;67;65
BINGO CARABOBO;7491;6;11;4;15;12;24;23;21;30;16;42;41;43;39;51;57;47;52;46;72;64;61;69;66
BINGO CARABOBO;7492;11;8;2;10;4;19;16;25;30;20;33;40;39;42;51;57;48;54;53;66;67;71;72;69
BINGO CARABOBO;7493;1;14;12;9;6;24;21;28;23;26;38;44;41;34;50;59;47;56;55;65;75;63;70;64
BINGO CARABOBO;7494;5;13;15;3;7;18;29;27;22;17;35;37;45;32;58;49;52;60;46;74;61;68;62;73
BINGO CARABOBO;7495;14;2;9;12;8;21;24;23;28;19;40;39;32;33;56;52;54;48;51;74;72;66;68;71
BINGO CARABOBO;7496;5;13;4;11;6;27;18;26;25;22;44;35;41;37;53;58;59;60;55;70;64;65;75;73
BINGO CARABOBO;7497;1;7;3;10;15;29;30;17;20;16;45;31;42;43;47;50;49;46;57;63;67;69;62;61
BINGO CARABOBO;7498;2;9;13;7;14;25;29;17;19;22;36;35;39;32;51;46;60;55;59;72;61;63;69;64
BINGO CARABOBO;7499;3;1;8;5;11;27;26;20;21;16;34;41;38;33;50;49;48;53;56;71;75;65;62;74
BINGO CARABOBO;7500;6;12;10;15;4;23;28;24;30;18;42;40;31;45;52;54;47;57;58;70;67;73;66;68
BINGO CARABOBO;7501;4;8;6;10;9;21;24;20;22;19;44;32;36;45;57;53;50;59;49;68;67;74;65;72
BINGO CARABOBO;7502;7;14;15;2;11;18;23;26;17;16;38;34;31;39;54;58;48;55;51;75;71;62;63;69
BINGO CARABOBO;7503;3;13;1;12;5;27;29;30;28;25;41;40;35;37;60;47;52;46;56;66;70;64;73;61
BINGO CARABOBO;7504;7;11;2;9;14;18;22;24;27;28;38;42;36;41;54;47;51;50;56;62;66;72;70;65
BINGO CARABOBO;7505;12;8;4;6;5;29;25;19;21;30;37;34;33;44;55;60;52;59;57;67;74;68;69;71
BINGO CARABOBO;7506;15;1;13;3;10;23;17;20;26;16;35;45;40;39;46;49;53;58;48;75;64;73;63;61
BINGO CARABOBO;7507;11;4;7;2;12;21;29;20;28;16;44;38;36;43;57;48;52;55;56;63;62;65;64;67
BINGO CARABOBO;7508;14;15;5;6;8;22;19;30;18;26;37;40;42;35;59;50;49;58;60;74;61;68;71;66
BINGO CARABOBO;7509;3;10;1;13;9;25;23;24;27;17;31;41;33;34;51;53;46;54;47;69;72;75;70;73
BINGO CARABOBO;7510;6;8;2;1;12;25;28;17;24;18;37;40;36;42;53;51;55;50;46;75;69;70;67;62
BINGO CARABOBO;7511;10;14;11;9;13;26;19;23;29;22;31;33;41;44;59;60;57;47;56;68;64;73;72;66
BINGO CARABOBO;7512;4;7;15;5;3;21;20;30;27;16;34;45;43;32;54;58;49;52;48;61;74;65;63;71
BINGO CARABOBO;7513;10;11;6;3;12;17;22;23;29;20;43;36;32;31;58;51;59;57;48;66;68;64;69;74
BINGO CARABOBO;7514;4;8;13;5;2;21;24;25;27;28;37;38;42;45;50;52;49;56;47;63;75;71;65;72
BINGO CARABOBO;7515;1;7;14;9;15;30;18;19;26;16;44;41;39;35;60;54;53;46;55;70;62;73;61;67
BINGO CARABOBO;7516;2;4;11;13;12;28;24;27;20;18;36;38;31;34;57;51;46;53;60;72;63;71;65;69
BINGO CARABOBO;7517;3;5;9;1;8;26;29;22;25;16;42;32;40;39;59;49;48;56;50;62;70;74;73;64
BINGO CARABOBO;7518;7;6;14;15;10;19;17;23;30;21;41;37;33;43;52;54;55;58;47;66;68;67;75;61
BINGO CARABOBO;7519;9;12;2;7;10;24;18;17;20;19;37;31;42;41;49;57;53;56;48;62;72;75;64;63
BINGO CARABOBO;7520;11;14;13;8;4;22;26;27;29;28;36;34;38;35;55;50;58;47;52;67;70;71;65;66
BINGO CARABOBO;7521;5;1;3;15;6;23;21;25;30;16;43;44;32;45;51;54;46;59;60;69;74;68;61;73
BINGO CARABOBO;7522;9;11;1;4;2;20;18;21;22;19;34;44;39;36;54;52;58;57;48;64;63;72;62;68
BINGO CARABOBO;7523;12;10;8;13;14;27;23;28;25;24;31;37;45;38;55;47;50;49;56;70;61;75;71;73
BINGO CARABOBO;7524;6;5;7;3;15;17;16;30;29;26;42;35;32;33;53;60;59;51;46;65;66;67;69;74
BINGO CARABOBO;7525;12;14;8;11;10;30;23;24;28;17;33;36;37;39;48;54;51;53;60;62;61;71;65;67
BINGO CARABOBO;7526;13;15;1;7;4;22;26;21;27;19;45;32;40;44;52;59;46;56;47;69;63;68;70;73
BINGO CARABOBO;7527;6;2;9;3;5;25;20;18;16;29;38;35;42;31;50;55;49;58;57;74;72;66;64;75
BINGO CARABOBO;7528;5;8;2;3;11;22;17;23;18;26;45;43;37;35;46;57;53;51;60;63;61;64;71;62
BINGO CARABOBO;7529;4;7;12;10;6;29;30;21;25;24;38;39;33;31;58;47;56;59;48;75;70;68;73;69
BINGO CARABOBO;7530;15;9;13;1;14;28;20;16;27;19;42;40;34;44;52;55;54;49;50;67;72;65;74;66
BINGO CARABOBO;7531;4;15;2;6;9;28;20;24;26;29;42;38;39;43;57;52;58;59;60;69;73;67;66;64
BINGO CARABOBO;7532;3;10;5;12;11;19;25;16;18;17;37;33;34;44;53;47;54;55;50;61;71;75;72;63
BINGO CARABOBO;7533;13;8;7;14;1;21;23;30;27;22;45;36;41;31;49;48;51;46;56;70;65;74;62;68
BINGO CARABOBO;7534;6;5;12;2;13;18;21;20;28;19;42;40;36;39;57;55;49;51;56;75;71;72;65;73
BINGO CARABOBO;7535;7;11;4;8;9;25;30;27;26;23;33;38;43;35;59;50;53;47;58;68;67;70;74;63
BINGO CARABOBO;7536;1;10;14;15;3;17;22;24;29;16;32;34;45;31;60;48;52;54;46;66;62;61;64;69
BINGO CARABOBO;7537;7;11;2;8;10;18;19;20;22;27;37;35;40;41;57;46;54;60;53;67;69;66;64;71
BINGO CARABOBO;7538;3;1;12;13;6;29;17;24;26;25;32;39;42;38;47;51;52;59;49;74;61;63;68;73
BINGO CARABOBO;7539;14;15;4;9;5;28;23;30;21;16;33;36;43;44;58;50;48;55;56;72;65;70;75;62
BINGO CARABOBO;7540;7;10;15;8;6;25;26;28;20;29;34;45;32;35;49;56;47;58;48;66;71;65;68;74
BINGO CARABOBO;7541;9;5;11;3;12;21;22;17;30;19;38;31;33;42;51;50;54;57;59;61;73;67;64;69
BINGO CARABOBO;7542;13;14;2;4;1;18;16;24;27;23;44;36;41;37;60;55;46;53;52;70;72;63;75;62
BINGO CARABOBO;7543;12;5;1;7;9;28;17;21;16;18;44;41;38;45;58;46;50;55;49;73;68;66;70;63
BINGO CARABOBO;7544;10;6;3;13;4;27;20;25;19;24;35;42;39;43;54;60;52;56;53;67;69;74;72;75
BINGO CARABOBO;7545;2;15;11;8;14;26;23;29;22;30;37;31;34;36;51;47;57;48;59;65;71;61;62;64
BINGO CARABOBO;7546;6;8;14;3;5;27;18;28;29;22;37;42;38;35;52;55;56;54;57;71;61;74;69;65
BINGO CARABOBO;7547;10;13;12;1;11;16;20;25;17;30;39;44;40;36;48;50;53;47;60;67;72;64;75;63
BINGO CARABOBO;7548;7;2;9;15;4;23;26;21;19;24;33;41;32;34;59;49;51;46;58;66;73;62;70;68
BINGO CARABOBO;7549;13;2;6;14;5;26;29;17;18;21;38;37;35;31;50;55;56;53;47;64;63;61;62;70
BINGO CARABOBO;7550;15;8;11;10;4;24;28;22;23;25;45;44;33;41;57;49;51;59;54;72;65;71;75;69
BINGO CARABOBO;7551;7;9;12;3;1;19;16;27;30;20;42;32;39;34;58;52;48;60;46;66;68;67;74;73
BINGO CARABOBO;7552;12;4;3;9;6;20;29;19;28;24;37;45;42;33;53;50;58;47;56;66;73;70;69;62
BINGO CARABOBO;7553;10;11;8;14;2;30;17;27;22;23;35;36;41;38;57;54;51;60;59;67;65;74;63;71
BINGO CARABOBO;7554;13;5;1;7;15;21;25;18;16;26;43;40;31;44;48;49;46;52;55;72;64;68;75;61
BINGO CARABOBO;7555;5;6;10;12;11;24;26;21;19;22;39;34;42;35;48;57;47;55;56;73;63;67;72;64
BINGO CARABOBO;7556;4;9;3;13;15;16;20;29;18;23;44;32;43;31;50;51;53;52;59;75;70;62;65;71
BINGO CARABOBO;7557;14;7;2;8;1;25;17;28;30;27;41;40;45;37;58;46;54;49;60;69;66;74;68;61
BINGO CARABOBO;7558;13;7;10;11;9;16;24;28;26;21;37;45;38;44;60;55;58;46;47;66;68;73;69;65
BINGO CARABOBO;7559;12;8;15;1;4;25;23;18;27;29;35;39;34;41;50;54;51;53;52;75;72;74;70;61
BINGO CARABOBO;7560;6;5;2;3;14;17;30;20;22;19;36;40;42;31;57;48;49;59;56;67;71;62;63;64
BINGO CARABOBO;7561;11;9;6;7;5;24;19;20;17;16;41;39;43;35;55;49;59;48;57;63;65;73;68;62
BINGO CARABOBO;7562;14;4;1;2;13;27;28;18;26;21;32;36;34;40;58;51;53;50;60;70;71;67;66;74
BINGO CARABOBO;7563;10;15;8;3;12;25;22;29;30;23;44;42;38;31;56;54;52;47;46;64;69;61;72;75
BINGO CARABOBO;7564;5;3;14;4;9;23;24;17;29;28;38;44;33;36;51;52;54;48;47;70;65;61;63;69
BINGO CARABOBO;7565;2;6;15;11;7;26;18;19;22;30;35;42;31;37;53;59;49;50;60;64;66;71;73;62
BINGO CARABOBO;7566;8;10;12;1;13;27;16;20;21;25;41;39;32;45;46;55;56;57;58;72;68;67;75;74
BINGO CARABOBO;7567;2;11;6;12;8;23;21;26;16;20;39;37;35;34;59;56;49;54;52;74;73;67;70;72
BINGO CARABOBO;7568;9;1;4;7;5;28;24;27;18;25;36;40;45;31;48;58;60;50;55;65;71;66;75;63
BINGO CARABOBO;7569;10;13;14;3;15;19;22;30;17;29;38;41;43;33;47;53;51;46;57;64;69;61;62;68
BINGO CARABOBO;7570;2;9;5;8;11;21;30;16;22;25;38;37;33;34;53;56;50;51;48;73;71;69;61;62
BINGO CARABOBO;7571;10;13;3;7;4;28;23;20;24;26;31;41;43;42;47;52;55;58;49;67;64;75;63;74
BINGO CARABOBO;7572;6;12;15;14;1;27;18;19;29;17;39;32;40;45;57;54;59;46;60;66;70;68;65;72
BINGO CARABOBO;7573;2;9;12;5;11;18;25;27;21;29;40;31;37;42;55;59;60;51;49;72;62;68;69;73
BINGO CARABOBO;7574;6;7;13;15;10;24;28;16;19;30;44;38;34;33;50;47;54;53;58;75;71;65;70;63
BINGO CARABOBO;7575;4;3;8;1;14;22;17;23;20;26;43;32;45;35;52;57;46;56;48;66;64;67;61;74
BINGO CARABOBO;7576;13;14;12;15;9;20;18;29;24;25;44;43;32;37;51;49;48;53;57;63;66;64;72;61
BINGO CARABOBO;7577;7;8;4;2;3;16;26;21;23;27;33;31;34;38;47;55;52;56;60;62;65;68;71;73
BINGO CARABOBO;7578;6;10;5;1;11;17;22;19;30;28;39;35;41;42;58;59;54;50;46;74;75;67;69;70
BINGO CARABOBO;7579;6;8;13;4;10;23;30;17;24;26;37;34;35;39;51;52;59;47;53;75;68;67;72;70
BINGO CARABOBO;7580;9;3;15;14;5;16;25;29;21;18;42;40;32;38;56;54;46;55;57;71;66;69;62;73
BINGO CARABOBO;7581;11;7;1;2;12;22;28;19;20;27;43;36;45;31;50;58;49;60;48;65;63;64;74;61
BINGO CARABOBO;7582;6;10;13;8;7;19;16;30;28;26;35;38;32;42;54;50;48;58;52;66;72;63;74;71
BINGO CARABOBO;7583;9;11;2;4;12;25;18;27;20;21;45;40;33;36;60;56;46;49;51;62;65;61;64;73
BINGO CARABOBO;7584;1;14;3;15;5;22;23;29;24;17;34;41;44;31;47;57;53;59;55;69;67;70;75;68
BINGO CARABOBO;7585;7;5;2;3;11;20;30;19;26;24;44;32;39;41;57;48;60;52;49;62;69;68;61;72
BINGO CARABOBO;7586;9;10;6;13;12;27;16;22;17;23;36;35;33;37;50;55;47;58;46;64;73;67;75;66
BINGO CARABOBO;7587;1;14;4;8;15;28;21;25;29;18;42;34;31;45;53;56;51;59;54;71;70;74;65;63
BINGO CARABOBO;7588;13;5;3;2;8;26;28;16;27;21;34;36;33;42;57;47;54;55;48;67;72;68;74;69
BINGO CARABOBO;7589;11;6;12;9;10;24;19;18;22;29;31;44;43;41;51;52;59;50;53;73;75;70;62;61
BINGO CARABOBO;7590;4;1;14;15;7;30;17;23;25;20;38;40;32;39;60;49;56;46;58;64;65;66;71;63
BINGO CARABOBO;7591;1;10;4;13;14;16;21;23;22;27;33;44;38;32;50;47;59;57;55;73;74;62;69;64
BINGO CARABOBO;7592;6;8;5;15;12;25;26;20;17;28;34;43;39;40;49;48;54;52;53;71;63;70;72;68
BINGO CARABOBO;7593;11;9;7;3;2;19;30;24;18;29;42;36;31;37;51;46;58;60;56;75;66;65;61;67
BINGO CARABOBO;7594;6;9;4;2;5;21;20;17;25;23;41;35;36;38;59;48;50;54;60;70;64;66;67;74
BINGO CARABOBO;7595;14;8;3;15;1;19;28;30;26;24;31;43;33;39;47;51;53;57;52;75;71;68;72;63
BINGO CARABOBO;7596;7;13;11;10;12;22;16;27;18;29;37;45;44;32;56;46;55;58;49;65;69;73;61;62
BINGO CARABOBO;7597;6;13;2;15;10;27;20;25;26;19;39;31;36;35;53;59;46;50;47;63;68;69;71;67
BINGO CARABOBO;7598;5;8;12;7;9;30;21;16;18;24;41;44;42;37;56;58;57;55;48;74;64;62;73;70
BINGO CARABOBO;7599;11;1;4;14;3;22;23;29;17;28;33;43;32;45;52;54;51;49;60;66;61;72;75;65
BINGO CARABOBO;7600;7;2;4;11;10;28;25;17;27;20;38;37;33;42;48;51;55;49;50;65;62;74;66;68
BINGO CARABOBO;7601;3;8;12;5;13;16;21;22;23;18;44;35;34;43;54;52;59;57;47;63;64;70;69;75
BINGO CARABOBO;7602;14;6;9;1;15;24;29;30;26;19;36;40;41;45;58;53;56;46;60;67;71;73;61;72
BINGO CARABOBO;7603;1;8;11;7;9;21;27;26;16;23;45;43;41;39;49;59;57;55;47;64;68;74;65;75
BINGO CARABOBO;7604;5;6;4;13;10;18;30;20;28;17;35;44;33;38;58;50;53;54;51;62;63;72;71;70
BINGO CARABOBO;7605;14;12;3;15;2;24;25;22;19;29;40;37;31;42;52;48;60;56;46;66;61;69;67;73
BINGO CARABOBO;7606;10;8;13;14;3;22;19;29;17;18;40;38;34;32;48;58;52;59;57;66;72;69;61;74
BINGO CARABOBO;7607;2;4;6;9;7;20;21;25;24;26;37;31;41;33;51;54;60;53;55;73;63;67;71;64
BINGO CARABOBO;7608;1;11;12;5;15;30;23;16;27;28;39;42;36;44;47;50;46;56;49;75;68;62;65;70
BINGO CARABOBO;7609;8;3;10;12;6;27;26;24;25;28;33;37;36;43;57;46;59;50;60;64;71;69;63;65
BINGO CARABOBO;7610;4;14;1;2;5;22;17;20;19;16;44;38;42;35;52;48;53;54;51;74;73;66;68;62
BINGO CARABOBO;7611;9;13;15;11;7;29;23;18;30;21;41;34;32;39;56;47;55;49;58;72;67;70;61;75
BINGO CARABOBO;7612;3;6;9;13;5;29;21;18;16;22;43;35;44;38;51;52;58;59;47;65;66;67;69;63
BINGO CARABOBO;7613;7;11;8;10;14;25;20;27;24;26;39;36;41;37;54;49;57;48;50;62;68;74;70;71
BINGO CARABOBO;7614;2;15;4;1;12;17;23;28;19;30;33;34;32;31;55;56;60;53;46;73;72;75;64;61
BINGO CARABOBO;7615;5;13;9;8;14;19;23;28;22;27;44;32;36;37;59;57;54;49;52;64;65;62;68;72
BINGO CARABOBO;7616;3;2;15;4;7;24;25;18;30;29;35;41;43;45;53;51;47;58;56;70;66;69;71;74
BINGO CARABOBO;7617;6;1;12;11;10;17;21;20;16;26;42;38;33;34;60;50;55;48;46;67;73;75;61;63
BINGO CARABOBO;7618;12;8;4;13;5;26;25;18;23;16;37;38;39;33;51;55;56;60;46;71;61;74;69;73
BINGO CARABOBO;7619;3;7;15;6;2;22;21;27;30;17;36;34;45;44;54;52;59;49;48;68;67;63;65;70
BINGO CARABOBO;7620;9;11;1;10;14;24;20;28;29;19;42;31;41;35;58;53;50;47;57;64;72;62;75;66
BINGO CARABOBO;7621;3;9;12;11;2;27;30;22;21;29;36;33;39;42;59;55;48;58;56;65;73;66;63;69
BINGO CARABOBO;7622;13;10;6;8;14;23;18;19;26;28;40;38;41;43;52;54;51;50;47;64;62;67;71;70
BINGO CARABOBO;7623;7;15;4;5;1;24;17;20;16;25;34;31;32;45;49;60;46;53;57;75;72;74;68;61
BINGO CARABOBO;7624;13;4;5;3;6;19;18;20;27;28;35;43;39;38;52;59;48;53;47;63;70;72;69;74
BINGO CARABOBO;7625;9;14;10;2;8;24;22;25;17;29;34;41;32;37;60;55;56;50;46;61;65;66;67;68
BINGO CARABOBO;7626;1;11;12;15;7;23;26;30;21;16;42;33;31;44;49;58;54;51;57;73;71;62;64;75
BINGO CARABOBO;7627;13;4;2;15;9;21;19;20;18;27;42;32;38;33;54;46;59;51;57;61;70;71;65;73
BINGO CARABOBO;7628;11;12;10;6;3;30;26;16;25;28;39;37;35;41;50;48;49;56;60;74;62;72;75;64
BINGO CARABOBO;7629;1;7;14;5;8;22;24;29;17;23;34;36;31;44;52;55;53;58;47;66;63;68;69;67
BINGO CARABOBO;7630;1;11;14;13;4;27;30;19;18;24;35;43;39;37;52;54;57;48;47;73;61;71;72;67
BINGO CARABOBO;7631;6;7;5;8;10;28;21;22;23;25;44;38;40;33;58;56;51;49;53;74;65;66;69;68
BINGO CARABOBO;7632;9;2;15;12;3;29;17;26;16;20;34;32;31;42;59;50;60;55;46;64;63;75;70;62
BINGO CARABOBO;7633;2;9;6;12;3;22;21;16;24;29;38;35;41;31;49;58;56;50;51;74;66;73;69;64
BINGO CARABOBO;7634;14;5;8;4;7;18;28;27;26;19;44;32;34;43;52;48;46;53;59;63;61;68;67;62
BINGO CARABOBO;7635;15;13;10;11;1;17;25;23;20;30;33;42;36;37;54;47;57;55;60;71;72;70;65;75
BINGO CARABOBO;7636;2;10;1;7;11;29;20;27;30;26;32;38;42;39;53;58;59;47;57;62;68;72;69;65
BINGO CARABOBO;7637;5;12;8;9;3;18;19;23;16;17;34;36;37;40;50;54;52;49;60;73;64;66;74;67
BINGO CARABOBO;7638;14;13;6;15;4;22;24;28;21;25;43;41;31;45;51;56;48;55;46;63;61;70;75;71
BINGO CARABOBO;7639;5;3;2;1;10;20;18;27;28;23;32;34;33;35;52;60;47;49;48;62;68;61;70;72
BINGO CARABOBO;7640;15;8;7;9;11;29;16;19;30;24;38;40;37;44;57;50;55;54;51;69;63;73;65;74
BINGO CARABOBO;7641;13;14;6;4;12;25;22;26;17;21;36;31;39;42;53;58;46;56;59;64;67;71;75;66
BINGO CARABOBO;7642;8;12;11;14;5;17;18;20;29;19;36;35;41;33;50;59;49;58;47;71;70;74;64;65
BINGO CARABOBO;7643;4;13;15;7;9;22;25;26;27;30;31;43;42;38;53;56;46;60;55;69;72;66;75;67
BINGO CARABOBO;7644;2;6;3;1;10;24;28;21;16;23;37;34;44;32;51;52;54;48;57;62;68;61;63;73
BINGO CARABOBO;7645;5;2;6;3;7;17;30;23;16;20;39;45;43;33;56;48;55;49;53;71;63;69;74;72
BINGO CARABOBO;7646;1;13;10;9;11;28;26;24;18;27;38;32;34;35;52;58;59;47;54;64;70;75;61;62
BINGO CARABOBO;7647;4;12;8;14;15;25;29;19;22;21;42;41;31;44;51;57;60;50;46;65;73;67;68;66
BINGO CARABOBO;7648;11;12;2;4;13;28;16;22;26;17;34;37;41;40;55;47;54;49;50;68;70;65;74;62
BINGO CARABOBO;7649;8;3;7;6;15;27;20;25;24;19;42;31;35;38;56;60;48;52;51;64;69;71;72;67
BINGO CARABOBO;7650;10;9;1;14;5;30;21;18;23;29;43;45;44;32;58;59;57;53;46;61;66;63;75;73
BINGO CARABOBO;7651;14;6;1;3;8;28;21;26;18;27;35;39;43;45;48;50;49;53;46;73;67;66;62;74
BINGO CARABOBO;7652;7;2;9;10;11;30;22;25;20;29;36;41;37;32;52;54;51;58;57;65;68;64;70;72
BINGO CARABOBO;7653;13;4;12;15;5;23;24;19;17;16;33;40;38;31;47;60;59;56;55;69;63;61;75;71
BINGO CARABOBO;7654;9;13;6;12;5;22;24;23;27;16;34;37;43;41;52;53;49;58;54;62;74;70;71;63
BINGO CARABOBO;7655;14;3;8;4;2;29;19;20;17;26;42;40;36;35;46;57;50;60;51;67;72;66;69;65
BINGO CARABOBO;7656;11;1;7;15;10;21;28;18;30;25;32;39;45;38;48;59;47;55;56;68;61;75;73;64
BINGO CARABOBO;7657;13;6;11;4;10;20;25;16;23;28;36;40;41;42;57;54;58;49;53;74;61;65;63;69
BINGO CARABOBO;7658;14;9;1;3;7;26;22;18;21;24;43;39;37;34;50;46;55;47;48;68;73;67;72;70
BINGO CARABOBO;7659;15;12;2;5;8;19;27;17;30;29;31;44;33;38;56;52;59;51;60;71;75;62;66;64
BINGO CARABOBO;7660;15;3;10;8;4;27;19;22;24;18;36;37;35;39;52;47;55;59;53;66;72;62;64;68
BINGO CARABOBO;7661;5;13;6;7;11;23;25;28;29;30;42;40;38;31;60;49;46;54;50;70;69;67;61;65
BINGO CARABOBO;7662;9;14;1;12;2;21;17;20;26;16;32;34;45;41;56;58;48;51;57;74;75;63;71;73
BINGO CARABOBO;7663;10;3;4;2;7;30;23;17;19;27;41;44;40;32;53;56;57;52;55;62;68;70;67;63
BINGO CARABOBO;7664;15;5;8;12;6;25;16;28;24;29;39;35;43;37;47;48;54;51;59;75;64;61;66;73
BINGO CARABOBO;7665;14;9;1;11;13;20;26;22;18;21;36;34;42;31;49;60;50;58;46;72;74;69;65;71
BINGO CARABOBO;7666;9;11;12;8;2;21;22;18;29;23;44;36;41;33;55;49;53;59;50;66;74;64;65;70
BINGO CARABOBO;7667;10;5;1;15;13;28;17;24;26;30;40;43;45;31;56;54;47;58;60;71;72;68;61;67
BINGO CARABOBO;7668;4;14;3;6;7;25;20;19;16;27;38;34;32;42;51;52;48;46;57;73;63;62;69;75
BINGO CARABOBO;7669;14;1;6;9;15;25;19;27;29;26;33;41;36;35;51;53;59;47;50;66;61;63;70;64
BINGO CARABOBO;7670;11;7;4;12;3;24;22;17;23;16;37;38;40;42;58;55;54;60;46;72;75;73;68;71
BINGO CARABOBO;7671;5;10;8;13;2;30;28;18;20;21;43;39;34;45;49;57;52;56;48;65;67;74;62;69
BINGO CARABOBO;7672;6;11;7;13;3;21;25;30;19;22;32;41;39;38;55;56;49;59;57;66;68;70;73;67
BINGO CARABOBO;7673;12;4;8;9;14;24;27;17;16;26;43;36;44;33;52;50;54;53;48;72;64;75;63;69
BINGO CARABOBO;7674;5;15;1;2;10;28;20;29;18;23;35;37;34;31;58;60;47;51;46;62;61;74;65;71
BINGO CARABOBO;7675;4;14;3;6;5;22;24;30;18;28;42;32;36;33;50;46;47;58;54;69;67;73;72;64
BINGO CARABOBO;7676;9;13;12;7;8;23;21;25;20;26;40;37;39;38;60;52;55;53;49;70;62;65;71;74
BINGO CARABOBO;7677;10;1;11;15;2;17;19;27;29;16;35;43;31;45;56;51;57;59;48;75;63;66;68;61
BINGO CARABOBO;7678;2;3;11;14;7;28;26;21;24;25;33;41;31;43;49;51;58;52;55;64;70;66;62;71
BINGO CARABOBO;7679;12;4;15;6;13;30;16;23;20;17;35;38;45;39;57;47;46;54;60;68;61;65;74;67
BINGO CARABOBO;7680;5;8;1;9;10;19;22;29;27;18;44;40;32;37;53;50;56;59;48;69;72;73;75;63
BINGO CARABOBO;7681;12;13;14;11;2;26;22;17;19;25;36;43;44;37;60;58;48;52;56;62;73;65;64;66
BINGO CARABOBO;7682;4;10;3;5;7;18;21;27;24;20;40;41;38;34;59;57;53;47;46;72;74;69;70;71
BINGO CARABOBO;7683;8;9;6;15;1;29;23;28;30;16;42;32;39;31;54;51;50;55;49;63;68;75;61;67
BINGO CARABOBO;7684;14;12;5;11;1;23;17;25;27;28;44;36;37;38;49;58;60;51;53;63;74;64;67;68
BINGO CARABOBO;7685;2;9;7;15;10;20;26;21;29;18;35;41;31;39;50;46;57;59;56;65;72;66;75;70
BINGO CARABOBO;7686;6;13;3;8;4;22;19;16;24;30;40;42;43;34;47;54;52;55;48;69;62;73;61;71
BINGO CARABOBO;7687;11;1;10;12;7;23;22;20;27;26;40;43;35;38;56;53;55;50;54;69;74;67;70;73
BINGO CARABOBO;7688;4;13;14;2;6;17;29;19;24;21;45;36;37;33;52;60;46;47;59;62;65;68;64;71
BINGO CARABOBO;7689;3;8;5;9;15;28;25;30;16;18;39;44;32;31;58;49;48;57;51;63;72;66;61;75
BINGO CARABOBO;7690;3;13;1;9;2;27;17;23;20;24;41;40;43;34;48;60;55;51;52;67;71;64;70;65
BINGO CARABOBO;7691;6;5;11;10;8;29;28;21;22;25;36;38;37;35;58;50;54;57;47;73;62;72;63;68
BINGO CARABOBO;7692;15;7;4;12;14;16;19;26;30;18;44;33;31;45;59;49;53;56;46;66;61;74;69;75
BINGO CARABOBO;7693;3;5;6;9;8;16;26;23;18;19;42;44;33;41;51;47;49;56;58;66;65;72;68;71
BINGO CARABOBO;7694;12;14;13;1;7;20;21;24;30;17;36;35;43;34;48;57;46;55;52;73;70;61;74;75
BINGO CARABOBO;7695;4;15;11;10;2;25;28;27;29;22;32;45;38;39;54;53;50;59;60;63;64;67;62;69
BINGO CARABOBO;7696;6;10;4;3;9;17;25;21;20;22;37;41;38;32;51;56;55;53;59;74;63;66;64;73
BINGO CARABOBO;7697;5;1;13;12;11;23;19;28;24;29;43;39;36;42;58;49;54;48;50;62;69;75;67;65
BINGO CARABOBO;7698;8;14;7;2;15;27;26;18;30;16;31;40;35;34;47;57;52;60;46;61;71;72;68;70
BINGO CARABOBO;7699;6;2;1;5;12;26;27;25;19;20;35;40;45;38;49;54;58;50;46;69;72;71;70;74
BINGO CARABOBO;7700;10;9;14;11;13;24;29;18;22;21;44;33;39;37;51;57;55;48;52;64;66;68;63;67
BINGO CARABOBO;7701;7;3;8;4;15;16;28;17;23;30;43;34;41;31;60;59;56;47;53;61;65;73;75;62
BINGO CARABOBO;7702;13;3;1;11;6;19;22;25;18;26;44;33;34;39;57;48;47;59;53;65;62;64;61;70
BINGO CARABOBO;7703;7;12;14;15;4;20;27;24;16;28;42;32;36;45;52;54;51;55;49;66;73;72;68;71
BINGO CARABOBO;7704;5;10;2;9;8;29;23;17;30;21;40;38;31;41;60;46;56;58;50;63;75;69;67;74
BINGO CARABOBO;7705;9;10;5;7;15;19;25;24;16;27;40;35;34;37;55;49;58;53;59;72;69;74;63;71
BINGO CARABOBO;7706;2;6;14;4;13;30;18;17;28;21;43;45;42;41;60;46;56;50;51;70;75;67;62;68
BINGO CARABOBO;7707;12;3;8;1;11;22;23;26;29;20;38;36;32;31;47;54;52;57;48;73;64;66;61;65
BINGO CARABOBO;7708;2;10;14;13;11;18;20;23;26;24;36;38;32;37;52;47;49;55;48;71;67;72;66;69
BINGO CARABOBO;7709;4;5;8;1;9;17;22;29;19;27;44;34;41;42;53;56;58;50;60;62;70;74;64;68
BINGO CARABOBO;7710;12;7;15;6;3;21;16;28;30;25;43;31;45;39;57;51;59;46;54;65;61;73;75;63
BINGO CARABOBO;7711;9;12;3;7;14;21;29;18;19;20;42;35;37;32;47;54;57;46;55;70;65;69;72;68
BINGO CARABOBO;7712;10;13;4;1;8;22;27;28;16;23;44;43;41;45;60;49;53;59;51;66;73;61;63;64
BINGO CARABOBO;7713;11;15;2;5;6;25;24;30;26;17;38;36;40;31;58;50;48;52;56;71;75;74;62;67
BINGO CARABOBO;7714;2;5;11;13;14;21;27;24;25;16;41;36;33;42;47;56;48;46;54;72;67;75;73;66
BINGO CARABOBO;7715;7;6;8;9;10;23;18;28;26;20;34;38;32;40;57;59;49;50;52;69;74;62;61;68
BINGO CARABOBO;7716;3;4;12;15;1;19;29;22;17;30;35;44;39;45;58;55;51;53;60;65;70;64;71;63
BINGO CARABOBO;7717;1;11;6;14;9;30;26;24;28;18;32;34;39;38;48;55;56;58;47;74;72;61;70;68
BINGO CARABOBO;7718;13;2;4;15;7;25;23;20;27;19;36;35;43;31;46;50;53;59;51;71;73;63;64;66
BINGO CARABOBO;7719;3;10;8;12;5;22;16;21;29;17;41;44;45;37;54;57;52;60;49;67;69;65;75;62
BINGO CARABOBO;7720;3;14;9;10;8;28;22;17;23;24;43;42;37;40;60;56;51;54;53;62;74;68;71;69
BINGO CARABOBO;7721;2;5;7;12;4;25;16;26;29;27;34;45;38;39;52;57;47;49;48;65;61;63;70;64
BINGO CARABOBO;7722;11;6;15;1;13;19;18;21;30;20;31;35;36;41;58;46;50;59;55;73;75;72;67;66
BINGO CARABOBO;7723;6;5;8;11;13;23;22;18;21;25;32;41;34;37;50;49;56;53;54;66;65;61;75;72
BINGO CARABOBO;7724;7;14;4;15;2;24;28;17;20;26;35;44;42;39;52;59;51;46;47;71;67;69;73;74
BINGO CARABOBO;7725;10;3;9;1;12;19;29;30;16;27;45;36;38;31;58;55;57;48;60;63;70;64;68;62
BINGO CARABOBO;7726;12;11;9;1;14;20;26;21;30;19;45;44;40;35;48;47;59;57;46;65;75;62;70;67
BINGO CARABOBO;7727;6;3;5;2;15;28;22;25;27;23;39;31;36;32;51;58;55;53;50;66;64;72;71;61
BINGO CARABOBO;7728;7;10;8;13;4;17;16;24;29;18;41;37;38;43;56;52;54;60;49;69;74;63;68;73
BINGO CARABOBO;7729;9;14;5;6;10;28;29;26;30;23;31;44;35;36;54;55;48;58;49;66;64;63;69;73
BINGO CARABOBO;7730;12;11;3;8;1;21;24;19;22;17;42;37;41;43;59;60;51;46;50;62;70;67;71;75
BINGO CARABOBO;7731;7;4;2;13;15;20;25;18;16;27;39;32;34;33;52;47;53;56;57;65;74;72;68;61
BINGO CARABOBO;7732;2;6;3;12;8;23;25;22;30;27;36;40;33;44;47;57;50;59;55;74;62;70;72;69
BINGO CARABOBO;7733;9;7;10;1;5;24;19;16;18;26;32;39;42;35;56;54;46;51;53;73;67;63;61;64
BINGO CARABOBO;7734;11;15;4;13;14;17;21;28;20;29;38;31;45;37;58;60;48;49;52;65;66;75;71;68
BINGO CARABOBO;7735;7;14;15;4;2;23;27;30;18;19;40;36;42;33;54;58;50;59;47;69;65;63;67;74
BINGO CARABOBO;7736;10;8;3;11;5;29;16;24;25;28;32;38;39;41;51;60;48;52;55;68;64;71;72;70
BINGO CARABOBO;7737;6;13;9;1;12;21;26;20;22;17;37;43;34;45;49;46;57;56;53;66;61;73;62;75
BINGO CARABOBO;7738;6;3;10;8;4;22;27;23;25;17;35;37;32;33;57;53;54;52;56;73;70;68;64;75
BINGO CARABOBO;7739;11;13;7;9;2;29;28;24;18;19;38;40;31;42;50;48;51;46;49;74;65;61;63;67
BINGO CARABOBO;7740;15;12;14;1;5;21;30;20;16;26;44;34;36;45;55;58;59;60;47;69;62;71;66;72
BINGO CARABOBO;7741;9;1;2;10;5;27;19;25;24;28;38;40;39;33;57;59;60;55;50;66;70;63;64;72
BINGO CARABOBO;7742;11;7;8;14;6;18;22;29;23;30;36;35;37;44;53;51;48;58;56;74;65;71;62;67
BINGO CARABOBO;7743;13;12;15;4;3;17;20;26;21;16;45;41;42;31;52;47;49;54;46;73;61;69;68;75
BINGO CARABOBO;7744;4;10;2;9;5;25;20;21;30;18;41;32;38;44;49;46;52;55;50;74;64;75;72;71
BINGO CARABOBO;7745;8;12;11;13;7;24;26;22;27;23;42;40;33;45;53;47;48;54;56;63;62;65;70;61
BINGO CARABOBO;7746;15;1;3;6;14;19;28;17;16;29;35;37;34;43;58;51;59;57;60;67;68;69;73;66
BINGO CARABOBO;7747;1;3;13;6;14;23;16;27;25;28;44;42;31;43;52;48;54;49;51;67;72;73;62;69
BINGO CARABOBO;7748;9;12;7;8;2;21;29;24;17;18;39;45;40;37;58;56;50;47;57;68;71;61;75;65
BINGO CARABOBO;7749;5;4;11;15;10;26;22;19;30;20;36;41;35;32;55;59;60;46;53;64;70;63;66;74
BINGO CARABOBO;7750;4;13;1;3;2;24;28;18;16;27;42;36;41;34;55;47;53;52;51;69;74;62;65;63
BINGO CARABOBO;7751;6;14;11;15;9;22;23;29;21;25;31;37;35;40;56;59;49;57;50;71;73;72;70;75
BINGO CARABOBO;7752;10;7;8;12;5;20;26;17;19;30;44;45;32;38;60;48;54;58;46;68;61;66;67;64
BINGO CARABOBO;7753;9;15;2;3;14;29;24;28;21;22;36;34;35;42;60;58;52;53;48;72;74;64;71;68
BINGO CARABOBO;7754;7;11;10;5;1;16;18;23;19;26;38;41;39;37;50;56;57;49;55;73;67;63;62;69
BINGO CARABOBO;7755;12;4;8;13;6;20;27;17;30;25;43;31;32;45;54;51;59;47;46;65;70;75;61;66
BINGO CARABOBO;7756;11;7;5;10;13;28;19;23;20;18;42;34;38;44;56;55;57;52;50;75;70;69;66;72
BINGO CARABOBO;7757;8;2;14;12;4;17;16;30;25;29;39;41;37;40;53;58;48;60;47;68;73;62;64;61
BINGO CARABOBO;7758;6;15;3;9;1;21;24;22;26;27;32;33;43;36;51;49;54;59;46;63;71;67;65;74
BINGO CARABOBO;7759;6;10;13;3;14;24;22;27;28;18;34;45;42;43;54;51;59;48;47;61;73;66;72;71
BINGO CARABOBO;7760;1;8;5;7;4;23;26;29;16;19;39;44;35;36;57;53;55;60;52;65;62;64;74;75
BINGO CARABOBO;7761;11;12;2;15;9;25;17;21;30;20;38;31;33;41;49;50;56;46;58;68;69;67;70;63
BINGO CARABOBO;7762;15;6;12;4;3;30;24;29;17;20;32;33;39;40;50;49;59;48;56;70;74;71;63;73
BINGO CARABOBO;7763;2;8;11;1;9;18;26;28;27;25;36;44;31;38;57;51;53;55;47;65;61;66;67;68
BINGO CARABOBO;7764;7;14;10;5;13;21;16;19;22;23;45;43;42;35;58;54;52;60;46;69;62;72;75;64
BINGO CARABOBO;7765;13;5;4;12;14;26;28;16;21;29;39;31;40;44;56;49;54;58;53;63;64;65;66;68
BINGO CARABOBO;7766;8;10;2;3;9;27;19;17;24;22;34;42;33;35;52;57;47;46;55;73;70;61;69;62
BINGO CARABOBO;7767;6;1;7;15;11;30;23;18;20;25;38;45;37;36;50;51;59;60;48;71;74;72;75;67
BINGO CARABOBO;7768;2;3;10;12;7;18;26;22;21;19;37;41;39;44;49;51;50;54;56;75;72;69;64;67
BINGO CARABOBO;7769;6;9;4;13;5;25;23;20;27;29;38;42;32;31;59;48;47;53;55;68;66;71;63;62
BINGO CARABOBO;7770;11;14;8;1;15;24;17;28;16;30;34;36;43;35;57;46;58;60;52;70;61;73;65;74
BINGO CARABOBO;7771;2;3;14;8;12;29;25;21;30;28;40;39;31;37;54;55;57;48;50;75;64;65;70;71
BINGO CARABOBO;7772;10;13;7;9;1;26;20;24;18;27;35;36;44;33;52;49;60;47;51;69;68;62;66;73
BINGO CARABOBO;7773;6;11;15;4;5;17;22;16;19;23;43;34;32;45;53;56;58;59;46;67;61;63;74;72
BINGO CARABOBO;7774;5;9;10;4;8;22;30;19;17;23;45;33;38;34;53;49;52;55;59;61;73;65;63;74
BINGO CARABOBO;7775;15;1;11;12;7;28;21;16;27;29;35;43;42;31;51;50;57;46;48;66;68;70;71;67
BINGO CARABOBO;7776;2;6;3;14;13;25;18;24;26;20;41;36;32;44;60;54;58;47;56;69;75;62;64;72
BINGO CARABOBO;7777;8;3;4;10;13;30;20;22;27;26;36;33;35;37;49;57;52;47;46;71;63;67;72;66
BINGO CARABOBO;7778;9;7;6;14;12;17;23;18;28;16;45;43;41;40;59;51;50;58;56;73;70;74;64;62
BINGO CARABOBO;7779;2;15;1;5;11;25;29;24;21;19;39;42;38;32;60;54;53;48;55;65;61;69;68;75
BINGO CARABOBO;7780;5;6;8;7;11;30;21;20;17;26;34;37;35;42;59;48;60;55;49;72;74;71;64;69
BINGO CARABOBO;7781;12;15;4;9;10;29;28;27;24;22;32;45;36;39;56;54;50;57;47;63;62;61;67;70
BINGO CARABOBO;7782;14;3;2;1;13;19;23;18;25;16;43;33;40;44;46;51;52;58;53;75;66;68;73;65
BINGO CARABOBO;7783;4;12;11;6;13;18;27;30;23;26;38;40;42;34;59;53;46;50;48;64;66;68;74;73
BINGO CARABOBO;7784;7;9;5;1;3;28;16;25;20;22;37;32;41;43;55;51;57;52;56;67;69;62;65;71
BINGO CARABOBO;7785;8;10;14;15;2;21;19;29;24;17;31;39;35;45;58;49;54;60;47;61;75;70;63;72
BINGO CARABOBO;7786;7;9;4;8;11;26;21;18;25;22;35;41;43;32;47;51;55;56;48;61;70;69;71;68
BINGO CARABOBO;7787;14;6;5;13;2;19;24;28;23;30;37;44;40;33;49;52;59;54;46;72;66;64;67;73
BINGO CARABOBO;7788;3;1;12;10;15;27;20;17;16;29;38;31;45;34;60;57;53;50;58;62;74;63;65;75
BINGO CARABOBO;7789;15;7;2;10;6;22;30;21;25;26;32;38;31;33;48;56;47;59;55;69;74;75;61;66
BINGO CARABOBO;7790;5;3;11;8;13;19;27;29;16;23;36;39;41;42;58;49;50;57;60;72;64;63;71;68
BINGO CARABOBO;7791;14;4;12;9;1;20;18;17;28;24;43;34;40;37;53;52;51;46;54;67;73;65;70;62
BINGO CARABOBO;7792;3;9;7;2;14;23;26;17;16;24;38;36;33;42;50;52;60;49;51;68;62;65;69;67
BINGO CARABOBO;7793;8;13;12;6;4;29;21;20;19;27;34;37;35;44;55;56;54;53;57;63;70;74;71;61
BINGO CARABOBO;7794;10;5;11;15;1;28;18;25;30;22;32;39;43;45;58;48;47;46;59;66;72;64;73;75
BINGO CARABOBO;7795;6;11;12;4;8;21;23;25;27;18;41;42;37;39;46;60;55;52;58;61;66;72;67;73
BINGO CARABOBO;7796;7;14;9;15;10;19;28;29;20;22;44;33;36;32;54;53;57;47;56;64;68;63;65;62
BINGO CARABOBO;7797;13;1;5;3;2;26;30;16;24;17;45;40;31;34;51;50;48;59;49;71;75;70;69;74
BINGO CARABOBO;7798;6;8;11;15;2;24;21;30;28;27;38;36;37;31;47;57;51;58;46;64;70;61;66;68
BINGO CARABOBO;7799;7;9;12;10;4;26;16;23;22;18;42;34;39;35;52;54;59;53;56;67;63;65;72;74
BINGO CARABOBO;7800;14;3;13;1;5;25;19;17;20;29;33;41;40;45;49;60;55;50;48;75;69;71;62;73
BINGO CARABOBO;7801;2;8;14;6;4;28;27;18;20;21;34;38;32;44;54;57;55;58;53;71;63;62;72;70
BINGO CARABOBO;7802;1;11;5;7;3;26;19;24;22;17;39;40;35;41;48;47;52;51;50;66;65;68;69;67
BINGO CARABOBO;7803;10;15;13;9;12;29;25;23;30;16;36;42;31;45;59;46;56;60;49;61;73;64;74;75
BINGO CARABOBO;7804;12;14;2;10;15;27;18;20;22;25;34;41;39;33;49;54;60;46;50;74;73;66;68;64
BINGO CARABOBO;7805;11;9;8;13;6;26;19;24;17;21;37;35;36;44;56;55;48;51;58;67;70;72;65;63
BINGO CARABOBO;7806;3;4;5;1;7;29;30;16;28;23;40;43;45;32;47;53;57;52;59;71;69;62;75;61
BINGO CARABOBO;7807;6;8;7;3;14;19;23;17;24;18;41;43;32;36;57;59;55;51;49;61;63;75;68;62
BINGO CARABOBO;7808;5;2;1;10;12;26;29;20;30;28;37;44;33;38;50;52;53;47;48;70;66;65;73;72
BINGO CARABOBO;7809;9;11;15;13;4;25;21;16;27;22;34;39;45;35;54;60;56;58;46;71;69;74;64;67
BINGO CARABOBO;7810;11;7;4;13;3;23;24;30;20;28;37;40;35;34;49;53;54;58;59;69;73;61;67;72
BINGO CARABOBO;7811;9;12;6;2;15;16;29;18;26;19;33;44;42;41;60;56;55;47;46;68;64;62;70;66
BINGO CARABOBO;7812;1;10;8;5;14;22;25;27;21;17;38;43;31;36;52;50;51;57;48;63;74;65;75;71
BINGO CARABOBO;7813;13;6;9;8;14;26;28;20;19;27;38;44;35;43;52;53;59;51;54;71;65;73;63;70
BINGO CARABOBO;7814;11;4;10;12;5;29;17;22;23;25;32;39;41;45;57;56;49;55;47;64;67;66;72;68
BINGO CARABOBO;7815;3;7;1;2;15;21;18;24;16;30;40;34;37;31;48;58;60;46;50;74;69;62;75;61
BINGO CARABOBO;7816;12;10;15;2;4;18;25;26;24;28;41;35;42;34;55;52;56;48;54;74;63;65;64;69
BINGO CARABOBO;7817;7;13;9;5;6;21;23;29;17;22;32;38;33;39;49;57;46;51;47;72;73;66;67;70
BINGO CARABOBO;7818;1;8;11;14;3;27;30;20;19;16;43;37;31;45;50;60;58;53;59;61;71;62;75;68
BINGO CARABOBO;7819;10;1;4;15;9;16;18;20;26;19;44;37;45;38;53;58;47;54;60;68;62;67;73;64
BINGO CARABOBO;7820;8;11;7;3;14;27;22;30;28;24;43;33;32;36;52;55;51;57;56;70;69;65;75;61
BINGO CARABOBO;7821;12;13;5;6;2;17;29;25;21;23;35;40;41;31;48;50;49;46;59;66;63;71;74;72
BINGO CARABOBO;7822;8;2;6;7;12;17;19;23;26;18;42;35;32;45;56;52;49;57;54;74;69;62;65;67
BINGO CARABOBO;7823;13;14;10;3;4;22;20;29;24;28;36;34;33;39;60;59;51;46;48;75;64;66;70;71
BINGO CARABOBO;7824;5;15;9;11;1;27;21;16;25;30;38;37;31;44;50;47;58;55;53;72;68;61;63;73
BINGO CARABOBO;7825;7;2;3;10;4;16;22;17;25;29;42;32;41;43;57;51;49;52;50;74;66;61;70;69
BINGO CARABOBO;7826;6;5;1;13;15;21;24;27;26;30;36;39;45;38;54;58;59;60;48;64;65;72;68;67
BINGO CARABOBO;7827;11;9;8;12;14;23;28;19;20;18;40;34;44;31;55;56;46;47;53;73;75;63;71;62
BINGO CARABOBO;7828;6;14;2;7;8;29;25;28;30;21;33;36;43;34;53;57;51;52;49;61;71;65;74;70
BINGO CARABOBO;7829;12;5;13;4;10;23;16;18;22;24;42;40;38;44;58;50;46;56;55;64;69;75;63;72
BINGO CARABOBO;7830;3;9;1;15;11;26;19;27;17;20;35;32;31;45;54;60;48;59;47;68;66;67;62;73
BINGO CARABOBO;7831;14;11;13;12;4;21;20;28;26;17;33;36;41;42;50;58;59;55;57;61;63;70;64;68
BINGO CARABOBO;7832;5;9;10;8;2;23;29;27;24;18;45;43;37;32;49;53;51;47;56;66;72;71;62;69
BINGO CARABOBO;7833;3;7;15;6;1;22;19;25;30;16;35;34;44;39;48;52;54;46;60;65;75;74;67;73
BINGO CARABOBO;7834;14;5;2;7;12;28;27;30;21;23;32;43;39;44;56;50;55;49;57;65;66;69;73;63
BINGO CARABOBO;7835;10;6;8;15;4;25;19;22;24;29;36;37;35;45;47;54;48;59;58;67;68;62;71;70
BINGO CARABOBO;7836;9;11;3;13;1;16;20;18;26;17;33;41;31;40;46;60;52;53;51;61;64;75;74;72
BINGO CARABOBO;7837;5;10;4;3;6;25;23;17;26;20;35;36;45;34;48;55;50;54;57;67;62;65;71;72
BINGO CARABOBO;7838;7;9;1;8;11;19;29;27;18;30;41;32;37;39;53;58;47;49;56;69;64;63;73;70
BINGO CARABOBO;7839;13;15;12;14;2;21;24;28;16;22;38;33;40;44;51;52;60;46;59;74;68;66;75;61
BINGO CARABOBO;7840;10;6;12;13;14;25;28;22;17;27;35;34;45;43;52;55;53;56;59;63;75;64;72;61
BINGO CARABOBO;7841;9;3;4;11;7;23;18;24;29;19;36;42;38;37;49;57;47;46;58;62;68;69;70;67
BINGO CARABOBO;7842;5;2;8;1;15;26;16;30;21;20;40;39;32;44;51;54;50;60;48;71;73;66;65;74
BINGO CARABOBO;7843;9;1;10;12;15;22;19;21;28;17;43;33;36;40;60;47;46;50;55;66;63;74;62;64
BINGO CARABOBO;7844;3;8;13;7;14;23;20;18;16;27;31;38;35;44;57;58;48;52;51;70;65;68;71;69
BINGO CARABOBO;7845;5;11;6;2;4;24;26;29;25;30;34;41;37;45;54;56;53;49;59;67;72;75;73;61
BINGO CARABOBO;7846;10;14;6;5;15;27;29;26;17;22;43;31;37;36;47;49;60;54;48;70;66;67;75;62
BINGO CARABOBO;7847;8;12;4;13;2;25;30;28;18;19;38;35;33;39;56;55;46;58;51;65;74;64;73;61
BINGO CARABOBO;7848;7;9;3;11;1;16;23;21;20;24;32;41;44;34;53;52;57;59;50;68;71;69;63;72
BINGO CARABOBO;7849;6;7;13;9;4;21;19;28;30;20;42;35;37;39;47;52;55;49;51;64;75;71;69;74
BINGO CARABOBO;7850;8;5;11;15;1;24;22;29;26;25;40;36;38;32;46;58;53;59;48;72;65;70;63;73
BINGO CARABOBO;7851;10;3;12;2;14;23;17;16;18;27;43;34;33;41;57;56;60;54;50;68;61;62;67;66
BINGO CARABOBO;7852;15;3;7;5;13;23;20;18;21;29;43;44;42;45;52;57;53;55;47;61;64;68;73;65
BINGO CARABOBO;7853;4;10;14;11;9;19;17;25;28;30;33;31;39;36;49;51;50;58;56;67;72;71;66;69
BINGO CARABOBO;7854;6;2;8;1;12;26;22;24;16;27;34;40;38;41;46;59;48;60;54;62;70;74;75;63
BINGO CARABOBO;7855;11;14;13;6;8;16;28;26;22;18;42;44;40;34;59;48;57;55;60;67;72;74;70;62
BINGO CARABOBO;7856;2;4;5;12;3;20;25;19;23;27;41;35;32;38;50;53;56;54;46;61;64;65;66;75
BINGO CARABOBO;7857;7;10;9;15;1;24;30;17;29;21;43;37;45;36;51;52;47;49;58;63;69;71;68;73
BINGO CARABOBO;7858;14;10;12;9;3;30;23;20;19;27;39;34;41;36;54;48;52;49;51;69;63;71;67;73
BINGO CARABOBO;7859;11;5;4;15;8;17;21;28;22;26;40;43;44;32;57;59;56;50;47;74;72;68;62;66
BINGO CARABOBO;7860;2;1;13;6;7;18;25;29;24;16;35;42;37;31;53;55;58;46;60;70;65;64;61;75
BINGO CARABOBO;7861;11;8;2;5;15;22;29;26;25;23;44;31;37;38;48;51;46;59;49;64;73;74;66;72
BINGO CARABOBO;7862;13;10;6;1;7;16;30;20;27;19;43;34;42;33;56;58;57;52;53;62;67;63;69;71
BINGO CARABOBO;7863;12;3;9;4;14;21;28;17;18;24;32;45;40;41;54;60;50;55;47;65;61;70;68;75
BINGO CARABOBO;7864;9;5;11;6;15;26;29;27;17;22;32;41;44;42;52;60;49;47;58;74;67;69;73;65
BINGO CARABOBO;7865;7;14;3;2;10;20;23;30;28;19;45;36;39;34;54;55;46;53;56;71;63;70;61;62
BINGO CARABOBO;7866;8;13;4;12;1;21;16;24;25;18;33;31;40;35;51;50;48;57;59;68;72;66;64;75
BINGO CARABOBO;7867;10;5;9;11;12;18;20;25;28;24;41;31;43;40;56;51;52;48;49;62;75;67;66;72
BINGO CARABOBO;7868;14;3;7;8;13;19;17;22;21;23;34;38;35;42;58;60;47;55;50;69;71;73;64;68
BINGO CARABOBO;7869;4;15;6;1;2;27;29;30;16;26;36;39;32;45;53;57;46;54;59;74;65;61;63;70
BINGO CARABOBO;7870;14;9;3;7;11;22;25;18;27;30;43;40;41;34;57;58;59;54;52;74;66;73;62;65
BINGO CARABOBO;7871;12;2;6;4;13;20;21;23;19;28;44;42;35;45;51;56;55;48;53;67;72;63;69;75
BINGO CARABOBO;7872;10;8;5;15;1;24;16;26;29;17;33;36;39;32;47;49;50;60;46;64;68;71;61;70
BINGO CARABOBO;7873;5;6;8;9;4;21;17;20;22;27;40;34;33;43;48;47;52;57;60;63;74;69;71;72
BINGO CARABOBO;7874;10;2;7;11;13;23;25;29;30;19;45;37;32;38;53;50;54;58;49;70;73;64;61;65
BINGO CARABOBO;7875;14;12;3;1;15;26;28;18;16;24;41;39;36;31;56;55;51;59;46;68;62;66;67;75
BINGO CARABOBO;7876;5;3;10;15;12;24;23;17;20;26;41;33;32;35;55;50;52;58;46;74;73;64;61;63
BINGO CARABOBO;7877;8;2;11;4;13;18;16;27;21;28;34;38;37;39;57;53;59;60;54;75;68;69;65;66
BINGO CARABOBO;7878;14;1;6;9;7;19;29;25;30;22;40;42;36;43;56;49;51;47;48;71;70;62;72;67
BINGO CARABOBO;7879;12;8;4;5;1;28;26;25;17;16;35;42;31;36;50;49;52;60;54;75;66;63;61;67
BINGO CARABOBO;7880;2;11;14;3;10;22;20;23;24;18;44;33;41;38;48;56;53;55;51;70;65;68;62;73
BINGO CARABOBO;7881;6;13;7;9;15;21;29;27;19;30;40;43;32;45;58;59;47;46;57;72;69;71;74;64
BINGO CARABOBO;7882;12;8;10;2;15;18;23;28;29;17;36;37;40;33;56;54;50;60;47;62;63;71;67;72
BINGO CARABOBO;7883;13;9;3;4;7;21;20;27;19;16;32;35;34;31;52;46;49;55;59;68;69;61;70;66
BINGO CARABOBO;7884;1;5;6;11;14;25;26;24;30;22;42;39;45;43;51;57;53;48;58;65;74;73;75;64
BINGO CARABOBO;7885;11;8;9;13;2;23;26;22;17;29;32;33;41;31;54;47;48;56;51;69;64;71;74;62
BINGO CARABOBO;7886;15;5;3;6;12;28;27;30;20;21;43;38;37;42;55;49;57;50;58;65;63;68;73;61
BINGO CARABOBO;7887;10;4;7;1;14;24;18;19;25;16;35;39;45;34;46;59;52;53;60;67;66;72;75;70
BINGO CARABOBO;7888;12;11;6;9;15;23;17;16;22;20;43;44;40;41;56;52;51;49;57;71;74;65;75;68
BINGO CARABOBO;7889;2;14;7;5;8;24;19;27;25;29;37;38;35;39;55;47;59;46;50;72;66;69;62;63
BINGO CARABOBO;7890;4;10;3;1;13;28;21;30;18;26;31;36;45;42;53;54;58;60;48;61;70;67;73;64
BINGO CARABOBO;7891;5;1;14;2;6;28;19;24;21;20;41;32;44;36;46;52;56;48;49;67;70;69;71;72
BINGO CARABOBO;7892;11;9;13;12;10;25;27;22;23;17;34;33;39;38;53;55;57;47;54;65;63;68;62;66
BINGO CARABOBO;7893;7;3;8;4;15;16;29;30;18;26;42;37;40;31;59;51;58;50;60;73;74;75;61;64
BINGO CARABOBO;7894;11;2;14;9;5;30;21;20;29;24;41;33;31;36;57;58;60;55;51;64;66;68;65;72
BINGO CARABOBO;7895;6;12;3;4;8;28;25;26;18;19;40;44;35;38;53;48;47;50;56;61;70;63;74;75
BINGO CARABOBO;7896;7;13;15;10;1;22;17;27;23;16;43;39;42;34;59;46;52;54;49;67;73;71;62;69
BINGO CARABOBO;7897;10;14;6;15;7;23;29;18;24;20;45;32;41;43;59;50;51;52;56;72;69;63;66;61
BINGO CARABOBO;7898;11;13;5;9;4;19;22;21;26;30;36;38;44;40;53;55;49;58;54;62;74;73;67;70
BINGO CARABOBO;7899;1;3;12;2;8;17;25;27;28;16;39;37;33;31;46;47;57;60;48;71;65;68;64;75
BINGO CARABOBO;7900;4;1;12;11;9;16;18;21;27;23;38;39;41;42;51;52;48;55;59;70;66;72;67;68
BINGO CARABOBO;7901;2;15;7;5;8;29;19;28;24;30;35;45;31;32;57;60;47;58;56;69;64;65;62;73
BINGO CARABOBO;7902;10;6;13;14;3;17;26;22;20;25;34;33;36;44;53;49;50;46;54;71;61;74;75;63
BINGO CARABOBO;7903;6;10;11;1;7;18;26;29;30;27;35;42;45;40;56;49;55;54;48;68;74;67;65;64
BINGO CARABOBO;7904;8;13;14;12;4;16;24;23;25;28;36;37;34;31;59;50;60;53;47;70;73;62;69;72
BINGO CARABOBO;7905;3;9;15;2;5;19;20;21;17;22;38;39;33;41;57;58;52;46;51;75;63;66;71;61
BINGO CARABOBO;7906;9;15;3;5;2;18;24;25;26;22;37;44;40;41;57;55;47;58;49;68;66;75;62;71
BINGO CARABOBO;7907;6;8;10;11;12;23;29;27;20;16;42;43;38;31;59;48;56;53;60;72;63;73;69;65
BINGO CARABOBO;7908;1;4;13;14;7;19;28;17;21;30;39;35;34;45;50;52;54;51;46;61;64;74;67;70
BINGO CARABOBO;7909;14;2;7;8;6;22;19;17;23;26;39;44;31;45;56;46;48;51;58;69;68;70;65;64
BINGO CARABOBO;7910;12;10;11;4;13;20;21;16;18;25;42;35;40;37;53;60;57;52;54;67;71;61;74;63
BINGO CARABOBO;7911;5;9;3;1;15;27;29;24;30;28;32;38;41;43;47;49;59;55;50;66;72;62;75;73
BINGO CARABOBO;7912;12;7;8;4;10;24;28;22;27;17;34;33;31;37;57;54;56;59;60;63;70;62;67;65
BINGO CARABOBO;7913;13;9;14;2;11;19;26;23;21;20;41;42;35;36;58;47;53;51;52;75;71;72;64;69
BINGO CARABOBO;7914;6;5;3;15;1;29;25;16;30;18;40;43;39;32;49;50;48;46;55;73;61;68;74;66
BINGO CARABOBO;7915;3;14;8;13;6;26;18;24;17;29;40;35;43;31;59;58;48;51;52;75;73;68;72;65
BINGO CARABOBO;7916;15;9;12;7;10;28;19;22;27;20;41;37;38;36;49;54;57;55;50;64;74;62;66;71
BINGO CARABOBO;7917;2;5;11;4;1;30;21;23;16;25;44;33;45;32;46;47;56;53;60;63;70;69;61;67
BINGO CARABOBO;7918;6;10;9;14;8;24;16;30;23;25;40;42;34;41;52;59;56;53;58;66;73;63;68;64
BINGO CARABOBO;7919;2;12;15;4;5;19;21;27;29;26;39;32;31;38;47;55;54;49;48;65;62;70;71;69
BINGO CARABOBO;7920;7;13;1;3;11;18;22;28;20;17;35;36;37;43;50;57;60;46;51;61;72;74;67;75
BINGO CARABOBO;7921;8;7;15;14;3;23;24;22;20;17;44;39;33;45;50;54;58;52;57;73;75;72;68;69
BINGO CARABOBO;7922;10;5;13;4;11;30;26;19;28;25;42;40;41;32;47;49;56;51;48;61;66;67;71;74
BINGO CARABOBO;7923;6;12;1;9;2;27;29;16;21;18;38;36;31;43;46;59;55;60;53;65;63;70;62;64
BINGO CARABOBO;7924;14;6;3;11;15;22;23;20;28;17;34;45;35;40;49;48;55;47;54;61;63;72;64;66
BINGO CARABOBO;7925;1;13;4;10;9;18;27;24;25;30;42;36;33;31;52;51;56;59;57;68;74;69;71;70
BINGO CARABOBO;7926;12;5;7;8;2;21;26;29;19;16;37;39;38;43;46;60;50;53;58;73;67;62;65;75
BINGO CARABOBO;7927;8;13;12;3;5;28;18;29;23;26;42;35;37;34;53;56;49;47;57;72;69;71;73;68
BINGO CARABOBO;7928;6;11;2;9;7;20;27;21;24;25;31;40;41;43;51;59;46;50;54;63;64;67;65;66
BINGO CARABOBO;7929;1;14;15;4;10;19;30;17;22;16;39;44;36;45;52;58;55;60;48;62;75;70;61;74
BINGO CARABOBO;7930;10;7;6;4;2;30;23;21;27;16;34;39;45;44;46;59;53;52;54;72;65;68;63;62
BINGO CARABOBO;7931;8;12;5;3;15;28;26;24;17;29;33;41;42;32;50;49;51;60;55;74;67;64;75;69
BINGO CARABOBO;7932;1;13;11;14;9;20;19;22;18;25;43;31;38;36;48;57;56;47;58;70;66;61;73;71
BINGO CARABOBO;7933;5;11;1;6;15;17;24;26;21;25;45;36;32;41;52;54;55;51;46;74;64;61;71;72
BINGO CARABOBO;7934;7;3;4;8;14;27;30;29;28;18;43;42;38;33;50;48;59;47;53;65;66;70;68;73
BINGO CARABOBO;7935;13;12;2;9;10;20;19;23;16;22;31;39;35;40;57;60;49;56;58;67;69;62;75;63
BINGO CARABOBO;7936;12;4;3;9;10;24;18;19;17;25;35;43;33;38;46;48;53;52;47;71;64;68;72;69
BINGO CARABOBO;7937;1;14;13;5;7;26;28;23;20;22;31;36;39;42;59;54;51;60;50;67;63;73;65;70
BINGO CARABOBO;7938;11;6;15;2;8;27;21;29;30;16;41;37;40;44;55;58;56;57;49;74;66;75;61;62
BINGO CARABOBO;7939;2;3;6;13;11;24;26;21;23;28;43;38;41;36;49;55;50;57;47;63;67;72;73;65
BINGO CARABOBO;7940;5;8;15;4;10;17;25;22;30;27;33;39;45;44;52;48;51;56;59;66;69;68;62;71
BINGO CARABOBO;7941;12;9;1;14;7;20;18;19;16;29;37;34;31;40;58;46;60;53;54;61;74;75;70;64
BINGO CARABOBO;7942;14;8;7;9;6;17;24;19;27;23;38;31;42;32;47;53;59;48;49;65;70;61;74;72
BINGO CARABOBO;7943;2;13;11;12;4;29;26;18;30;25;41;35;36;43;52;54;50;57;56;66;68;63;64;67
BINGO CARABOBO;7944;1;10;3;5;15;16;21;20;28;22;40;37;45;34;60;46;58;55;51;75;71;73;69;62
BINGO CARABOBO;7945;9;14;1;3;8;19;25;28;16;27;44;42;33;39;47;54;48;49;58;69;64;73;62;63
BINGO CARABOBO;7946;15;5;4;12;10;21;26;24;20;17;31;40;36;41;51;52;55;53;60;68;70;71;67;75
BINGO CARABOBO;7947;7;2;11;13;6;22;18;23;29;30;45;35;32;43;46;59;57;56;50;65;61;74;66;72
BINGO CARABOBO;7948;8;2;4;9;7;19;24;17;26;28;40;42;32;37;49;51;52;47;53;64;63;75;71;65
BINGO CARABOBO;7949;3;10;14;13;6;27;18;22;29;21;36;31;41;43;55;58;50;54;57;61;73;70;72;68
BINGO CARABOBO;7950;12;15;5;11;1;25;30;23;16;20;35;45;33;39;59;56;48;46;60;67;66;69;74;62
BINGO CARABOBO;7951;11;5;12;4;13;21;22;25;29;16;35;32;40;41;51;49;56;52;59;74;69;63;70;73
BINGO CARABOBO;7952;3;7;2;6;1;23;24;27;18;28;39;43;34;38;54;55;50;58;53;64;68;75;67;71
BINGO CARABOBO;7953;10;9;14;8;15;26;30;19;20;17;44;33;31;36;60;47;48;46;57;66;65;62;61;72
BINGO CARABOBO;7954;12;4;10;3;6;17;23;28;20;18;42;41;33;36;46;50;56;60;55;67;70;69;74;73
BINGO CARABOBO;7955;5;9;11;14;2;29;25;27;26;21;34;40;43;37;53;47;52;54;48;64;71;63;62;61
BINGO CARABOBO;7956;13;1;7;8;15;22;16;19;24;30;35;38;45;39;58;49;57;51;59;66;72;68;75;65
BINGO CARABOBO;7957;12;5;4;7;8;26;21;23;17;22;37;42;38;43;56;48;57;50;58;61;73;62;64;66
BINGO CARABOBO;7958;2;10;11;9;6;24;28;29;27;25;40;34;32;33;47;60;51;59;52;72;70;65;68;75
BINGO CARABOBO;7959;15;3;1;13;14;18;20;19;16;30;44;45;39;36;49;53;54;46;55;63;69;71;67;74
BINGO CARABOBO;7960;14;15;7;9;4;21;24;23;17;29;41;44;37;31;53;55;52;57;54;74;62;75;68;67
BINGO CARABOBO;7961;8;10;13;5;6;20;18;16;25;27;38;43;42;40;56;47;46;49;58;69;66;70;72;71
BINGO CARABOBO;7962;11;3;2;1;12;22;26;19;28;30;39;33;45;36;50;60;59;48;51;73;63;61;65;64
BINGO CARABOBO;7963;15;1;13;7;14;28;24;20;29;27;39;37;35;36;52;57;47;54;59;67;71;72;61;63
BINGO CARABOBO;7964;3;11;10;6;12;17;21;26;18;25;40;34;43;31;50;48;56;60;58;68;65;73;64;75
BINGO CARABOBO;7965;8;5;9;2;4;16;23;22;19;30;38;41;45;32;55;46;53;51;49;70;66;69;74;62
BINGO CARABOBO;7966;7;12;15;5;3;24;18;21;20;19;34;44;35;43;46;53;55;57;59;68;69;75;62;64
BINGO CARABOBO;7967;14;10;4;9;8;17;26;30;25;23;45;39;32;33;48;49;52;54;56;67;66;63;70;72
BINGO CARABOBO;7968;2;13;6;1;11;22;27;28;16;29;31;40;38;36;51;60;50;47;58;73;65;71;74;61
BINGO CARABOBO;7969;9;11;3;8;2;26;17;22;24;25;32;33;35;37;48;53;47;46;57;70;73;62;69;61
BINGO CARABOBO;7970;10;13;12;4;14;28;19;18;29;27;44;31;41;36;55;59;58;54;56;71;64;68;72;63
BINGO CARABOBO;7971;1;7;15;5;6;21;20;23;30;16;39;42;43;40;52;50;51;49;60;65;75;67;66;74
BINGO CARABOBO;7972;7;10;12;11;14;18;24;27;23;26;41;42;38;33;54;53;47;58;51;73;65;64;70;71
BINGO CARABOBO;7973;4;5;9;13;3;22;25;21;28;19;34;44;36;35;50;56;59;52;60;62;66;67;69;72
BINGO CARABOBO;7974;8;2;1;6;15;17;29;16;30;20;40;39;45;31;55;49;48;46;57;74;63;68;61;75
BINGO CARABOBO;7975;12;7;11;2;8;28;22;26;25;17;37;39;31;36;48;55;49;52;51;68;64;69;74;72
BINGO CARABOBO;7976;14;10;6;4;5;29;30;24;19;18;41;38;44;33;57;56;47;54;58;75;61;70;62;65
BINGO CARABOBO;7977;1;15;3;13;9;16;23;21;20;27;42;35;32;40;53;50;59;60;46;66;67;73;71;63
BINGO CARABOBO;7978;1;4;10;6;8;16;25;30;21;28;35;34;36;41;51;54;52;57;59;70;64;62;65;66
BINGO CARABOBO;7979;15;5;7;12;11;18;22;20;17;23;32;42;40;33;60;48;55;50;58;67;61;68;71;73
BINGO CARABOBO;7980;13;9;2;3;14;27;26;24;29;19;44;37;38;39;56;49;47;46;53;69;72;74;63;75
BINGO CARABOBO;7981;10;2;12;6;13;21;29;25;28;22;36;32;39;38;56;59;50;52;49;63;65;67;68;66
BINGO CARABOBO;7982;7;5;11;8;4;27;20;26;17;19;41;45;40;35;58;57;55;51;53;73;64;70;62;69
BINGO CARABOBO;7983;14;15;3;9;1;18;24;23;30;16;34;43;44;33;47;48;54;60;46;75;71;61;72;74
BINGO CARABOBO;7984;8;4;3;14;5;29;17;22;21;27;36;42;40;31;47;50;58;55;56;72;65;67;71;74
BINGO CARABOBO;7985;13;6;10;12;7;20;26;30;25;18;38;44;37;33;60;46;49;59;52;64;69;66;62;73
BINGO CARABOBO;7986;11;9;2;1;15;19;23;28;24;16;34;39;32;45;53;51;48;57;54;63;61;68;75;70
BINGO CARABOBO;7987;11;12;4;6;9;18;25;21;24;16;33;34;41;44;51;58;53;54;60;73;66;72;67;74
BINGO CARABOBO;7988;8;14;13;3;10;29;26;23;19;27;45;39;40;32;52;55;59;56;49;71;64;70;62;61
BINGO CARABOBO;7989;2;15;7;5;1;28;30;20;22;17;35;43;31;38;48;57;50;46;47;68;63;69;65;75
BINGO CARABOBO;7990;9;8;12;2;6;23;19;29;27;21;39;36;31;41;53;54;47;50;55;72;64;74;63;66
BINGO CARABOBO;7991;14;13;1;7;5;20;24;17;22;26;40;34;35;33;48;56;49;51;58;71;62;68;69;70
BINGO CARABOBO;7992;3;4;15;11;10;28;18;25;30;16;42;44;43;37;59;57;52;46;60;73;75;65;67;61
BINGO CARABOBO;7993;9;3;2;8;11;24;20;18;21;22;40;43;33;42;46;60;57;55;54;67;70;62;71;75
BINGO CARABOBO;7994;15;10;7;6;12;17;27;23;29;26;36;44;38;41;48;53;49;50;51;65;72;63;61;74
BINGO CARABOBO;7995;13;4;5;1;14;25;19;28;30;16;37;45;39;31;56;52;59;47;58;68;69;66;73;64
BINGO CARABOBO;7996;8;6;14;9;12;27;18;26;28;17;39;35;45;37;59;49;55;52;56;63;64;65;66;72
BINGO CARABOBO;7997;11;2;4;5;3;21;25;16;29;23;41;40;43;33;47;46;54;57;51;74;61;71;73;70
BINGO CARABOBO;7998;13;15;10;1;7;19;24;22;30;20;34;31;36;32;58;60;48;53;50;67;68;69;62;75
BINGO CARABOBO;7999;6;3;13;9;10;25;30;22;24;19;34;37;40;44;50;53;49;59;57;66;75;72;65;73
BINGO CARABOBO;8000;2;11;12;15;5;27;23;17;26;29;33;43;32;39;58;55;51;47;52;68;67;62;74;64
BINGO CARABOBO;8001;4;7;14;8;1;21;18;28;16;20;38;31;45;41;48;56;54;46;60;63;61;70;71;69
BINGO CARABOBO;8002;11;8;7;1;5;22;21;28;24;27;36;41;38;43;51;58;54;60;46;67;71;73;69;68
BINGO CARABOBO;8003;9;3;10;2;13;29;26;17;20;23;31;44;34;39;48;59;52;47;55;64;62;72;63;66
BINGO CARABOBO;8004;15;6;14;4;12;30;25;18;16;19;40;33;42;45;49;50;57;53;56;74;65;70;61;75
BINGO CARABOBO;8005;6;2;3;1;9;22;25;28;26;19;43;32;33;40;57;58;49;59;60;66;72;68;69;74
BINGO CARABOBO;8006;8;13;7;10;11;18;23;30;20;17;31;44;38;36;48;52;55;47;56;64;70;67;73;71
BINGO CARABOBO;8007;5;14;12;15;4;16;27;29;24;21;35;42;39;41;53;50;46;51;54;65;62;63;75;61
BINGO CARABOBO;8008;12;2;8;14;10;24;27;28;26;29;44;34;42;38;51;55;58;50;54;73;63;65;64;68
BINGO CARABOBO;8009;13;11;9;5;4;20;22;23;18;17;39;45;40;35;47;56;60;46;53;72;61;71;74;75
BINGO CARABOBO;8010;3;7;6;1;15;16;21;25;30;19;32;31;43;36;57;52;48;59;49;67;66;70;69;62
BINGO CARABOBO;8011;5;11;13;10;4;17;29;30;26;18;38;39;35;43;47;53;52;58;54;68;61;66;62;64
BINGO CARABOBO;8012;3;6;7;8;12;24;20;27;22;19;31;36;42;40;57;59;56;46;50;71;73;70;65;72
BINGO CARABOBO;8013;14;15;2;9;1;25;21;23;28;16;44;33;32;45;60;49;51;55;48;69;74;67;63;75
BINGO CARABOBO;8014;7;2;11;6;12;24;21;26;29;23;42;35;31;44;50;51;55;57;54;64;66;62;74;63
BINGO CARABOBO;8015;13;14;9;3;4;25;19;20;30;18;37;36;41;34;58;47;52;59;48;71;75;61;68;69
BINGO CARABOBO;8016;10;8;5;1;15;27;28;17;22;16;39;40;45;33;46;60;49;53;56;70;67;73;65;72
BINGO CARABOBO;8017;14;9;10;2;11;24;19;25;21;30;36;40;33;34;51;60;56;55;54;66;73;74;71;67
BINGO CARABOBO;8018;12;1;13;4;6;22;29;18;17;23;45;35;38;32;57;48;50;52;47;63;64;69;62;68
BINGO CARABOBO;8019;5;3;8;7;15;26;28;20;27;16;37;43;39;42;53;49;59;58;46;70;72;75;61;65
BINGO CARABOBO;8020;8;2;5;10;1;18;28;17;20;21;38;41;34;39;47;52;50;51;48;63;72;66;62;65
BINGO CARABOBO;8021;9;4;12;15;7;24;27;16;26;25;33;32;37;40;53;58;54;55;60;71;74;64;70;67
BINGO CARABOBO;8022;11;13;6;14;3;29;22;19;30;23;45;35;44;43;57;49;46;59;56;73;75;61;69;68
BINGO CARABOBO;8023;8;3;9;1;10;28;23;18;22;26;44;32;35;38;57;54;52;56;60;62;64;66;75;61
BINGO CARABOBO;8024;5;7;12;11;14;27;17;20;19;29;43;45;40;36;53;51;59;50;47;73;67;68;70;72
BINGO CARABOBO;8025;4;13;2;6;15;21;24;16;25;30;42;37;39;33;55;58;48;49;46;74;63;71;65;69
BINGO CARABOBO;8026;9;2;4;7;3;26;24;27;16;29;40;36;41;31;51;59;54;52;48;62;75;69;73;64
BINGO CARABOBO;8027;1;12;14;8;13;17;21;25;23;30;38;43;33;37;49;57;50;55;53;70;67;68;63;61
BINGO CARABOBO;8028;5;6;15;10;11;18;19;28;22;20;44;35;42;32;58;56;46;60;47;71;66;74;65;72
BINGO CARABOBO;8029;6;12;5;9;10;20;18;26;30;28;35;37;32;38;52;59;55;57;60;71;66;68;74;62
BINGO CARABOBO;8030;8;13;2;4;11;23;19;21;27;22;43;34;36;41;58;47;51;54;56;73;67;65;63;64
BINGO CARABOBO;8031;1;7;14;3;15;24;29;25;17;16;33;40;31;42;46;49;48;50;53;69;72;70;75;61
BINGO CARABOBO;8032;11;12;1;13;15;27;16;26;25;22;35;36;40;39;56;48;59;52;50;73;71;74;69;64
BINGO CARABOBO;8033;9;4;10;6;5;21;18;20;17;28;38;32;42;37;58;47;53;55;51;62;66;68;67;65
BINGO CARABOBO;8034;8;3;14;7;2;30;24;29;19;23;44;31;43;45;46;49;54;57;60;75;63;61;72;70
BINGO CARABOBO;8035;9;15;12;10;14;23;20;22;18;29;44;34;35;38;56;57;54;55;51;62;74;69;64;66
BINGO CARABOBO;8036;3;11;8;2;13;30;27;17;19;25;40;41;39;43;59;46;53;58;60;72;65;68;71;73
BINGO CARABOBO;8037;5;7;1;4;6;16;26;24;28;21;42;32;45;37;48;49;50;47;52;63;70;67;61;75
BINGO CARABOBO;8038;10;9;3;13;4;18;30;29;19;23;45;33;38;41;49;51;48;57;54;73;65;62;70;67
BINGO CARABOBO;8039;14;11;5;12;1;27;20;17;22;26;40;39;34;35;53;50;59;60;52;71;63;72;66;74
BINGO CARABOBO;8040;15;6;2;7;8;21;25;28;16;24;44;36;32;31;55;56;58;47;46;61;69;64;68;75
BINGO CARABOBO;8041;2;13;5;14;10;17;18;27;28;26;38;32;37;34;57;47;50;60;59;74;70;69;67;73
BINGO CARABOBO;8042;11;9;1;6;8;29;24;21;20;22;43;41;42;36;55;49;56;58;48;72;71;65;68;66
BINGO CARABOBO;8043;12;15;3;7;4;19;23;16;25;30;39;45;33;44;53;51;54;46;52;63;64;61;62;75
BINGO CARABOBO;8044;10;13;5;1;9;19;29;27;30;23;32;43;36;34;47;52;49;51;57;74;62;66;71;65
BINGO CARABOBO;8045;14;2;4;8;12;17;26;18;25;24;38;41;35;33;48;46;59;54;53;69;72;70;63;68
BINGO CARABOBO;8046;7;6;3;11;15;22;20;28;16;21;44;40;31;42;58;55;56;60;50;75;64;67;61;73
BINGO CARABOBO;8047;8;11;12;10;2;25;29;26;16;24;32;39;31;35;57;46;58;56;53;71;73;75;69;65
BINGO CARABOBO;8048;14;9;13;5;7;23;18;27;28;17;41;37;45;36;59;49;54;51;52;62;63;64;67;72
BINGO CARABOBO;8049;6;1;3;4;15;20;22;19;30;21;43;42;34;33;47;48;55;60;50;70;74;66;68;61
BINGO CARABOBO;8050;3;6;7;4;5;24;28;20;21;29;37;43;44;39;47;56;55;51;53;74;65;71;66;69
BINGO CARABOBO;8051;11;9;2;12;13;23;27;19;26;18;41;35;40;45;59;52;49;58;57;67;68;64;73;63
BINGO CARABOBO;8052;15;10;8;14;1;30;17;25;16;22;32;33;42;31;54;50;60;48;46;61;62;72;70;75
BINGO CARABOBO;8053;4;2;8;11;13;16;20;17;30;21;45;31;40;43;52;54;49;48;51;66;65;74;64;62
BINGO CARABOBO;8054;12;9;7;3;6;25;24;29;26;27;37;41;38;44;59;60;56;58;47;69;72;75;70;68
BINGO CARABOBO;8055;10;5;14;1;15;18;28;19;22;23;32;42;33;39;50;46;55;53;57;67;61;71;63;73
BINGO CARABOBO;8056;11;6;12;7;2;30;20;21;25;24;33;41;43;42;60;52;50;48;58;71;65;70;69;63
BINGO CARABOBO;8057;9;5;4;8;13;26;27;28;23;18;31;39;40;35;54;55;46;53;57;74;64;75;61;68
BINGO CARABOBO;8058;10;1;14;15;3;22;16;19;29;17;38;36;32;34;59;49;56;47;51;62;67;66;73;72
BINGO CARABOBO;8059;7;14;5;11;10;25;17;27;29;24;39;43;45;41;50;59;56;49;48;74;65;70;66;73
BINGO CARABOBO;8060;13;3;8;1;12;20;22;23;21;26;34;37;33;42;57;60;51;55;47;68;71;72;67;75
BINGO CARABOBO;8061;2;6;9;15;4;16;19;28;18;30;40;32;31;35;54;52;53;46;58;62;64;63;61;69
BINGO CARABOBO;8062;14;13;7;8;3;26;29;19;25;27;43;37;39;42;57;48;52;49;47;74;66;67;70;62
BINGO CARABOBO;8063;5;11;12;9;10;17;28;22;20;24;36;38;32;40;46;55;54;59;50;72;65;71;68;69
BINGO CARABOBO;8064;6;4;15;2;1;21;16;18;30;23;41;44;45;31;53;56;58;60;51;61;64;63;75;73
BINGO CARABOBO;8065;2;4;6;14;13;22;17;18;29;21;37;42;41;38;59;57;54;55;60;65;62;72;74;75
BINGO CARABOBO;8066;1;10;5;8;12;19;25;27;30;24;45;35;32;34;50;51;53;56;52;71;61;70;68;69
BINGO CARABOBO;8067;11;15;7;3;9;26;20;16;28;23;40;39;31;43;48;49;46;47;58;64;66;67;73;63
BINGO CARABOBO;8068;7;4;12;2;15;29;25;19;26;24;38;39;36;34;50;59;57;58;47;68;67;72;66;69
BINGO CARABOBO;8069;10;6;8;13;5;18;28;20;30;17;45;33;42;32;56;53;54;52;55;64;74;62;75;71
BINGO CARABOBO;8070;9;11;14;3;1;22;16;23;21;27;31;37;43;35;51;48;49;60;46;65;63;73;61;70
BINGO CARABOBO;8071;2;15;11;14;7;20;17;18;23;19;36;43;34;37;49;51;54;58;52;62;68;66;64;69
BINGO CARABOBO;8072;8;1;4;3;10;26;22;25;28;27;31;35;44;39;50;57;55;47;60;72;67;70;73;71
BINGO CARABOBO;8073;13;6;12;5;9;29;24;30;16;21;38;33;32;45;53;46;56;59;48;63;65;74;61;75
BINGO CARABOBO;8074;4;11;2;6;3;24;25;16;18;20;39;38;42;35;59;53;49;48;46;64;69;73;67;74
BINGO CARABOBO;8075;13;12;1;9;15;28;22;26;29;21;33;45;31;43;54;51;56;58;47;68;70;71;65;63
BINGO CARABOBO;8076;10;14;5;8;7;27;17;19;30;23;44;41;36;34;57;55;52;50;60;62;72;66;61;75
BINGO CARABOBO;8077;4;6;5;10;11;16;29;27;22;24;35;37;42;31;58;54;50;59;49;72;71;64;69;62
BINGO CARABOBO;8078;12;2;3;8;13;25;23;26;17;28;44;40;38;32;51;57;53;56;47;61;75;65;68;67
BINGO CARABOBO;8079;9;1;15;7;14;18;21;30;20;19;41;43;33;39;48;55;52;60;46;73;70;66;63;74
BINGO CARABOBO;8080;11;12;5;13;14;22;26;25;30;17;42;31;39;43;56;49;53;51;58;68;71;63;62;72
BINGO CARABOBO;8081;2;10;4;7;6;19;16;24;28;27;36;37;33;41;52;50;47;54;55;70;74;61;66;69
BINGO CARABOBO;8082;8;1;9;15;3;29;21;20;18;23;35;40;38;32;57;59;60;46;48;67;64;75;73;65
BINGO CARABOBO;8083;13;3;6;8;12;16;27;20;18;29;36;45;42;32;51;55;56;50;52;75;72;73;70;61
BINGO CARABOBO;8084;5;7;11;9;10;21;23;26;25;22;43;35;40;39;54;47;59;49;58;69;67;71;64;68
BINGO CARABOBO;8085;15;2;1;4;14;24;30;17;19;28;31;41;37;44;48;53;60;57;46;65;74;62;63;66
BINGO CARABOBO;8086;15;8;3;13;11;20;27;17;22;30;34;41;40;45;47;53;51;49;58;69;71;72;68;70
BINGO CARABOBO;8087;7;12;9;5;10;21;18;19;24;16;31;43;36;38;60;54;55;56;50;75;67;65;62;63
BINGO CARABOBO;8088;4;2;1;6;14;23;29;26;25;28;39;37;44;33;48;52;46;57;59;73;64;66;74;61
BINGO CARABOBO;8089;11;15;12;7;8;21;27;25;24;17;40;34;45;37;55;49;46;60;52;62;64;69;67;74
BINGO CARABOBO;8090;1;2;6;3;9;26;22;20;28;16;39;42;35;41;53;54;51;59;48;63;71;65;72;73
BINGO CARABOBO;8091;5;10;13;4;14;19;29;23;18;30;38;33;31;32;57;50;58;47;56;66;70;61;75;68
BINGO CARABOBO;8092;9;2;10;13;11;27;28;17;23;21;31;33;32;35;49;59;55;47;60;72;64;73;65;70
BINGO CARABOBO;8093;3;6;12;7;14;24;25;18;20;22;39;40;43;38;56;46;57;52;51;74;68;67;71;62
BINGO CARABOBO;8094;8;5;15;1;4;29;19;16;26;30;42;37;45;36;50;53;58;54;48;61;69;66;63;75
BINGO CARABOBO;8095;13;2;8;7;9;28;22;25;26;24;42;43;45;39;49;56;55;59;48;72;71;64;66;65
BINGO CARABOBO;8096;6;11;3;14;5;29;20;19;23;17;38;34;37;36;58;50;60;47;53;70;69;75;67;63
BINGO CARABOBO;8097;12;4;10;15;1;27;18;30;21;16;40;44;33;31;52;51;46;54;57;73;62;68;74;61
BINGO CARABOBO;8098;9;15;5;4;2;18;20;22;23;21;37;43;44;39;57;55;46;47;53;66;64;72;74;68
BINGO CARABOBO;8099;12;13;11;14;1;28;16;30;26;24;34;40;32;42;59;51;50;49;54;73;62;65;61;67
BINGO CARABOBO;8100;8;6;7;10;3;19;25;29;27;17;35;45;41;36;58;48;56;52;60;69;70;71;75;63
BINGO CARABOBO;8101;6;9;3;8;10;28;21;23;27;25;38;43;44;32;59;47;48;51;57;69;68;71;65;67
BINGO CARABOBO;8102;13;14;15;11;7;20;26;17;18;16;45;35;39;34;55;50;52;60;49;72;61;64;66;73
BINGO CARABOBO;8103;2;12;4;1;5;22;24;30;19;29;42;31;40;41;46;54;58;56;53;75;62;74;63;70
BINGO CARABOBO;8104;9;8;3;1;7;24;17;23;18;26;33;32;35;36;48;59;55;53;52;65;62;71;64;73
BINGO CARABOBO;8105;5;2;11;12;6;29;20;16;25;22;40;41;37;45;47;49;58;57;60;72;70;67;75;69
BINGO CARABOBO;8106;14;13;10;4;15;28;27;19;30;21;38;42;39;31;51;46;56;50;54;66;74;61;68;63
BINGO CARABOBO;8107;11;7;1;8;12;28;21;26;19;22;44;35;31;45;57;58;48;50;51;63;65;71;68;64
BINGO CARABOBO;8108;2;10;3;6;9;20;25;29;17;24;41;36;33;34;49;55;60;52;46;75;70;74;73;67
BINGO CARABOBO;8109;15;13;5;14;4;27;30;16;23;18;37;43;39;32;56;54;47;59;53;62;69;66;61;72
BINGO CARABOBO;8110;7;10;2;8;6;22;28;27;20;21;34;37;32;36;57;48;56;51;55;69;66;72;64;73
BINGO CARABOBO;8111;14;4;12;11;9;16;24;25;23;18;38;42;44;41;53;50;54;46;47;61;74;65;62;68
BINGO CARABOBO;8112;13;1;5;15;3;30;17;19;26;29;33;35;31;45;59;58;49;60;52;67;70;63;75;71
BINGO CARABOBO;8113;7;12;14;13;9;21;23;22;24;28;32;41;35;38;49;53;55;59;52;61;71;69;73;64
BINGO CARABOBO;8114;2;1;10;8;5;29;16;20;30;27;44;42;43;31;47;51;57;54;50;65;70;72;75;66
BINGO CARABOBO;8115;6;11;3;15;4;18;17;19;26;25;39;36;45;33;48;58;56;46;60;62;67;68;63;74
BINGO CARABOBO;8116;12;8;5;14;11;16;25;22;29;24;36;33;37;42;53;46;52;59;51;67;65;71;61;69
BINGO CARABOBO;8117;13;10;15;6;4;18;28;27;23;30;43;32;34;45;55;54;57;58;47;66;63;74;75;62
BINGO CARABOBO;8118;7;2;9;3;1;21;20;26;17;19;40;35;31;39;50;56;60;49;48;73;64;72;70;68
BINGO CARABOBO;8119;15;4;5;2;6;25;30;18;23;28;43;35;37;44;50;54;60;58;51;62;70;72;74;67
BINGO CARABOBO;8120;7;14;9;11;10;24;20;29;19;21;41;33;32;31;53;47;55;56;57;71;69;61;64;65
BINGO CARABOBO;8121;3;1;12;8;13;22;16;26;17;27;45;36;34;38;52;48;46;49;59;73;63;68;66;75
BINGO CARABOBO;8122;11;10;2;9;13;26;20;27;18;25;40;44;37;38;59;54;55;53;57;71;65;74;73;67
BINGO CARABOBO;8123;3;1;7;12;5;19;23;21;28;22;41;32;42;39;50;52;56;47;51;64;70;68;66;69
BINGO CARABOBO;8124;6;8;14;15;4;24;16;29;17;30;35;45;43;33;48;49;58;46;60;75;61;62;72;63
BINGO CARABOBO;8125;14;3;7;13;6;26;29;27;24;30;36;42;40;34;58;59;60;56;50;68;69;64;61;71
BINGO CARABOBO;8126;15;5;11;1;10;19;20;25;23;21;35;33;38;41;55;52;48;47;49;62;66;72;74;65
BINGO CARABOBO;8127;4;8;9;12;2;16;22;17;28;18;39;43;45;32;54;51;53;57;46;73;75;67;63;70
BINGO CARABOBO;8128;2;8;7;14;6;25;19;23;22;28;40;34;38;35;51;53;57;60;50;74;67;68;71;69
BINGO CARABOBO;8129;12;9;5;11;13;18;17;29;24;27;36;39;44;32;48;59;55;47;54;61;75;65;72;64
BINGO CARABOBO;8130;1;10;4;15;3;26;21;30;20;16;45;42;31;43;52;46;56;49;58;63;66;70;73;62
BINGO CARABOBO;8131;13;10;14;5;11;22;24;23;26;28;33;36;43;37;56;47;50;57;46;71;64;69;74;62
BINGO CARABOBO;8132;4;6;2;8;9;18;20;21;27;29;39;42;34;40;54;49;52;53;58;63;66;73;70;65
BINGO CARABOBO;8133;12;7;1;3;15;30;19;17;25;16;32;31;44;35;51;59;55;60;48;67;75;61;68;72
BINGO CARABOBO;8134;1;10;8;11;9;18;25;20;28;27;41;35;42;33;48;58;47;50;51;70;72;74;62;73
BINGO CARABOBO;8135;12;5;7;13;2;21;17;24;30;26;40;34;31;44;53;57;56;49;59;67;65;66;75;61
BINGO CARABOBO;8136;6;14;15;4;3;16;22;29;23;19;38;36;45;32;60;52;46;55;54;69;68;71;63;64
BINGO CARABOBO;8137;11;13;14;7;5;25;20;21;17;29;37;44;33;40;58;56;50;48;54;70;72;74;63;64
BINGO CARABOBO;8138;12;6;1;9;8;22;28;16;23;18;43;36;35;41;60;51;49;46;55;67;69;71;66;61
BINGO CARABOBO;8139;4;15;10;3;2;24;19;26;30;27;42;31;32;45;59;57;53;52;47;68;65;73;62;75
BINGO CARABOBO;8140;7;2;4;9;12;26;27;19;28;17;43;35;31;38;52;53;54;46;49;72;67;62;64;70
BINGO CARABOBO;8141;3;8;13;6;15;29;20;25;18;23;36;44;33;40;51;60;48;50;47;65;66;63;61;73
BINGO CARABOBO;8142;5;10;14;11;1;21;16;30;22;24;41;45;32;37;56;57;55;59;58;74;69;68;75;71
BINGO CARABOBO;8143;13;6;12;5;14;19;20;23;27;17;36;33;41;42;52;48;56;49;58;73;72;66;68;74
BINGO CARABOBO;8144;3;10;4;7;2;21;22;26;30;28;40;44;38;39;57;53;59;47;46;65;64;75;63;70
BINGO CARABOBO;8145;9;8;1;15;11;29;16;24;25;18;32;34;45;35;55;51;54;50;60;61;69;71;67;62
BINGO CARABOBO;8146;1;8;4;7;10;16;25;28;19;21;34;31;38;39;50;53;48;59;56;70;69;68;74;72
BINGO CARABOBO;8147;13;15;5;6;12;26;20;22;23;18;44;36;40;33;52;54;60;47;55;73;63;67;71;66
BINGO CARABOBO;8148;11;14;3;2;9;24;17;30;27;29;35;45;32;42;49;57;46;51;58;61;62;65;75;64
BINGO CARABOBO;8149;8;11;9;4;10;25;22;23;17;21;37;42;38;34;50;60;48;55;47;69;74;65;62;66
BINGO CARABOBO;8150;14;5;12;7;3;20;19;24;26;18;40;44;45;41;58;56;49;51;54;67;64;73;72;70
BINGO CARABOBO;8151;6;13;15;2;1;29;16;30;28;27;33;39;31;43;46;53;52;57;59;75;61;63;68;71
BINGO CARABOBO;8152;13;12;11;7;14;20;18;17;27;28;36;33;32;42;48;50;57;59;52;69;71;67;63;62
BINGO CARABOBO;8153;2;4;10;3;5;21;29;26;19;22;35;39;40;44;55;58;54;56;47;64;65;66;75;72
BINGO CARABOBO;8154;8;9;6;1;15;25;16;24;30;23;43;34;37;45;53;49;51;60;46;73;61;70;74;68
BINGO CARABOBO;8155;11;12;3;9;4;23;28;27;20;24;42;40;43;32;47;60;54;56;48;63;64;74;65;62
BINGO CARABOBO;8156;13;10;6;5;8;26;19;29;18;25;35;34;41;44;51;49;57;55;53;66;75;70;61;71
BINGO CARABOBO;8157;7;2;14;15;1;30;17;16;22;21;36;37;45;31;58;52;50;46;59;69;68;67;73;72
BINGO CARABOBO;8158;11;15;3;13;12;28;24;23;22;29;39;43;44;37;48;58;57;59;52;71;72;63;70;73
BINGO CARABOBO;8159;8;6;14;5;9;27;18;26;19;20;42;34;45;41;55;56;47;49;51;61;65;68;67;64
BINGO CARABOBO;8160;10;4;7;2;1;17;25;30;16;21;36;33;40;32;50;54;53;46;60;75;66;74;69;62
BINGO CARABOBO;8161;4;9;5;11;2;24;28;26;18;29;38;40;39;43;59;49;55;51;60;75;63;67;74;66
BINGO CARABOBO;8162;12;14;13;3;6;17;23;22;19;20;33;35;32;36;47;53;46;50;54;73;68;71;64;72
BINGO CARABOBO;8163;8;1;10;7;15;27;21;25;30;16;42;44;45;31;56;48;57;58;52;61;62;69;70;65
BINGO CARABOBO;8164;11;10;13;9;1;21;27;29;25;20;34;45;43;37;55;56;51;52;46;65;70;69;62;73
BINGO CARABOBO;8165;5;8;14;12;2;19;22;18;24;17;44;39;33;32;49;53;57;59;50;75;68;67;72;63
BINGO CARABOBO;8166;6;15;4;7;3;28;30;23;26;16;40;41;42;35;47;54;58;48;60;64;71;66;74;61
BINGO CARABOBO;8167;4;13;3;11;14;30;23;18;28;19;32;44;38;33;53;46;58;57;55;71;73;61;64;63
BINGO CARABOBO;8168;6;8;5;15;10;21;22;17;20;27;34;43;36;37;56;54;48;52;51;72;62;68;67;74
BINGO CARABOBO;8169;2;1;7;12;9;25;16;24;29;26;41;42;45;31;59;50;60;47;49;69;66;65;70;75
BINGO CARABOBO;8170;4;7;2;15;5;17;27;28;19;21;40;35;36;38;55;59;49;53;60;66;75;64;63;65
BINGO CARABOBO;8171;12;14;13;10;11;23;25;30;20;24;39;31;33;43;56;48;54;51;47;73;67;69;71;62
BINGO CARABOBO;8172;9;6;1;8;3;18;16;26;22;29;42;45;44;32;50;58;52;46;57;70;72;74;68;61
BINGO CARABOBO;8173;5;12;2;15;10;27;20;26;30;22;32;36;41;40;54;49;55;57;53;69;73;71;70;67
BINGO CARABOBO;8174;6;13;4;14;1;29;23;16;19;28;44;33;42;43;48;47;46;50;52;62;72;64;74;65
BINGO CARABOBO;8175;7;8;11;3;9;21;24;18;25;17;45;34;37;31;58;59;56;60;51;63;68;66;61;75
BINGO CARABOBO;8176;12;7;8;4;5;30;28;19;18;24;45;39;31;40;53;55;52;46;57;63;75;72;62;66
BINGO CARABOBO;8177;9;11;14;6;13;27;17;21;20;23;43;34;33;42;48;49;51;50;58;74;61;71;68;65
BINGO CARABOBO;8178;3;10;1;2;15;26;29;16;22;25;38;37;35;32;54;59;56;47;60;69;70;64;67;73
BINGO CARABOBO;8179;13;15;8;4;5;30;21;29;18;22;44;37;34;32;59;54;57;56;49;70;63;66;72;67
BINGO CARABOBO;8180;3;10;9;6;12;20;27;17;25;16;36;43;35;41;58;60;48;51;53;69;62;71;74;73
BINGO CARABOBO;8181;2;7;11;14;1;24;23;19;28;26;40;42;45;31;47;55;50;46;52;61;64;68;75;65
BINGO CARABOBO;8182;5;12;15;6;9;18;23;17;21;22;32;44;40;38;56;57;53;55;60;70;62;66;69;71
BINGO CARABOBO;8183;11;8;10;3;2;24;25;29;16;20;34;43;35;42;51;59;50;46;49;72;74;63;67;68
BINGO CARABOBO;8184;13;7;4;14;1;28;19;26;27;30;31;37;41;33;58;48;52;54;47;73;75;64;61;65
BINGO CARABOBO;8185;8;3;13;4;7;16;17;22;20;21;35;31;42;38;55;54;52;50;49;62;63;72;66;70
BINGO CARABOBO;8186;5;12;11;10;14;19;27;23;29;25;39;32;40;33;58;53;57;59;56;67;68;74;61;73
BINGO CARABOBO;8187;9;6;2;15;1;18;30;26;24;28;43;36;45;37;46;48;51;60;47;69;65;71;75;64
BINGO CARABOBO;8188;11;9;7;2;10;21;26;24;22;27;34;45;39;37;55;60;51;53;56;75;74;72;68;64
BINGO CARABOBO;8189;6;13;14;12;8;30;23;25;19;17;36;35;40;31;58;49;57;47;52;63;66;73;62;65
BINGO CARABOBO;8190;3;5;4;15;1;18;28;29;16;20;43;38;33;44;46;50;54;48;59;69;70;67;61;71
BINGO CARABOBO;8191;12;9;6;1;3;18;19;26;29;20;44;41;38;42;56;54;51;46;58;74;61;72;73;64
BINGO CARABOBO;8192;13;7;8;11;15;30;17;24;21;23;32;39;37;45;57;55;59;49;50;62;70;67;68;71
BINGO CARABOBO;8193;4;10;5;2;14;22;27;25;16;28;43;35;31;40;53;48;52;60;47;66;69;75;65;63
BINGO CARABOBO;8194;12;4;5;7;9;17;27;20;29;19;45;31;42;34;49;60;59;50;48;64;62;66;74;75
BINGO CARABOBO;8195;13;3;10;2;14;21;22;24;28;18;36;35;39;40;51;46;55;52;57;71;70;65;68;72
BINGO CARABOBO;8196;1;11;6;15;8;23;25;26;30;16;38;44;37;32;56;53;47;58;54;63;69;67;61;73
BINGO CARABOBO;8197;11;8;7;6;13;27;17;23;22;16;33;38;39;31;59;50;55;53;51;70;61;72;74;66
BINGO CARABOBO;8198;12;10;4;9;14;21;18;20;26;29;41;37;44;42;56;58;52;49;47;63;64;62;68;69
BINGO CARABOBO;8199;5;15;2;1;3;25;19;24;28;30;40;34;32;35;60;48;54;57;46;73;67;71;65;75
BINGO CARABOBO;8200;6;9;12;3;5;23;26;27;21;24;39;43;36;32;46;53;52;47;57;68;74;72;71;61
BINGO CARABOBO;8201;8;11;10;2;7;19;18;20;30;28;33;40;35;42;48;58;59;51;56;65;70;63;73;62
BINGO CARABOBO;8202;13;14;1;4;15;25;16;17;22;29;37;44;38;31;54;50;55;60;49;64;75;67;69;66
BINGO CARABOBO;8203;2;4;8;5;14;25;26;27;23;18;33;37;45;38;59;51;46;53;49;71;64;66;74;72
BINGO CARABOBO;8204;1;3;7;9;12;21;19;16;28;29;40;36;34;42;54;55;52;50;57;63;67;70;65;62
BINGO CARABOBO;8205;13;10;6;11;15;22;17;20;24;30;35;41;39;31;60;47;48;56;58;68;69;73;61;75
BINGO CARABOBO;8206;7;12;4;5;10;19;17;22;25;21;41;44;38;37;58;59;48;53;49;66;68;64;62;65
BINGO CARABOBO;8207;8;9;14;3;15;20;16;27;23;24;43;42;35;40;57;47;55;56;54;74;69;63;72;73
BINGO CARABOBO;8208;6;11;1;13;2;26;30;18;29;28;45;34;32;36;60;51;50;46;52;71;70;61;75;67
BINGO CARABOBO;8209;3;2;13;12;9;17;27;18;28;30;37;41;31;38;58;52;55;54;56;66;73;63;61;71
BINGO CARABOBO;8210;7;10;14;6;8;22;20;21;19;24;39;43;40;34;57;50;49;51;59;75;74;67;62;64
BINGO CARABOBO;8211;4;1;5;15;11;16;25;29;23;26;32;35;33;36;46;47;53;48;60;68;70;65;69;72
BINGO CARABOBO;8212;12;2;8;7;10;22;28;20;26;25;40;31;43;38;58;49;51;52;57;64;74;63;65;66
BINGO CARABOBO;8213;4;11;6;9;15;29;18;23;30;24;34;35;33;37;48;54;53;47;59;72;75;62;70;67
BINGO CARABOBO;8214;5;13;3;14;1;27;17;19;21;16;44;45;42;39;56;50;60;55;46;71;68;69;61;73
BINGO CARABOBO;8215;8;14;4;13;7;22;21;29;16;25;34;37;35;33;47;59;56;46;50;65;71;74;69;68
BINGO CARABOBO;8216;2;6;5;3;10;27;19;20;18;28;40;38;36;44;60;58;54;55;51;67;73;72;63;61
BINGO CARABOBO;8217;12;1;9;11;15;26;24;23;17;30;41;45;32;31;52;53;57;48;49;64;75;70;62;66
BINGO CARABOBO;8218;8;14;13;3;9;18;17;21;30;27;37;33;43;35;49;54;48;55;51;74;72;62;64;68
BINGO CARABOBO;8219;4;10;12;6;7;16;25;20;24;28;34;45;39;31;52;53;47;50;46;73;67;69;71;70
BINGO CARABOBO;8220;5;11;2;1;15;26;29;23;19;22;42;40;44;41;58;57;60;56;59;63;66;61;65;75
BINGO CARABOBO;8221;2;14;9;11;12;23;17;25;29;27;42;38;37;39;58;51;57;49;48;70;65;72;73;62
BINGO CARABOBO;8222;10;13;6;5;7;21;18;20;26;19;33;43;44;45;47;53;56;60;52;74;67;63;64;66
BINGO CARABOBO;8223;3;1;4;8;15;28;16;24;30;22;36;35;41;31;54;55;46;50;59;68;71;75;61;69
BINGO CARABOBO;8224;14;13;5;6;7;18;17;22;25;19;33;36;41;37;54;46;56;50;51;66;69;71;61;68
BINGO CARABOBO;8225;4;8;10;9;2;20;27;29;21;26;43;39;44;32;60;48;53;49;59;70;74;72;64;63
BINGO CARABOBO;8226;15;12;1;11;3;16;28;23;30;24;38;45;34;40;55;57;52;58;47;73;65;75;67;62
BINGO CARABOBO;8227;10;2;14;11;1;27;17;22;25;23;33;34;39;43;47;48;49;51;59;69;64;74;72;70
BINGO CARABOBO;8228;5;15;13;8;9;21;19;28;26;16;36;44;42;37;58;60;54;46;56;62;73;65;67;71
BINGO CARABOBO;8229;4;6;7;12;3;20;29;24;30;18;41;31;45;32;52;53;55;57;50;66;63;61;75;68
BINGO CARABOBO;8230;15;4;8;3;9;27;29;26;25;28;39;37;43;32;56;57;54;48;51;66;63;74;67;72
BINGO CARABOBO;8231;6;7;10;2;5;18;22;17;20;23;33;35;44;40;50;46;52;53;59;71;65;69;75;68
BINGO CARABOBO;8232;1;12;13;14;11;21;16;24;30;19;41;31;38;45;47;49;58;60;55;70;62;73;61;64
BINGO CARABOBO;8233;14;13;5;4;12;22;24;18;25;27;36;40;44;31;55;59;57;53;58;73;66;69;67;62
BINGO CARABOBO;8234;9;8;11;2;7;29;23;19;21;26;33;38;35;34;49;50;51;54;56;72;64;74;63;65
BINGO CARABOBO;8235;15;6;10;3;1;16;17;28;30;20;43;41;42;32;48;52;47;60;46;68;71;75;61;70
BINGO CARABOBO;8236;6;9;15;7;1;23;18;21;24;28;45;42;32;43;50;59;52;57;46;64;66;67;72;73
BINGO CARABOBO;8237;3;12;13;5;8;20;22;27;25;26;35;37;33;41;56;55;54;48;47;62;69;71;65;74
BINGO CARABOBO;8238;4;14;11;10;2;17;19;30;16;29;44;38;40;36;53;58;60;49;51;75;61;68;70;63
BINGO CARABOBO;8239;5;4;6;7;8;17;26;20;30;28;39;31;40;34;60;52;55;53;57;63;70;68;65;74
BINGO CARABOBO;8240;14;12;13;9;1;24;18;29;25;16;41;36;45;43;58;48;51;54;56;64;66;62;69;75
BINGO CARABOBO;8241;11;10;3;15;2;23;22;21;19;27;42;37;33;44;46;59;47;49;50;72;73;61;67;71
BINGO CARABOBO;8242;10;12;13;9;3;17;22;18;29;23;44;36;41;33;53;47;48;57;50;68;62;66;67;72
BINGO CARABOBO;8243;7;2;14;6;4;28;27;21;16;30;40;38;42;31;52;55;59;51;56;73;74;64;70;75
BINGO CARABOBO;8244;8;1;5;11;15;25;24;20;26;19;43;34;39;45;58;54;49;46;60;71;65;63;61;69
BINGO CARABOBO;8245;12;14;4;3;7;20;22;29;17;16;33;34;43;41;51;53;48;50;55;69;64;62;68;66
BINGO CARABOBO;8246;10;2;15;8;9;24;19;26;23;25;36;38;35;42;58;49;52;57;54;63;70;72;67;71
BINGO CARABOBO;8247;13;5;11;1;6;28;27;30;18;21;44;40;39;45;56;47;60;46;59;61;65;73;74;75
BINGO CARABOBO;8248;3;10;4;11;14;17;21;26;25;18;33;42;39;41;49;56;47;55;51;66;75;67;70;74
BINGO CARABOBO;8249;2;13;12;6;8;20;23;24;16;28;43;36;31;38;52;48;57;59;54;69;73;63;64;71
BINGO CARABOBO;8250;7;1;15;9;5;19;29;30;22;27;34;45;32;44;60;46;58;53;50;68;65;62;72;61
BINGO CARABOBO;8251;10;3;9;12;11;25;17;23;21;19;34;39;42;38;57;48;52;49;60;61;74;66;65;67
BINGO CARABOBO;8252;14;15;4;8;5;28;30;16;29;24;31;36;45;40;54;59;58;51;47;72;64;62;63;69
BINGO CARABOBO;8253;6;7;2;13;1;20;22;26;27;18;33;43;37;44;56;53;50;46;55;71;75;70;68;73
BINGO CARABOBO;8254;5;4;12;13;8;27;29;22;26;25;34;42;33;32;54;52;60;51;53;71;67;68;70;63
BINGO CARABOBO;8255;14;15;3;1;9;17;19;20;18;24;41;31;38;36;49;57;50;58;55;62;72;73;65;66
BINGO CARABOBO;8256;7;10;6;11;2;30;28;21;16;23;37;43;40;45;56;59;48;46;47;74;75;69;61;64
BINGO CARABOBO;8257;8;7;11;5;9;25;18;28;24;16;34;41;42;35;54;52;57;47;48;70;67;62;61;64
BINGO CARABOBO;8258;3;10;1;2;12;29;23;17;20;27;39;43;40;36;55;56;59;50;60;63;66;74;73;75
BINGO CARABOBO;8259;4;6;15;13;14;30;22;21;19;26;45;37;44;31;51;53;49;58;46;69;65;72;71;68
BINGO CARABOBO;8260;12;9;3;11;5;16;28;21;27;18;34;41;39;42;53;58;46;51;50;63;64;69;70;71
BINGO CARABOBO;8261;2;15;10;14;8;22;17;23;20;24;40;44;35;38;48;57;59;60;56;68;61;66;65;75
BINGO CARABOBO;8262;6;13;4;1;7;29;19;25;30;26;37;43;36;31;47;54;49;52;55;72;73;67;62;74
BINGO CARABOBO;8263;14;3;9;12;8;21;22;19;25;24;38;31;37;39;54;56;59;52;57;67;74;68;69;73
BINGO CARABOBO;8264;5;13;6;4;7;16;26;29;20;18;34;41;36;33;55;47;48;49;51;64;61;65;72;71
BINGO CARABOBO;8265;1;10;2;11;15;27;30;17;28;23;43;32;40;45;58;46;60;53;50;66;70;75;62;63
BINGO CARABOBO;8266;6;14;4;11;12;27;17;19;21;30;41;40;43;32;50;59;58;53;57;62;66;73;65;74
BINGO CARABOBO;8267;1;13;5;15;7;23;22;29;28;24;34;36;33;35;49;47;60;48;52;67;71;75;70;69
BINGO CARABOBO;8268;2;8;9;3;10;25;18;20;16;26;38;37;31;45;46;51;56;55;54;68;61;72;63;64
BINGO CARABOBO;8269;12;7;6;10;1;22;21;18;27;26;37;38;43;36;48;60;56;50;55;74;72;65;71;64
BINGO CARABOBO;8270;2;9;11;13;4;28;25;29;23;16;45;41;34;42;59;49;58;51;46;66;67;69;70;63
BINGO CARABOBO;8271;14;5;8;15;3;19;24;20;17;30;32;31;44;33;53;57;52;54;47;75;73;61;62;68
BINGO CARABOBO;8272;13;4;9;14;6;27;16;17;21;29;32;37;38;42;48;56;59;51;55;70;66;74;72;64
BINGO CARABOBO;8273;3;2;7;8;10;30;26;22;24;23;36;34;35;33;54;47;53;46;57;67;62;68;71;73
BINGO CARABOBO;8274;11;12;5;1;15;19;28;25;18;20;43;39;41;31;52;58;49;60;50;65;63;69;61;75
BINGO CARABOBO;8275;15;6;9;4;13;23;18;24;17;30;33;41;39;32;52;57;54;56;58;72;70;63;62;65
BINGO CARABOBO;8276;2;3;8;10;11;20;19;28;21;26;40;43;31;44;46;51;50;60;47;75;64;67;71;66
BINGO CARABOBO;8277;7;14;5;1;12;27;22;25;29;16;36;45;37;38;55;53;48;49;59;61;69;74;73;68
BINGO CARABOBO;8278;3;11;7;6;15;29;18;21;28;20;36;40;41;44;50;55;57;54;49;72;73;74;67;61
BINGO CARABOBO;8279;13;4;1;14;5;30;22;25;26;23;33;35;43;45;48;47;51;53;46;68;63;71;70;66
BINGO CARABOBO;8280;9;2;10;8;12;19;17;24;16;27;34;31;38;32;60;52;58;56;59;62;75;65;69;64
BINGO CARABOBO;8281;9;10;3;14;6;30;20;27;19;25;41;43;37;42;46;56;59;58;50;73;75;64;67;72
BINGO CARABOBO;8282;7;11;15;8;13;18;22;21;24;26;33;31;38;39;51;52;49;57;47;63;74;69;65;68
BINGO CARABOBO;8283;5;4;2;1;12;29;17;23;28;16;40;35;34;45;60;53;55;54;48;70;66;61;62;71
BINGO CARABOBO;8284;5;13;6;9;8;27;24;28;19;18;36;38;32;34;47;56;57;49;55;70;61;69;64;68
BINGO CARABOBO;8285;14;11;3;10;2;26;29;22;25;30;42;31;35;37;59;48;50;58;46;75;67;72;71;62
BINGO CARABOBO;8286;1;15;12;4;7;17;21;16;20;23;39;41;40;45;51;52;54;60;53;65;73;66;74;63
BINGO CARABOBO;8287;7;12;2;6;3;29;23;21;24;22;32;39;42;41;56;49;52;53;60;62;71;75;63;61
BINGO CARABOBO;8288;4;8;14;11;5;25;18;20;27;30;36;33;37;35;50;46;55;58;54;66;70;72;69;68
BINGO CARABOBO;8289;9;10;13;15;1;19;17;26;16;28;43;38;44;31;51;48;47;59;57;73;65;64;74;67
BINGO CARABOBO;8290;8;11;2;4;1;24;29;30;16;27;32;42;38;35;53;51;56;55;47;73;71;66;70;62
BINGO CARABOBO;8291;12;10;9;14;15;21;28;22;25;23;41;36;44;34;54;59;60;57;50;67;74;69;63;72
BINGO CARABOBO;8292;7;6;5;3;13;19;26;20;18;17;37;31;45;40;52;46;49;58;48;75;68;65;61;64
BINGO CARABOBO;8293;4;7;2;6;8;22;16;18;29;19;40;41;34;37;57;49;60;55;48;68;67;69;70;72
BINGO CARABOBO;8294;3;9;10;5;13;25;28;24;21;30;36;43;32;38;47;54;52;50;53;73;65;71;66;75
BINGO CARABOBO;8295;1;15;12;11;14;20;23;27;26;17;33;45;31;35;58;56;51;46;59;62;63;61;74;64
BINGO CARABOBO;8296;11;6;10;9;2;22;20;26;19;28;36;35;44;33;59;50;58;56;57;67;65;72;66;75
BINGO CARABOBO;8297;12;13;1;3;8;17;25;18;23;21;37;39;32;45;55;54;51;52;53;74;69;64;71;68
BINGO CARABOBO;8298;15;5;7;4;14;29;24;30;27;16;38;42;31;43;49;47;46;60;48;70;73;61;63;62
BINGO CARABOBO;8299;9;8;1;4;11;25;17;27;19;21;36;45;38;40;52;50;56;57;55;74;63;71;70;67
BINGO CARABOBO;8300;5;10;3;12;14;20;26;30;24;16;35;42;41;37;53;46;49;59;54;73;66;72;62;65
BINGO CARABOBO;8301;13;7;6;2;15;18;23;28;22;29;34;33;43;44;58;48;60;51;47;75;64;61;68;69
BINGO CARABOBO;8302;9;7;1;6;5;16;19;17;26;27;34;32;39;42;47;53;48;58;49;64;74;71;63;70
BINGO CARABOBO;8303;13;3;12;11;10;20;24;29;30;25;40;45;35;36;52;56;59;55;51;73;69;62;61;68
BINGO CARABOBO;8304;14;2;8;15;4;21;23;22;18;28;38;43;33;37;46;57;54;50;60;65;72;67;66;75
BINGO CARABOBO;8305;7;14;5;2;4;27;28;16;18;23;38;35;40;41;58;47;54;59;52;72;73;67;70;61
BINGO CARABOBO;8306;11;9;13;12;6;21;24;19;22;20;42;33;39;37;60;46;53;48;55;64;66;68;71;63
BINGO CARABOBO;8307;10;15;1;3;8;26;29;30;25;17;32;34;43;31;51;56;50;57;49;65;74;75;62;69
BINGO CARABOBO;8308;12;14;6;2;15;16;17;28;21;27;42;38;32;34;47;60;48;57;46;64;69;73;75;65
BINGO CARABOBO;8309;11;10;13;8;1;23;22;20;18;25;37;45;33;41;50;59;52;54;56;67;63;72;74;71
BINGO CARABOBO;8310;4;5;9;7;3;24;30;19;26;29;44;31;40;36;51;53;55;49;58;70;61;66;68;62
BINGO CARABOBO;8311;14;6;3;8;11;19;23;26;25;27;40;37;34;38;57;59;48;55;50;69;65;63;75;70
BINGO CARABOBO;8312;12;9;1;7;4;21;29;20;28;30;35;43;42;41;53;58;49;54;52;72;71;61;64;67
BINGO CARABOBO;8313;13;5;2;15;10;17;24;16;18;22;44;31;39;45;56;47;51;60;46;66;73;74;68;62
BINGO CARABOBO;8314;3;4;6;13;14;25;29;24;26;18;34;39;35;45;59;47;56;55;57;67;68;65;75;70
BINGO CARABOBO;8315;2;7;11;15;10;23;28;30;19;17;32;40;36;33;49;51;52;50;54;71;61;69;73;63
BINGO CARABOBO;8316;8;1;9;5;12;22;16;21;20;27;44;37;42;31;53;58;46;48;60;62;72;74;64;66
BINGO CARABOBO;8317;10;12;2;5;11;25;23;26;22;27;34;40;37;32;60;56;57;58;50;74;73;68;67;62
BINGO CARABOBO;8318;4;9;15;8;3;17;20;28;24;29;35;36;39;45;55;51;53;48;47;64;71;65;70;63
BINGO CARABOBO;8319;7;6;14;13;1;18;19;30;21;16;31;42;38;44;52;49;46;54;59;69;75;61;72;66
BINGO CARABOBO;8320;8;13;11;3;12;22;29;19;28;18;36;45;33;41;53;50;55;57;51;63;72;69;68;65
BINGO CARABOBO;8321;4;6;5;9;14;24;26;21;16;30;42;43;31;37;58;52;48;56;59;71;70;61;64;73
BINGO CARABOBO;8322;10;1;2;7;15;27;23;20;17;25;34;44;32;40;46;49;60;47;54;74;67;75;66;62
BINGO CARABOBO;8323;15;9;12;3;2;17;22;18;29;21;38;33;40;32;59;56;47;57;55;67;70;74;63;69
BINGO CARABOBO;8324;10;13;5;8;7;28;19;26;20;16;36;35;43;31;50;58;53;52;60;65;68;72;66;62
BINGO CARABOBO;8325;6;4;14;1;11;24;30;25;27;23;44;41;37;42;46;51;54;48;49;61;73;64;71;75
BINGO CARABOBO;8326;6;15;3;2;4;27;19;24;21;16;36;43;45;37;60;54;57;58;56;67;72;63;65;62
BINGO CARABOBO;8327;5;11;9;10;7;26;28;30;22;23;42;35;32;39;53;47;50;51;49;68;66;69;64;71
BINGO CARABOBO;8328;8;12;13;14;1;17;29;20;25;18;33;38;44;31;55;46;48;59;52;61;70;74;75;73
BINGO CARABOBO;8329;3;8;5;15;12;22;17;27;23;24;32;44;42;35;60;54;48;49;57;68;70;63;66;62
BINGO CARABOBO;8330;6;11;7;4;14;16;19;25;29;21;31;34;36;39;58;50;52;47;56;69;71;74;72;64
BINGO CARABOBO;8331;13;2;1;10;9;18;28;30;20;26;43;41;33;40;59;55;53;51;46;73;65;75;67;61
BINGO CARABOBO;8332;12;8;6;10;13;29;16;22;20;19;36;42;44;32;55;49;51;47;59;69;64;74;73;65
BINGO CARABOBO;8333;5;9;4;2;11;18;26;25;30;23;31;39;38;43;46;56;48;50;54;71;72;66;67;75
BINGO CARABOBO;8334;1;7;14;15;3;27;28;24;17;21;35;33;37;40;53;57;52;60;58;63;62;70;61;68
BINGO CARABOBO;8335;8;4;13;3;14;24;23;26;16;20;41;37;34;35;49;47;54;58;52;68;67;75;63;62
BINGO CARABOBO;8336;12;7;11;2;15;22;18;21;29;27;36;45;40;42;48;57;56;50;55;70;74;69;73;65
BINGO CARABOBO;8337;5;6;9;1;10;19;25;17;28;30;33;38;44;32;60;51;46;59;53;61;71;66;72;64
BINGO CARABOBO;8338;9;11;6;8;12;27;22;23;28;16;31;32;34;35;52;54;49;48;59;75;73;71;62;63
BINGO CARABOBO;8339;7;3;10;14;15;26;24;21;20;19;45;41;43;42;58;51;57;46;55;67;64;69;70;68
BINGO CARABOBO;8340;13;1;4;2;5;25;18;17;29;30;38;33;39;44;60;50;56;47;53;72;61;65;74;66
BINGO CARABOBO;8341;13;4;12;7;6;28;25;27;19;26;39;44;37;42;52;48;49;57;54;66;70;75;74;63
BINGO CARABOBO;8342;1;3;9;11;8;21;30;16;18;24;33;43;36;34;53;55;59;58;50;65;68;61;67;71
BINGO CARABOBO;8343;5;2;10;14;15;22;29;17;23;20;38;32;45;31;56;47;51;46;60;62;69;73;72;64
BINGO CARABOBO;8344;8;7;6;10;5;18;30;25;23;24;41;40;32;37;54;52;50;55;58;70;72;67;63;65
BINGO CARABOBO;8345;4;11;15;2;3;29;21;22;27;20;33;35;34;39;49;57;51;56;46;69;68;71;61;62
BINGO CARABOBO;8346;9;12;13;1;14;16;19;17;28;26;38;42;45;31;60;53;48;47;59;66;74;64;75;73
BINGO CARABOBO;8347;7;3;1;10;12;20;23;22;30;17;33;43;45;32;51;48;57;59;49;73;65;64;69;70
BINGO CARABOBO;8348;9;5;4;6;13;21;28;24;16;25;36;34;42;37;52;47;56;58;55;71;67;62;72;63
BINGO CARABOBO;8349;2;8;14;11;15;27;19;29;26;18;38;39;44;31;54;60;46;50;53;66;75;68;74;61
BINGO CARABOBO;8350;7;10;13;6;8;24;20;19;17;23;39;45;32;40;52;47;60;48;55;64;75;66;62;73
BINGO CARABOBO;8351;5;4;15;2;3;22;16;28;29;30;43;41;33;35;49;46;54;56;53;65;70;67;68;61
BINGO CARABOBO;8352;12;9;14;11;1;27;18;21;25;26;31;38;44;34;51;58;57;59;50;72;63;71;74;69
BINGO CARABOBO;8353;9;13;8;10;12;21;23;27;17;18;41;44;37;40;56;60;57;51;47;67;73;71;64;75
BINGO CARABOBO;8354;6;5;3;11;7;22;24;20;29;25;34;32;43;33;49;55;50;52;58;66;63;65;72;62
BINGO CARABOBO;8355;2;14;1;4;15;28;16;26;19;30;36;42;45;31;46;53;54;48;59;69;68;70;61;74
BINGO CARABOBO;8356;3;9;7;6;11;21;27;29;25;19;33;35;32;40;55;47;54;53;48;71;62;74;66;63
BINGO CARABOBO;8357;2;8;13;10;12;22;23;17;18;26;43;42;41;44;50;52;60;51;58;65;68;67;70;73
BINGO CARABOBO;8358;1;14;5;4;15;28;30;20;24;16;37;39;31;45;49;57;46;59;56;72;75;69;61;64
BINGO CARABOBO;8359;10;4;3;13;14;23;28;20;19;27;36;32;40;38;47;50;60;58;49;69;63;66;72;67
BINGO CARABOBO;8360;15;2;12;7;8;24;25;21;30;18;39;33;43;44;54;48;55;51;56;74;65;61;64;70
BINGO CARABOBO;8361;6;9;5;1;11;16;17;26;22;29;42;35;31;45;57;53;59;46;52;68;62;73;75;71
BINGO CARABOBO;8362;9;10;5;11;13;27;25;24;17;28;39;33;35;36;59;48;52;55;46;72;66;69;68;67
BINGO CARABOBO;8363;4;14;7;12;6;23;29;26;20;19;43;40;34;42;47;51;50;49;57;64;61;74;75;70
BINGO CARABOBO;8364;8;3;15;1;2;18;30;21;22;16;41;31;45;32;58;54;56;60;53;73;71;63;62;65
BINGO CARABOBO;8365;5;11;15;12;4;23;16;22;21;29;36;41;31;44;57;48;50;52;49;66;70;71;72;73
BINGO CARABOBO;8366;14;1;8;3;6;27;18;28;26;20;37;40;35;38;60;47;51;53;54;63;67;65;61;69
BINGO CARABOBO;8367;9;10;2;7;13;25;17;24;30;19;39;43;32;34;56;58;55;46;59;74;68;64;62;75
BINGO CARABOBO;8368;13;8;12;4;7;23;21;29;25;16;34;36;44;38;49;52;56;51;53;66;63;64;69;71
BINGO CARABOBO;8369;15;2;5;11;14;26;28;30;22;24;39;42;41;35;57;50;54;48;55;65;67;75;72;62
BINGO CARABOBO;8370;6;1;9;10;3;18;19;20;27;17;33;37;31;45;46;59;58;47;60;68;73;61;70;74
BINGO CARABOBO;8371;10;14;3;13;11;16;22;19;21;28;40;39;35;33;52;58;56;53;59;63;67;62;68;64
BINGO CARABOBO;8372;8;15;12;4;1;24;29;18;17;23;36;44;34;42;54;50;60;47;55;69;74;71;70;66
BINGO CARABOBO;8373;6;7;5;9;2;26;27;25;20;30;43;45;31;32;51;49;46;57;48;73;65;75;61;72
BINGO CARABOBO;8374;12;14;3;4;10;28;24;21;25;23;34;35;31;44;48;58;51;56;55;65;70;62;69;63
BINGO CARABOBO;8375;2;5;7;9;8;22;26;18;29;16;38;33;41;45;60;53;59;52;50;75;66;71;73;64
BINGO CARABOBO;8376;11;15;1;13;6;20;30;27;17;19;32;39;43;37;47;57;46;54;49;61;68;74;72;67
BINGO CARABOBO;8377;5;14;15;2;6;19;18;23;25;27;41;40;39;34;48;51;49;55;50;69;66;64;73;72
BINGO CARABOBO;8378;13;9;10;11;12;24;17;22;26;20;33;43;32;38;59;54;57;58;56;67;70;68;74;65
BINGO CARABOBO;8379;1;4;7;8;3;29;21;30;16;28;31;42;36;37;60;47;46;52;53;62;61;63;71;75
BINGO CARABOBO;8380;1;4;6;10;2;28;20;16;27;18;35;41;34;31;58;59;50;49;52;72;73;75;62;70
BINGO CARABOBO;8381;3;5;14;13;11;21;29;26;24;23;40;38;42;33;57;48;55;47;54;65;67;61;68;64
BINGO CARABOBO;8382;8;12;9;7;15;19;22;25;17;30;44;32;37;39;56;46;53;51;60;69;71;74;66;63
BINGO CARABOBO;8383;9;6;2;15;11;17;21;25;19;20;31;43;45;32;47;55;52;46;50;65;61;73;66;70
BINGO CARABOBO;8384;3;13;7;10;12;30;16;26;22;23;35;39;33;36;49;51;54;53;60;68;63;64;69;72
BINGO CARABOBO;8385;5;4;8;1;14;18;28;27;24;29;37;40;34;38;56;58;59;57;48;67;71;74;75;62
BINGO CARABOBO;8386;2;12;8;15;6;30;28;20;25;18;33;34;35;37;49;53;52;56;57;68;72;70;64;69
BINGO CARABOBO;8387;7;3;11;4;13;19;17;23;26;29;40;38;36;39;58;59;48;54;50;61;65;73;75;66
BINGO CARABOBO;8388;10;5;9;14;1;21;16;22;27;24;32;43;45;41;46;55;60;47;51;74;63;67;62;71
BINGO CARABOBO;8389;15;7;10;8;13;26;28;20;18;23;38;34;35;40;50;47;54;60;57;69;63;66;71;74
BINGO CARABOBO;8390;3;9;4;6;11;22;17;19;25;29;45;43;32;33;59;49;56;55;53;73;72;68;64;62
BINGO CARABOBO;8391;5;14;2;12;1;27;21;16;24;30;37;42;44;41;52;48;51;58;46;70;65;67;75;61
BINGO CARABOBO;8392;11;12;10;3;2;27;25;24;23;26;32;40;43;42;53;59;48;52;47;65;72;71;70;74
BINGO CARABOBO;8393;6;13;8;4;7;20;21;22;17;28;38;33;41;31;51;50;55;58;56;75;67;61;62;73
BINGO CARABOBO;8394;1;5;14;15;9;18;29;19;30;16;36;39;37;35;54;49;60;57;46;63;64;68;69;66
BINGO CARABOBO;8395;8;13;11;7;2;16;18;19;29;23;40;43;35;44;57;48;46;53;59;68;61;62;71;65
BINGO CARABOBO;8396;5;9;6;10;3;28;26;22;17;20;36;37;41;33;54;51;50;55;58;67;70;66;74;63
BINGO CARABOBO;8397;1;12;15;14;4;25;27;30;21;24;45;42;39;34;47;52;60;49;56;73;72;75;64;69
BINGO CARABOBO;8398;11;5;8;12;1;23;25;17;30;24;34;41;40;38;58;57;60;51;49;66;67;62;64;68
BINGO CARABOBO;8399;3;4;14;7;9;28;20;19;27;26;43;36;39;35;53;54;48;50;55;69;74;73;63;72
BINGO CARABOBO;8400;6;15;10;13;2;29;18;22;16;21;42;33;31;32;56;52;47;46;59;75;70;65;61;71
BINGO CARABOBO;8401;9;3;14;5;2;20;22;30;23;26;32;36;40;45;50;59;57;55;54;67;73;66;75;72
BINGO CARABOBO;8402;13;4;7;15;6;29;25;27;24;17;44;35;37;31;56;53;51;52;47;70;68;71;65;64
BINGO CARABOBO;8403;12;11;8;10;1;28;18;16;19;21;38;33;43;34;58;48;60;49;46;63;69;62;61;74
BINGO CARABOBO;8404;4;11;3;6;10;16;23;28;30;27;33;39;42;37;60;50;52;47;59;69;74;73;68;65
BINGO CARABOBO;8405;5;7;15;1;9;25;26;18;21;22;32;36;34;40;53;56;54;48;57;72;63;64;71;67
BINGO CARABOBO;8406;8;12;2;14;13;24;17;29;20;19;38;31;45;43;46;55;49;51;58;75;66;70;61;62
BINGO CARABOBO;8407;14;12;3;2;8;29;26;17;18;25;40;42;35;36;50;53;55;58;56;74;65;71;63;67
BINGO CARABOBO;8408;13;6;4;5;9;16;20;22;21;28;39;41;37;45;49;54;48;51;59;66;70;69;75;68
BINGO CARABOBO;8409;11;1;10;7;15;19;23;24;27;30;34;33;44;38;60;47;52;46;57;72;73;64;62;61
BINGO CARABOBO;8410;6;9;8;11;2;24;19;20;30;17;39;37;44;35;58;51;55;49;57;72;66;69;74;73
BINGO CARABOBO;8411;1;3;4;13;14;21;26;22;23;27;32;43;40;34;47;50;46;52;48;64;65;67;62;71
BINGO CARABOBO;8412;5;10;7;15;12;18;25;16;29;28;38;45;31;41;56;54;59;53;60;63;70;61;68;75
BINGO CARABOBO;8413;13;10;15;12;11;27;25;18;29;22;38;34;33;37;53;59;52;60;47;61;67;74;66;64
BINGO CARABOBO;8414;8;9;5;4;7;17;26;21;28;23;41;31;32;39;46;54;55;57;58;75;69;71;70;65
BINGO CARABOBO;8415;3;14;2;6;1;20;24;30;19;16;44;40;35;45;56;48;50;49;51;68;63;62;72;73
BINGO CARABOBO;8416;15;13;6;8;9;27;29;20;23;19;33;36;40;38;51;46;59;53;54;71;61;64;72;62
BINGO CARABOBO;8417;4;12;11;7;3;16;25;26;24;18;44;35;37;32;48;55;56;57;50;74;66;75;63;70
BINGO CARABOBO;8418;2;5;10;1;14;28;21;17;22;30;42;43;41;45;47;52;49;58;60;67;69;68;65;73
BINGO CARABOBO;8419;12;6;14;15;3;27;19;24;17;23;40;44;33;43;54;53;49;50;46;68;72;71;65;62
BINGO CARABOBO;8420;2;8;10;4;5;28;25;30;21;16;37;35;41;36;48;52;57;47;55;67;64;66;73;74
BINGO CARABOBO;8421;11;1;9;13;7;26;18;20;22;29;39;31;34;45;58;56;59;51;60;69;63;61;70;75
BINGO CARABOBO;8422;9;11;4;10;6;26;28;24;29;18;41;43;34;44;60;46;57;50;56;74;66;62;70;63
BINGO CARABOBO;8423;14;3;7;2;5;27;20;21;22;30;42;40;36;33;52;59;55;53;48;65;69;67;72;68
BINGO CARABOBO;8424;15;8;1;13;12;19;16;23;17;25;35;32;31;38;47;58;49;51;54;71;75;64;73;61
BINGO CARABOBO;8425;13;10;12;4;9;26;29;20;25;30;40;44;33;34;50;49;53;58;46;66;73;62;74;64
BINGO CARABOBO;8426;11;8;15;2;5;27;22;19;23;21;35;32;31;45;57;54;51;56;55;65;70;67;71;69
BINGO CARABOBO;8427;14;7;1;3;6;18;24;17;16;28;38;37;42;39;52;47;59;48;60;68;72;75;61;63
BINGO CARABOBO;8428;3;6;12;10;4;29;21;23;30;24;39;40;41;44;60;53;59;49;56;63;67;71;73;72
BINGO CARABOBO;8429;5;14;8;9;11;26;25;16;18;19;33;34;45;36;52;55;51;58;50;64;69;68;61;65
BINGO CARABOBO;8430;7;15;1;2;13;27;20;22;17;28;37;43;31;35;46;54;57;48;47;74;75;70;62;66
BINGO CARABOBO;8431;8;5;6;7;11;22;16;25;27;21;37;40;39;45;49;52;54;56;58;62;68;70;72;65
BINGO CARABOBO;8432;4;10;12;14;3;19;24;20;18;26;38;44;36;35;48;47;55;53;51;64;66;74;61;73
BINGO CARABOBO;8433;1;9;2;13;15;28;23;17;30;29;43;42;33;41;60;57;46;50;59;69;71;63;75;67
BINGO CARABOBO;8434;15;2;3;13;7;28;26;23;19;27;40;31;36;38;52;60;49;54;59;67;75;63;64;69
BINGO CARABOBO;8435;9;4;12;10;8;29;17;21;16;22;45;33;35;37;50;57;55;48;51;70;68;66;73;61
BINGO CARABOBO;8436;14;6;5;11;1;18;25;20;30;24;41;43;34;39;53;47;56;46;58;74;71;65;72;62
BINGO CARABOBO;8437;6;7;13;2;8;19;26;18;22;30;40;36;32;43;51;48;55;57;58;61;71;70;62;69
BINGO CARABOBO;8438;11;5;14;4;12;21;20;25;16;27;35;37;42;41;50;54;59;47;49;72;64;63;73;66
BINGO CARABOBO;8439;10;3;15;1;9;24;23;28;17;29;44;38;34;45;52;60;53;56;46;74;68;65;67;75
BINGO CARABOBO;8440;13;4;11;3;9;28;17;21;25;30;43;40;37;36;50;57;49;58;56;74;67;69;72;66
BINGO CARABOBO;8441;2;12;15;10;5;16;20;26;23;18;42;35;44;31;54;51;59;53;48;73;65;75;63;68
BINGO CARABOBO;8442;8;6;7;14;1;19;24;27;29;22;34;39;32;45;55;60;46;47;52;62;64;61;70;71
BINGO CARABOBO;8443;14;9;12;13;10;21;23;28;25;22;40;44;31;42;52;48;47;59;51;73;70;62;61;64
BINGO CARABOBO;8444;7;1;15;4;5;17;30;27;26;29;35;41;33;32;57;50;54;56;53;69;63;66;65;68
BINGO CARABOBO;8445;6;3;11;2;8;24;19;20;16;18;39;37;38;43;58;55;49;46;60;72;74;67;71;75
BINGO CARABOBO;8446;12;10;4;5;9;23;26;19;24;18;44;38;42;40;53;54;60;51;56;70;62;72;74;66
BINGO CARABOBO;8447;15;6;2;14;8;25;27;22;20;29;32;35;33;41;48;55;52;46;50;75;67;68;63;69
BINGO CARABOBO;8448;13;11;7;1;3;17;21;30;28;16;31;34;37;43;58;57;59;47;49;65;71;73;61;64
BINGO CARABOBO;8449;2;1;10;3;5;24;22;17;18;25;38;31;45;36;49;48;54;58;47;65;62;71;73;72
BINGO CARABOBO;8450;7;13;4;12;6;16;20;19;30;27;42;34;44;40;52;51;55;59;53;70;69;67;68;64
BINGO CARABOBO;8451;8;9;15;11;14;28;23;26;29;21;33;39;43;32;46;50;57;60;56;74;63;66;75;61
BINGO CARABOBO;8452;7;4;14;8;2;19;20;29;17;22;36;42;43;45;55;54;57;47;49;64;74;65;66;67
BINGO CARABOBO;8453;5;13;11;1;10;27;18;26;28;21;41;31;34;39;60;53;48;50;51;62;71;73;69;63
BINGO CARABOBO;8454;6;12;15;3;9;24;23;16;25;30;38;37;44;33;52;59;58;56;46;61;72;68;70;75
BINGO CARABOBO;8455;4;7;15;14;10;27;30;26;18;20;37;40;34;39;53;51;54;49;56;70;62;73;74;64
BINGO CARABOBO;8456;9;2;8;12;1;25;17;23;24;21;45;33;36;35;55;58;59;57;52;66;71;75;65;63
BINGO CARABOBO;8457;11;6;5;13;3;22;28;29;16;19;43;38;32;31;47;48;50;60;46;69;61;72;68;67
BINGO CARABOBO;8458;8;7;9;1;10;22;27;18;25;28;40;34;36;42;59;56;48;57;58;69;67;61;66;75
BINGO CARABOBO;8459;12;6;11;5;15;19;17;24;29;21;43;45;41;44;49;54;55;51;52;68;72;64;74;63
BINGO CARABOBO;8460;3;13;4;14;2;30;26;16;23;20;32;35;31;39;47;50;60;53;46;62;70;73;65;71
BINGO CARABOBO;8461;15;5;3;7;11;23;25;21;30;24;40;41;42;35;52;49;47;55;57;65;63;70;66;69
BINGO CARABOBO;8462;10;13;12;2;8;22;20;26;18;19;44;39;32;38;60;56;48;54;46;73;72;75;62;64
BINGO CARABOBO;8463;6;1;9;14;4;28;16;27;29;17;37;33;45;31;53;58;50;51;59;71;68;67;61;74
BINGO CARABOBO;8464;4;8;2;5;13;22;29;25;30;18;41;31;33;34;59;58;56;54;49;63;66;69;71;64
BINGO CARABOBO;8465;14;11;9;7;6;20;16;24;19;26;43;39;40;42;48;53;47;52;55;68;74;65;72;67
BINGO CARABOBO;8466;10;3;15;12;1;17;28;27;21;23;45;36;35;44;50;51;57;60;46;62;73;61;70;75
BINGO CARABOBO;8467;11;6;4;7;3;25;26;30;22;19;33;38;36;39;57;47;51;56;53;66;69;68;63;65
BINGO CARABOBO;8468;9;8;13;12;14;23;27;17;20;18;44;32;37;35;55;48;60;52;54;73;72;75;70;74
BINGO CARABOBO;8469;2;10;1;15;5;28;24;16;29;21;42;40;41;31;49;58;59;46;50;71;62;64;61;67
BINGO CARABOBO;8470;10;9;7;3;13;17;20;23;29;21;42;44;45;34;56;47;52;50;58;71;67;68;65;61
BINGO CARABOBO;8471;12;4;15;1;5;18;26;28;22;27;40;31;36;38;59;60;55;57;51;70;64;63;73;72
BINGO CARABOBO;8472;8;2;11;14;6;16;25;19;30;24;41;39;37;33;53;54;49;46;48;69;66;62;75;74
BINGO CARABOBO;8473;8;9;3;4;12;21;26;24;17;22;31;39;34;36;47;55;48;58;49;66;63;68;67;75
BINGO CARABOBO;8474;10;14;6;11;2;27;28;23;29;19;42;44;33;32;50;52;46;56;51;74;71;65;73;64
BINGO CARABOBO;8475;13;7;15;5;1;18;25;30;20;16;35;41;37;45;59;54;57;53;60;70;61;69;62;72
BINGO CARABOBO;8476;12;5;2;11;9;24;25;21;26;22;32;34;37;40;47;56;57;48;51;68;63;67;62;65
BINGO CARABOBO;8477;14;10;4;8;3;17;20;28;18;27;33;36;43;42;53;58;59;54;55;72;69;71;70;74
BINGO CARABOBO;8478;7;6;13;15;1;23;19;30;16;29;44;41;45;35;52;49;60;46;50;73;61;66;64;75
BINGO CARABOBO;8479;10;13;3;7;8;28;18;21;20;19;44;36;40;35;54;47;50;56;49;65;74;63;75;72
BINGO CARABOBO;8480;5;9;2;1;12;23;27;17;22;29;31;32;45;33;51;59;52;55;46;62;67;70;71;64
BINGO CARABOBO;8481;14;6;15;11;4;30;26;24;16;25;37;39;34;41;58;60;57;48;53;66;69;68;73;61
BINGO CARABOBO;8482;10;12;2;4;15;18;22;20;21;23;36;32;35;37;47;59;50;49;57;75;69;63;70;65
BINGO CARABOBO;8483;11;9;8;7;13;28;24;29;27;17;43;44;41;31;54;56;55;53;60;67;72;73;68;62
BINGO CARABOBO;8484;5;6;3;14;1;30;19;16;26;25;42;40;38;45;58;52;48;46;51;64;61;66;71;74
BINGO CARABOBO;8485;13;1;6;12;8;30;26;23;27;16;35;39;43;42;52;58;59;49;53;66;67;71;65;63
BINGO CARABOBO;8486;11;14;3;15;5;28;25;21;19;24;38;45;34;40;50;57;47;54;60;70;62;69;61;72
BINGO CARABOBO;8487;10;4;2;9;7;18;20;22;17;29;44;31;33;36;56;55;48;46;51;73;68;74;75;64
BINGO CARABOBO;8488;14;9;6;7;13;25;21;30;20;29;41;40;33;36;55;52;47;51;53;61;73;68;72;70
BINGO CARABOBO;8489;4;8;11;10;1;17;24;18;28;26;43;38;45;39;50;54;59;60;57;65;75;62;66;71
BINGO CARABOBO;8490;3;2;12;5;15;22;19;27;16;23;34;32;31;37;49;56;48;58;46;74;64;63;69;67
BINGO CARABOBO;8491;9;8;1;4;7;25;17;22;26;28;44;37;45;32;52;53;56;51;54;67;70;61;62;72
BINGO CARABOBO;8492;12;2;11;3;10;24;29;18;23;27;42;36;34;38;47;55;48;58;57;71;65;68;74;66
BINGO CARABOBO;8493;14;13;15;6;5;21;16;20;19;30;40;31;43;33;49;46;59;50;60;73;64;75;63;69
BINGO CARABOBO;8494;6;15;12;3;2;23;29;24;17;21;39;37;35;44;56;47;58;54;59;69;64;66;73;70
BINGO CARABOBO;8495;9;7;10;11;8;16;22;27;28;25;38;43;31;32;50;60;57;52;49;71;68;75;72;62
BINGO CARABOBO;8496;13;1;4;14;5;19;18;20;26;30;36;33;34;41;55;48;51;53;46;67;61;63;65;74
BINGO CARABOBO;8497;8;11;2;13;1;25;20;19;22;16;45;42;33;34;58;53;47;56;46;66;63;62;67;73
BINGO CARABOBO;8498;5;4;10;14;6;29;17;28;18;21;39;32;41;43;59;48;54;60;50;64;70;69;72;65
BINGO CARABOBO;8499;12;7;3;15;9;24;26;27;23;30;35;36;44;40;49;52;51;55;57;61;71;74;75;68
BINGO CARABOBO;8500;6;9;5;14;4;28;27;25;20;24;32;39;45;34;60;55;47;56;58;74;73;67;69;75
BINGO CARABOBO;8501;7;3;8;12;13;22;17;29;26;30;33;41;42;35;46;53;57;49;51;62;71;66;64;65
BINGO CARABOBO;8502;11;2;10;15;1;19;21;23;16;18;37;44;43;36;52;54;59;48;50;63;68;61;70;72
BINGO CARABOBO;8503;14;7;6;11;3;19;23;26;16;17;35;32;43;34;55;57;49;53;47;63;73;67;69;62
BINGO CARABOBO;8504;4;2;10;1;12;28;27;21;22;29;36;39;40;41;52;46;50;56;59;70;66;71;61;64
BINGO CARABOBO;8505;9;8;5;15;13;20;25;24;30;18;42;44;33;38;58;51;48;54;60;72;65;74;68;75
BINGO CARABOBO;8506;15;11;3;13;9;21;26;20;23;29;38;37;33;34;54;57;55;53;58;73;63;74;69;65
BINGO CARABOBO;8507;14;12;6;7;4;19;22;17;25;24;32;36;43;45;50;46;48;56;60;66;71;64;67;70
BINGO CARABOBO;8508;1;8;10;2;5;30;18;16;27;28;39;41;44;40;59;49;51;52;47;72;61;68;62;75
BINGO CARABOBO;8509;10;2;1;9;5;20;27;24;19;23;37;39;35;45;58;59;60;54;48;68;72;63;64;71
BINGO CARABOBO;8510;6;14;15;7;13;28;16;22;18;26;32;36;38;43;52;53;49;57;56;74;65;61;67;62
BINGO CARABOBO;8511;4;8;11;12;3;17;30;25;21;29;44;31;42;33;47;55;51;46;50;69;73;66;75;70
BINGO CARABOBO;8512;9;14;8;3;13;19;16;17;26;27;41;31;37;43;53;50;54;57;51;63;67;64;62;74
BINGO CARABOBO;8513;2;4;5;7;11;20;22;28;23;21;39;34;42;35;47;59;58;49;52;68;65;71;69;72
BINGO CARABOBO;8514;15;10;6;12;1;24;25;29;18;30;44;40;32;45;60;48;56;46;55;73;70;75;61;66
BINGO CARABOBO;8515;9;5;8;13;7;26;27;22;20;25;44;42;33;31;53;48;54;51;55;72;64;65;71;63
BINGO CARABOBO;8516;2;6;3;10;12;18;28;21;24;29;43;32;40;45;60;56;52;50;57;66;68;67;62;74
BINGO CARABOBO;8517;14;11;1;4;15;23;19;16;30;17;35;34;37;39;49;59;47;58;46;75;69;70;61;73
BINGO CARABOBO;8518;14;8;11;10;9;21;28;18;30;24;32;40;33;39;56;48;58;54;53;63;68;70;72;67
BINGO CARABOBO;8519;12;2;1;4;7;20;16;23;29;19;35;41;45;37;57;47;46;52;50;62;64;65;61;71
BINGO CARABOBO;8520;15;13;3;5;6;25;26;17;22;27;43;36;34;38;51;59;55;49;60;74;75;66;73;69
BINGO CARABOBO;8521;3;7;9;12;10;24;19;23;29;28;34;36;37;43;48;46;55;51;59;73;75;61;68;71
BINGO CARABOBO;8522;1;5;14;8;4;17;20;25;16;22;32;38;35;42;47;53;56;52;49;63;74;72;69;64
BINGO CARABOBO;8523;6;13;2;11;15;18;26;30;21;27;45;33;44;31;50;54;60;57;58;66;62;65;70;67
BINGO CARABOBO;8524;12;9;6;14;2;16;21;25;24;23;37;43;35;41;52;50;53;47;49;70;65;64;61;71
BINGO CARABOBO;8525;11;10;5;7;8;20;27;26;17;28;36;44;42;40;54;59;55;46;56;68;66;73;74;69
BINGO CARABOBO;8526;13;1;4;15;3;30;29;22;18;19;34;31;39;38;57;51;48;60;58;63;75;67;62;72
BINGO CARABOBO;8527;13;3;15;6;2;26;25;28;29;18;37;33;45;42;56;54;47;50;48;65;74;68;66;64
BINGO CARABOBO;8528;4;10;1;14;11;19;20;22;24;23;41;32;38;39;59;55;57;49;53;73;69;71;67;70
BINGO CARABOBO;8529;7;5;9;8;12;16;27;17;21;30;35;36;44;31;58;60;46;51;52;72;62;63;61;75
BINGO CARABOBO;8530;10;2;8;3;15;27;21;26;28;30;44;43;35;36;54;52;48;47;56;64;67;65;68;61
BINGO CARABOBO;8531;13;1;5;7;12;24;19;20;22;23;32;40;39;37;55;46;51;57;49;70;62;69;71;72
BINGO CARABOBO;8532;9;11;6;4;14;25;16;18;17;29;33;38;31;45;58;53;59;60;50;74;63;73;66;75
BINGO CARABOBO;8533;5;12;10;3;4;21;23;25;17;26;37;43;39;44;54;46;51;57;53;64;68;73;74;63
BINGO CARABOBO;8534;15;2;8;9;7;24;18;29;30;20;32;40;35;34;52;50;58;49;59;70;66;72;62;71
BINGO CARABOBO;8535;14;13;6;11;1;28;22;16;27;19;41;45;36;33;55;56;48;60;47;67;75;61;69;65
BINGO CARABOBO;8536;6;7;5;11;4;16;25;23;22;19;42;45;43;41;54;56;53;58;59;72;70;67;73;74
BINGO CARABOBO;8537;3;9;14;8;1;26;21;18;24;28;38;39;31;44;47;49;50;52;55;75;69;71;65;66
BINGO CARABOBO;8538;2;10;12;13;15;20;27;30;29;17;37;32;40;35;51;46;57;60;48;64;62;63;68;61
BINGO CARABOBO;8539;12;13;8;2;9;23;20;16;27;19;41;43;40;33;55;59;52;58;60;63;66;67;71;68
BINGO CARABOBO;8540;6;3;11;10;4;18;29;25;28;21;45;42;37;36;47;56;48;50;51;69;64;73;75;72
BINGO CARABOBO;8541;5;7;14;15;1;22;30;24;26;17;39;38;31;34;53;54;49;46;57;65;62;61;74;70
BINGO CARABOBO;8542;7;11;9;14;3;23;16;18;29;21;33;36;40;34;56;51;53;55;47;71;67;74;70;69
BINGO CARABOBO;8543;10;8;2;5;13;19;26;22;25;27;38;31;41;43;57;54;48;60;46;75;62;72;68;63
BINGO CARABOBO;8544;4;12;6;15;1;24;20;28;30;17;39;32;45;37;58;49;52;50;59;64;66;73;61;65
BINGO CARABOBO;8545;12;5;13;6;9;29;19;22;27;28;34;36;38;39;55;49;58;52;51;63;69;73;62;71
BINGO CARABOBO;8546;4;8;7;11;3;30;21;17;24;23;32;44;42;35;47;54;46;59;50;75;70;66;74;68
BINGO CARABOBO;8547;14;2;10;15;1;18;20;25;26;16;41;45;33;40;53;60;57;56;48;67;65;72;64;61
BINGO CARABOBO;8548;10;5;7;4;9;20;26;23;19;29;42;41;39;33;52;56;51;50;59;66;74;72;64;69
BINGO CARABOBO;8549;11;14;3;6;8;27;25;24;28;18;32;31;36;37;49;46;55;48;54;62;75;71;70;63
BINGO CARABOBO;8550;12;2;1;15;13;17;21;16;22;30;44;35;45;34;53;57;60;47;58;67;73;65;68;61
BINGO CARABOBO;8551;14;6;7;5;12;19;28;30;29;20;36;38;40;45;52;58;50;54;47;69;70;72;74;71
BINGO CARABOBO;8552;13;10;8;2;3;22;23;18;26;16;33;39;32;35;53;48;56;49;55;64;65;75;62;66
BINGO CARABOBO;8553;4;9;11;15;1;27;24;21;17;25;37;43;34;31;57;59;60;46;51;68;67;61;63;73
BINGO CARABOBO;8554;2;4;13;14;3;24;19;26;17;29;33;39;40;44;49;53;57;60;51;67;62;75;73;72
BINGO CARABOBO;8555;8;12;11;5;6;25;28;18;27;23;42;38;36;43;52;48;56;50;59;69;65;64;66;74
BINGO CARABOBO;8556;7;1;10;9;15;21;22;16;20;30;41;31;35;34;47;55;58;46;54;68;61;70;71;63
BINGO CARABOBO;8557;6;12;5;3;14;16;24;29;19;22;42;34;43;36;50;56;46;59;55;74;63;65;66;62
BINGO CARABOBO;8558;11;4;9;8;2;27;18;26;28;21;39;41;38;37;51;48;49;47;53;67;71;69;61;73
BINGO CARABOBO;8559;10;13;7;15;1;20;23;17;25;30;44;45;35;33;60;57;52;58;54;72;64;75;70;68
BINGO CARABOBO;8560;7;12;1;13;8;16;29;20;19;22;41;39;34;38;51;57;52;55;54;62;70;66;71;69
BINGO CARABOBO;8561;2;6;9;14;10;27;21;17;30;23;44;31;43;40;56;53;58;49;47;64;67;74;73;65
BINGO CARABOBO;8562;11;5;15;3;4;26;28;24;18;25;42;37;45;32;50;48;46;60;59;72;61;68;75;63
BINGO CARABOBO;8563;10;15;6;13;2;20;23;22;28;19;44;43;42;32;50;53;47;59;54;68;61;67;75;70
BINGO CARABOBO;8564;4;9;5;12;8;18;27;26;21;24;35;38;41;33;49;48;52;56;51;74;64;72;71;69
BINGO CARABOBO;8565;11;14;3;7;1;25;29;17;16;30;31;39;36;40;55;58;57;46;60;66;65;62;73;63
BINGO CARABOBO;8566;3;2;6;11;10;22;21;16;29;28;41;38;40;33;47;57;53;59;49;67;74;68;75;62
BINGO CARABOBO;8567;1;7;9;14;8;27;26;19;18;23;43;42;39;35;55;50;54;51;48;73;63;65;64;70
BINGO CARABOBO;8568;4;5;15;13;12;25;20;17;24;30;34;36;32;45;56;52;58;46;60;71;69;72;66;61
BINGO CARABOBO;8569;12;6;11;2;14;29;28;21;23;24;39;42;36;33;59;48;46;51;50;68;74;67;62;63
BINGO CARABOBO;8570;10;5;3;4;7;20;25;27;22;18;44;31;40;45;56;49;53;52;47;71;64;65;69;66
BINGO CARABOBO;8571;8;15;13;1;9;16;17;26;19;30;37;43;41;34;57;60;54;58;55;75;61;70;72;73
BINGO CARABOBO;8572;9;11;13;6;5;27;17;25;26;29;42;35;32;36;53;57;58;59;47;67;68;70;72;65
BINGO CARABOBO;8573;4;10;12;8;7;28;21;23;18;19;40;37;34;44;49;48;55;54;50;63;66;73;62;64
BINGO CARABOBO;8574;1;14;3;2;15;30;16;22;24;20;38;41;45;33;52;56;60;51;46;71;69;74;61;75
BINGO CARABOBO;8575;6;10;9;3;14;21;25;17;23;16;35;39;42;31;50;53;49;47;60;74;61;72;65;71
BINGO CARABOBO;8576;5;7;2;11;12;29;19;24;20;28;32;37;43;44;59;57;58;54;48;67;63;70;68;73
BINGO CARABOBO;8577;4;8;15;13;1;27;18;30;22;26;36;45;41;34;51;56;52;46;55;69;64;66;75;62
BINGO CARABOBO;8578;12;8;4;11;3;26;25;17;22;30;44;34;43;35;59;48;49;53;54;64;69;71;65;70
BINGO CARABOBO;8579;7;6;1;9;2;18;29;19;20;24;42;39;37;36;55;51;56;58;52;66;73;63;72;68
BINGO CARABOBO;8580;5;14;13;10;15;27;28;16;21;23;32;40;41;45;47;60;46;50;57;62;74;61;75;67
BINGO CARABOBO;8581;8;11;14;10;2;17;23;29;24;18;42;34;39;31;51;52;57;54;55;73;69;62;67;74
BINGO CARABOBO;8582;4;9;1;5;3;19;27;20;22;26;36;40;44;41;59;46;56;58;49;65;70;66;68;63
BINGO CARABOBO;8583;15;6;12;13;7;21;30;16;25;28;38;32;33;45;48;53;50;60;47;72;64;71;75;61
BINGO CARABOBO;8584;11;2;6;10;12;21;23;22;24;25;38;42;34;44;48;50;53;60;55;71;73;75;72;64
BINGO CARABOBO;8585;14;4;3;9;13;29;30;16;19;27;40;31;32;37;47;56;58;49;59;68;67;61;69;74
BINGO CARABOBO;8586;5;7;15;8;1;17;20;18;26;28;41;36;43;39;54;52;51;57;46;65;70;63;66;62
BINGO CARABOBO;8587;10;1;6;3;11;29;30;19;17;24;32;31;39;35;56;60;58;50;59;68;65;70;74;64
BINGO CARABOBO;8588;9;8;5;7;15;21;27;23;22;18;41;44;43;33;51;52;49;54;55;71;63;61;72;73
BINGO CARABOBO;8589;13;14;4;2;12;20;16;28;25;26;40;38;45;37;57;47;48;46;53;69;67;75;66;62
BINGO CARABOBO;8590;11;5;8;7;13;23;25;17;20;27;38;45;40;37;60;56;58;50;48;71;72;64;66;68
BINGO CARABOBO;8591;14;9;4;12;2;26;21;18;28;16;43;35;33;41;52;53;47;54;57;62;61;75;67;69
BINGO CARABOBO;8592;15;6;3;10;1;30;24;22;29;19;39;34;31;32;59;51;49;55;46;65;70;73;63;74
BINGO CARABOBO;8593;6;15;13;5;12;18;24;28;20;25;43;32;41;44;48;57;55;54;53;69;62;66;74;73
BINGO CARABOBO;8594;3;8;1;10;14;17;26;29;27;19;40;31;35;34;56;50;51;59;47;67;64;70;71;65
BINGO CARABOBO;8595;9;7;4;2;11;30;21;23;16;22;38;42;33;39;58;52;60;49;46;72;75;63;68;61
BINGO CARABOBO;8596;5;8;11;14;6;18;23;26;27;25;35;37;44;40;59;58;60;46;48;67;62;63;72;69
BINGO CARABOBO;8597;12;4;15;3;9;29;19;21;28;24;33;32;36;39;53;49;56;54;52;61;70;74;65;73
BINGO CARABOBO;8598;2;7;10;13;1;30;17;16;22;20;34;45;43;41;50;55;51;47;57;64;71;75;66;68
BINGO CARABOBO;8599;11;12;3;2;8;28;26;19;23;29;40;41;38;37;46;54;56;58;48;68;69;75;63;66
BINGO CARABOBO;8600;14;1;5;6;7;16;21;20;30;24;39;42;35;44;52;55;51;49;57;64;71;70;61;67
BINGO CARABOBO;8601;9;13;10;4;15;25;22;27;17;18;32;31;33;45;47;50;59;53;60;73;72;65;62;74
BINGO CARABOBO;8602;10;2;12;14;6;24;23;28;19;21;32;42;37;43;55;50;57;49;56;69;64;67;72;75
BINGO CARABOBO;8603;15;7;8;3;9;18;29;16;17;22;35;33;38;45;47;51;58;60;48;62;63;70;74;71
BINGO CARABOBO;8604;5;11;13;1;4;25;26;27;30;20;34;41;31;44;53;52;54;46;59;66;65;61;68;73
BINGO CARABOBO;8605;7;3;12;10;11;26;23;19;28;21;37;38;32;35;51;46;56;59;58;62;71;72;64;66
BINGO CARABOBO;8606;13;14;6;8;9;18;29;22;27;24;43;34;45;36;57;48;52;50;55;63;68;67;69;65
BINGO CARABOBO;8607;5;2;4;15;1;17;25;30;16;20;39;33;41;42;54;60;49;47;53;70;73;61;74;75
BINGO CARABOBO;8608;5;15;6;7;2;19;22;16;17;28;42;40;44;43;50;53;49;58;48;69;67;70;62;66
BINGO CARABOBO;8609;13;8;12;9;3;26;21;27;29;20;36;41;35;33;60;52;56;55;51;71;74;75;73;68
BINGO CARABOBO;8610;10;4;11;1;14;25;18;24;30;23;37;39;31;32;59;46;57;54;47;63;64;61;72;65
BINGO CARABOBO;8611;7;13;9;10;14;26;22;23;30;17;45;34;36;40;53;50;51;52;46;71;69;67;62;64
BINGO CARABOBO;8612;2;3;6;4;5;20;19;25;27;18;31;33;41;37;48;54;59;47;58;68;61;65;70;75
BINGO CARABOBO;8613;12;1;8;15;11;24;29;28;16;21;43;38;35;32;49;55;56;60;57;72;74;66;73;63
BINGO CARABOBO;8614;4;8;5;11;3;20;22;19;24;25;36;38;43;37;58;57;54;48;55;70;65;66;74;61
BINGO CARABOBO;8615;7;13;2;12;14;28;30;29;17;23;39;35;40;41;60;56;51;49;52;75;68;72;67;71
BINGO CARABOBO;8616;10;1;15;6;9;21;16;18;27;26;44;31;45;32;50;47;59;53;46;63;69;64;62;73
BINGO CARABOBO;8617;7;5;12;8;4;20;25;29;16;22;35;42;43;44;58;48;51;56;55;61;72;67;65;70
BINGO CARABOBO;8618;9;6;11;14;13;23;19;28;27;17;41;39;37;36;52;47;57;46;54;69;75;66;62;64
BINGO CARABOBO;8619;3;10;2;1;15;30;18;24;26;21;33;31;34;40;59;50;60;49;53;63;73;71;74;68
BINGO CARABOBO;8620;15;3;6;4;12;24;19;18;20;28;32;34;36;38;59;49;60;58;52;68;73;63;67;65
BINGO CARABOBO;8621;2;8;14;7;5;16;22;26;27;25;41;31;43;37;57;50;48;54;53;69;62;75;70;71
BINGO CARABOBO;8622;13;10;11;9;1;23;30;17;29;21;33;44;40;45;56;47;55;51;46;64;72;66;74;61
BINGO CARABOBO;8623;11;14;6;5;7;23;26;24;19;25;43;32;42;34;58;47;50;57;46;72;63;75;71;66
BINGO CARABOBO;8624;12;15;2;4;9;27;16;22;28;29;41;35;31;40;52;55;56;59;49;64;65;68;69;62
BINGO CARABOBO;8625;8;13;10;3;1;17;21;30;18;20;45;38;44;37;53;51;48;54;60;70;73;61;67;74
BINGO CARABOBO;8626;8;5;6;3;11;17;18;28;27;23;32;37;42;38;54;50;56;49;51;72;65;73;68;71
BINGO CARABOBO;8627;7;15;13;9;2;25;30;21;26;20;41;35;40;45;57;59;48;60;55;74;70;67;62;69
BINGO CARABOBO;8628;12;4;1;10;14;22;29;16;24;19;43;33;31;44;53;52;58;47;46;63;61;75;66;64
BINGO CARABOBO;8629;11;8;13;15;7;19;26;22;21;23;44;43;35;34;52;54;49;47;50;67;62;63;69;75
BINGO CARABOBO;8630;10;6;3;12;2;28;27;17;24;30;45;36;31;38;58;51;48;56;57;64;71;73;66;70
BINGO CARABOBO;8631;5;9;1;4;14;16;29;18;20;25;37;42;41;33;55;53;60;46;59;74;68;61;72;65
BINGO CARABOBO;8632;5;14;6;1;2;22;25;30;19;24;40;35;38;36;58;51;55;56;50;65;73;63;68;75
BINGO CARABOBO;8633;10;3;4;13;8;20;23;27;26;17;39;44;33;41;46;47;53;60;57;66;72;64;70;62
BINGO CARABOBO;8634;9;12;15;7;11;18;28;16;21;29;43;42;32;34;48;59;52;54;49;71;74;67;61;69
BINGO CARABOBO;8635;15;12;2;4;6;25;27;18;22;20;34;39;37;38;56;53;54;49;50;62;64;69;68;74
BINGO CARABOBO;8636;9;13;3;5;7;29;26;24;23;28;44;40;43;35;58;59;47;51;57;70;72;73;66;67
BINGO CARABOBO;8637;1;11;10;8;14;17;19;21;30;16;33;41;31;42;52;60;46;48;55;75;61;65;63;71
BINGO CARABOBO;8638;1;13;7;11;5;30;17;25;19;28;36;33;34;38;55;59;51;48;47;75;66;67;70;71
BINGO CARABOBO;8639;10;2;4;12;6;27;26;29;23;18;32;42;35;43;58;50;57;52;56;69;63;62;68;74
BINGO CARABOBO;8640;8;9;3;14;15;22;20;21;16;24;39;41;37;31;49;53;46;54;60;64;61;73;72;65
BINGO CARABOBO;8641;12;7;9;4;2;30;27;22;23;28;42;36;31;43;53;49;52;60;48;69;66;74;62;72
BINGO CARABOBO;8642;5;1;8;6;11;20;21;19;25;16;41;34;45;32;55;51;50;57;56;71;73;64;65;68
BINGO CARABOBO;8643;10;13;3;15;14;18;17;29;24;26;37;35;33;44;46;47;58;54;59;63;70;67;61;75
BINGO CARABOBO;8644;3;11;4;8;6;17;18;25;29;20;40;31;44;39;58;52;54;55;57;61;62;66;64;68
BINGO CARABOBO;8645;15;10;13;2;12;26;16;24;28;21;38;43;35;37;51;47;46;50;49;65;72;67;73;70
BINGO CARABOBO;8646;9;1;5;7;14;27;22;23;30;19;42;45;32;36;53;60;48;56;59;63;74;69;75;71
BINGO CARABOBO;8647;10;13;7;6;5;25;24;21;28;20;32;35;37;41;47;59;48;55;49;74;67;65;62;66
BINGO CARABOBO;8648;8;14;1;3;12;29;22;26;27;23;34;38;33;44;46;53;54;52;51;70;73;72;69;68
BINGO CARABOBO;8649;4;11;2;9;15;17;18;19;30;16;39;40;45;31;58;60;56;50;57;61;71;75;63;64
BINGO CARABOBO;8650;4;13;15;7;12;27;17;19;20;23;42;41;44;39;49;47;57;54;55;72;75;67;65;70
BINGO CARABOBO;8651;11;9;1;14;5;24;22;30;25;28;37;38;35;36;46;53;56;59;58;66;62;71;63;68
BINGO CARABOBO;8652;2;8;6;10;3;18;21;26;16;29;34;43;31;45;50;51;48;60;52;64;73;69;61;74
BINGO CARABOBO;8653;8;9;3;6;12;19;22;17;27;18;45;32;35;39;57;49;50;53;55;71;66;72;67;70
BINGO CARABOBO;8654;15;5;4;10;14;20;16;21;26;28;33;43;38;41;59;51;56;48;60;69;68;74;63;65
BINGO CARABOBO;8655;11;2;7;1;13;25;23;29;24;30;36;40;34;31;47;54;52;46;58;73;64;75;61;62
BINGO CARABOBO;8656;9;10;3;5;12;20;27;26;19;17;31;36;33;34;48;58;57;55;54;67;70;72;65;74
BINGO CARABOBO;8657;13;11;6;4;2;18;21;25;29;23;41;40;37;42;53;47;46;50;52;62;71;63;68;69
BINGO CARABOBO;8658;7;8;14;15;1;22;16;30;24;28;45;39;44;43;56;59;49;60;51;64;75;73;66;61
BINGO CARABOBO;8659;11;6;3;9;2;25;20;27;23;21;38;42;41;34;51;53;56;49;48;72;70;69;67;71
BINGO CARABOBO;8660;10;5;7;8;12;26;29;19;17;28;45;43;32;44;54;50;47;58;60;64;66;68;62;65
BINGO CARABOBO;8661;4;14;13;1;15;22;18;24;30;16;35;31;40;33;52;57;55;46;59;63;74;73;61;75
BINGO CARABOBO;8662;12;1;14;10;6;24;26;23;18;30;32;39;45;34;58;59;47;48;55;71;67;68;65;73
BINGO CARABOBO;8663;7;11;4;3;8;19;29;25;17;27;38;42;33;37;57;46;49;51;52;62;63;74;66;69
BINGO CARABOBO;8664;13;5;9;2;15;16;28;21;20;22;43;41;40;31;54;53;50;56;60;70;61;72;75;64
BINGO CARABOBO;8665;6;5;12;13;3;28;19;27;20;30;39;37;33;35;56;47;54;57;46;68;66;70;61;72
BINGO CARABOBO;8666;8;14;7;11;4;21;23;22;25;29;42;43;32;31;59;58;53;49;55;71;65;67;74;62
BINGO CARABOBO;8667;10;1;9;15;2;17;18;16;24;26;44;41;36;34;60;52;50;48;51;64;73;63;75;69
BINGO CARABOBO;8668;8;12;10;9;6;26;27;18;24;19;34;36;32;37;53;51;48;55;56;62;71;61;72;63
BINGO CARABOBO;8669;14;11;2;13;7;28;16;25;29;23;43;40;41;42;50;57;59;52;49;69;66;65;64;70
BINGO CARABOBO;8670;15;4;1;3;5;30;21;20;17;22;33;39;31;45;60;54;46;58;47;67;73;75;68;74
BINGO CARABOBO;8671;7;4;6;10;2;25;20;22;26;24;34;40;42;36;56;48;50;51;57;69;74;66;73;72
BINGO CARABOBO;8672;3;15;5;14;1;27;16;29;30;21;33;35;32;37;54;59;58;60;47;61;65;71;63;75
BINGO CARABOBO;8673;9;12;11;8;13;23;28;18;17;19;38;41;31;43;52;53;49;46;55;68;64;62;67;70
BINGO CARABOBO;8674;10;1;13;15;9;17;22;21;24;19;33;43;41;42;60;47;52;57;49;68;66;63;64;73
BINGO CARABOBO;8675;5;8;11;7;4;27;29;30;25;18;34;32;44;36;58;46;51;53;54;74;65;62;72;71
BINGO CARABOBO;8676;12;14;2;6;3;20;26;28;16;23;40;38;31;39;55;56;59;50;48;69;70;75;67;61
BINGO CARABOBO;8677;9;7;12;4;3;22;19;16;21;24;38;43;34;35;59;51;52;56;48;73;72;63;71;69
BINGO CARABOBO;8678;8;5;11;6;14;23;20;17;30;27;32;40;44;41;58;50;55;49;46;70;65;74;66;68
BINGO CARABOBO;8679;2;15;13;10;1;28;26;18;29;25;36;42;45;31;54;57;53;60;47;75;67;64;61;62
BINGO CARABOBO;8680;9;5;3;14;6;24;28;21;26;22;37;35;38;41;50;47;52;55;54;70;67;71;74;72
BINGO CARABOBO;8681;2;11;13;4;10;18;27;23;19;17;45;44;36;39;53;56;49;48;57;69;65;66;73;63
BINGO CARABOBO;8682;12;7;1;15;8;29;25;16;30;20;31;40;33;43;46;58;51;59;60;62;64;68;61;75
BINGO CARABOBO;8683;4;14;7;12;11;20;26;18;21;17;39;33;37;40;58;56;47;48;59;62;61;71;74;67
BINGO CARABOBO;8684;1;9;15;8;10;19;25;29;22;27;36;44;32;45;54;50;52;51;60;68;73;63;66;72
BINGO CARABOBO;8685;5;13;2;3;6;24;28;16;23;30;34;42;41;38;55;57;49;53;46;65;75;69;70;64
BINGO CARABOBO;8686;11;14;12;10;6;18;25;19;27;28;33;35;41;34;47;53;50;48;52;64;70;75;63;73
BINGO CARABOBO;8687;15;7;9;13;1;22;23;29;16;20;32;42;40;38;56;49;54;51;55;72;69;67;66;74
BINGO CARABOBO;8688;3;5;8;4;2;26;24;21;17;30;44;36;43;31;58;59;60;57;46;65;68;71;62;61
BINGO CARABOBO;8689;13;11;3;5;9;18;19;20;21;29;43;37;45;41;48;52;56;50;55;62;65;73;61;64
BINGO CARABOBO;8690;2;12;4;8;14;27;28;17;25;23;42;38;39;40;51;49;58;54;57;69;72;71;75;67
BINGO CARABOBO;8691;15;6;7;1;10;26;24;30;22;16;34;36;31;44;53;60;59;46;47;66;70;63;68;74
BINGO CARABOBO;8692;3;2;13;4;7;25;21;18;27;30;37;44;33;39;52;50;57;48;53;70;69;64;71;66
BINGO CARABOBO;8693;8;6;9;1;14;26;22;17;20;28;38;31;32;43;49;47;55;59;51;68;65;74;62;61
BINGO CARABOBO;8694;5;12;11;10;15;19;23;24;29;16;34;41;36;45;56;54;58;46;60;63;72;75;73;67
BINGO CARABOBO;8695;6;9;10;13;8;23;27;25;20;24;40;32;34;39;55;58;49;48;56;64;74;62;65;69
BINGO CARABOBO;8696;11;5;3;12;4;18;19;29;28;17;38;44;42;43;57;52;54;46;50;75;63;68;67;66
BINGO CARABOBO;8697;1;14;15;7;2;26;22;21;30;16;37;45;31;35;60;53;51;47;59;61;72;70;71;73
BINGO CARABOBO;8698;1;12;4;14;11;24;18;25;29;20;37;42;33;34;58;56;55;59;46;63;71;65;74;72
BINGO CARABOBO;8699;5;7;3;6;2;17;19;28;21;22;39;31;35;38;54;53;60;50;57;68;64;61;73;62
BINGO CARABOBO;8700;8;13;10;15;9;23;16;26;27;30;32;40;45;36;51;52;47;48;49;67;75;70;66;69
BINGO CARABOBO;8701;9;14;3;7;12;23;29;17;26;28;40;41;35;44;48;50;51;47;55;62;61;72;68;63
BINGO CARABOBO;8702;2;13;11;5;4;30;19;22;24;16;32;33;37;31;58;56;52;49;53;67;69;74;71;64
BINGO CARABOBO;8703;8;6;10;15;1;20;18;25;27;21;45;36;43;39;57;46;54;59;60;73;75;66;70;65
BINGO CARABOBO;8704;14;13;12;5;9;24;18;19;28;17;39;33;36;41;55;57;56;53;49;65;72;64;68;66
BINGO CARABOBO;8705;2;1;15;6;8;21;23;25;30;20;42;43;34;38;59;50;51;60;46;74;69;75;70;71
BINGO CARABOBO;8706;11;7;4;10;3;16;22;26;29;27;35;31;45;32;48;54;47;52;58;73;67;63;61;62
BINGO CARABOBO;8707;8;11;14;4;3;22;24;18;20;23;40;34;38;35;49;55;48;56;60;68;71;61;62;64
BINGO CARABOBO;8708;12;7;2;5;13;25;30;29;17;28;43;32;44;42;47;58;57;53;46;65;69;73;67;75
BINGO CARABOBO;8709;15;9;6;1;10;16;27;21;19;26;39;41;37;45;59;52;51;50;54;70;63;66;74;72
BINGO CARABOBO;8710;7;2;14;10;9;23;29;21;16;26;43;36;31;35;56;48;54;55;53;63;69;74;71;68
BINGO CARABOBO;8711;11;5;4;6;15;28;24;17;27;22;44;38;37;42;58;59;51;46;47;62;67;70;66;72
BINGO CARABOBO;8712;12;8;13;3;1;25;18;20;19;30;39;34;45;32;50;52;57;60;49;64;61;73;75;65
BINGO CARABOBO;8713;13;3;14;4;1;21;26;29;25;23;40;38;31;39;54;55;48;50;59;65;70;64;68;67
BINGO CARABOBO;8714;8;15;11;7;5;17;24;20;16;27;44;35;33;37;49;51;53;60;56;72;73;74;63;71
BINGO CARABOBO;8715;6;10;12;9;2;28;19;22;18;30;42;45;43;41;57;52;47;58;46;61;75;66;62;69
BINGO CARABOBO;8716;11;7;8;13;14;17;22;29;21;25;38;40;43;33;49;50;54;48;52;68;67;64;62;70
BINGO CARABOBO;8717;6;12;1;2;9;23;27;18;26;19;32;42;31;35;55;58;51;47;53;65;61;69;66;74
BINGO CARABOBO;8718;10;15;4;5;3;24;28;20;30;16;39;44;34;45;46;56;60;57;59;73;72;71;63;75
BINGO CARABOBO;8719;11;5;10;3;12;23;18;21;27;26;35;32;39;43;55;52;48;57;50;66;62;70;75;64
BINGO CARABOBO;8720;1;14;9;8;7;17;20;24;29;22;42;40;34;37;59;58;53;54;51;68;72;63;73;74
BINGO CARABOBO;8721;4;2;13;6;15;16;19;28;30;25;31;44;45;38;47;56;49;46;60;67;61;65;71;69
BINGO CARABOBO;8722;8;14;5;1;3;16;21;26;18;27;44;39;45;31;53;56;48;47;58;73;71;69;61;75
BINGO CARABOBO;8723;12;15;2;6;10;23;19;20;22;24;33;38;37;36;54;46;52;55;50;65;70;64;63;66
BINGO CARABOBO;8724;11;13;4;7;9;28;17;25;29;30;34;35;32;42;59;49;60;57;51;68;72;74;62;67
BINGO CARABOBO;8725;6;12;9;3;14;21;23;20;29;17;36;44;39;42;52;58;49;56;48;61;66;71;70;74
BINGO CARABOBO;8726;8;13;15;2;11;18;24;26;27;25;41;32;43;40;51;50;53;60;54;65;73;67;68;62
BINGO CARABOBO;8727;7;10;5;4;1;16;22;19;30;28;33;35;31;45;46;55;57;47;59;64;72;69;75;63
BINGO CARABOBO;8728;4;5;3;14;10;28;17;18;26;27;45;34;36;42;59;47;60;48;52;74;62;72;66;65
BINGO CARABOBO;8729;12;13;2;9;11;20;16;29;19;30;35;39;38;37;53;56;57;49;54;67;69;70;64;61
BINGO CARABOBO;8730;6;15;8;7;1;23;24;22;21;25;32;33;44;31;50;55;46;58;51;68;73;71;75;63
BINGO CARABOBO;8731;5;4;2;10;3;20;17;24;30;22;34;43;41;33;47;51;56;46;53;74;63;62;68;69
BINGO CARABOBO;8732;12;7;8;6;13;25;28;23;16;27;35;32;40;31;54;50;59;48;49;72;70;75;65;64
BINGO CARABOBO;8733;11;9;14;15;1;26;19;18;21;29;42;44;45;37;60;52;58;55;57;71;66;61;73;67
BINGO CARABOBO;8734;4;8;11;2;12;27;19;22;20;26;38;41;31;40;55;47;48;51;58;63;64;69;62;66
BINGO CARABOBO;8735;7;14;6;13;10;21;28;17;24;23;39;34;43;44;57;56;49;50;52;65;61;73;75;70
BINGO CARABOBO;8736;3;15;5;1;9;18;29;16;25;30;36;35;33;45;60;53;59;54;46;71;74;67;72;68
BINGO CARABOBO;8737;4;1;9;12;6;20;24;28;30;25;43;41;36;37;59;52;46;60;50;70;72;61;65;69
BINGO CARABOBO;8738;8;11;10;14;7;27;19;17;26;23;33;35;44;32;48;54;51;47;55;64;74;66;68;67
BINGO CARABOBO;8739;15;5;2;3;13;21;22;16;18;29;34;42;45;31;57;53;56;49;58;71;63;73;75;62
BINGO CARABOBO;8740;10;13;8;7;12;23;28;26;22;17;31;32;44;38;49;48;55;52;59;72;73;70;63;68
BINGO CARABOBO;8741;1;2;6;9;14;30;29;27;18;25;43;39;36;33;50;54;57;56;60;61;64;62;71;69
BINGO CARABOBO;8742;4;15;5;11;3;21;24;19;20;16;41;40;42;45;53;51;46;58;47;75;65;66;67;74
BINGO CARABOBO;8743;8;1;5;11;2;22;26;29;28;18;38;34;42;32;49;56;59;47;60;71;63;66;75;73
BINGO CARABOBO;8744;4;15;12;7;10;19;20;17;27;16;36;33;40;44;51;50;55;52;57;67;70;64;69;72
BINGO CARABOBO;8745;13;9;6;3;14;30;24;23;25;21;43;35;37;41;53;54;48;46;58;74;65;62;61;68
BINGO CARABOBO;8746;3;5;10;12;14;18;26;27;19;29;44;35;32;37;60;49;54;57;55;64;73;71;67;66
BINGO CARABOBO;8747;9;13;11;2;4;30;20;17;25;16;43;36;38;42;53;58;48;47;56;69;62;65;70;75
BINGO CARABOBO;8748;6;8;7;15;1;22;24;21;23;28;41;31;33;34;59;51;50;46;52;68;63;72;61;74
BINGO CARABOBO;8749;7;14;3;11;10;28;21;23;26;18;40;35;41;37;48;50;55;57;53;67;62;64;65;75
BINGO CARABOBO;8750;5;2;8;9;6;27;20;29;17;24;45;33;42;39;51;49;52;47;54;69;61;68;74;73
BINGO CARABOBO;8751;12;13;4;1;15;22;19;30;16;25;43;32;31;44;60;58;56;46;59;71;63;72;70;66
BINGO CARABOBO;8752;5;15;14;9;6;26;23;28;27;18;40;37;36;42;52;53;47;50;60;72;68;70;74;71
BINGO CARABOBO;8753;12;4;3;8;2;24;17;19;16;21;43;33;44;38;51;54;55;48;57;63;66;62;73;65
BINGO CARABOBO;8754;10;7;11;13;1;22;29;20;25;30;39;41;45;34;59;46;56;49;58;61;75;67;64;69
BINGO CARABOBO;8755;4;6;9;15;3;17;23;20;22;28;33;36;43;45;51;47;56;59;50;62;70;67;63;68
BINGO CARABOBO;8756;1;8;10;14;7;26;25;24;19;21;31;40;41;39;58;57;48;49;53;73;65;74;71;69
BINGO CARABOBO;8757;12;11;5;13;2;27;29;18;16;30;44;37;32;34;55;52;46;60;54;75;66;72;64;61
BINGO CARABOBO;8758;4;2;7;11;14;20;17;25;24;23;35;33;34;42;48;49;52;54;57;68;74;65;69;71
BINGO CARABOBO;8759;1;12;13;6;5;22;26;19;21;27;41;36;43;38;50;56;47;59;51;67;72;61;64;70
BINGO CARABOBO;8760;10;9;8;15;3;30;18;28;29;16;32;44;31;45;55;53;58;46;60;73;75;63;66;62
BINGO CARABOBO;8761;11;5;7;13;2;17;27;16;19;20;36;34;43;39;55;53;51;47;46;66;62;61;70;73
BINGO CARABOBO;8762;14;8;6;4;1;30;23;29;24;22;35;31;41;45;50;57;48;52;54;67;72;64;75;71
BINGO CARABOBO;8763;9;15;10;12;3;21;18;26;25;28;37;42;32;40;58;59;56;49;60;63;68;65;69;74
BINGO CARABOBO;8764;14;12;6;15;3;28;21;29;30;18;41;39;32;40;56;55;47;58;60;69;68;67;73;63
BINGO CARABOBO;8765;11;2;4;7;5;20;26;17;25;23;37;35;42;31;51;49;46;50;54;65;66;61;75;74
BINGO CARABOBO;8766;10;13;9;1;8;19;22;16;27;24;44;33;45;36;48;52;59;57;53;64;71;70;72;62
BINGO CARABOBO;8767;12;5;1;10;11;27;30;22;28;24;42;32;36;40;58;49;60;54;52;66;63;75;68;73
BINGO CARABOBO;8768;3;9;14;4;2;17;21;29;20;23;43;45;34;35;51;50;47;59;57;69;67;64;62;71
BINGO CARABOBO;8769;13;15;6;7;8;19;26;18;25;16;37;39;33;41;48;53;56;46;55;65;61;72;74;70
BINGO CARABOBO;8770;13;9;10;2;5;27;25;18;20;23;33;38;34;40;48;56;51;55;57;71;74;62;67;68
BINGO CARABOBO;8771;11;4;8;3;12;24;22;28;16;29;42;35;41;39;54;52;46;53;49;64;73;66;72;61
BINGO CARABOBO;8772;15;14;6;7;1;19;21;26;30;17;37;44;31;45;59;58;50;47;60;69;65;70;63;75
BINGO CARABOBO;8773;12;5;4;1;8;25;16;20;18;26;37;32;33;40;59;60;53;47;49;71;61;72;68;62
BINGO CARABOBO;8774;7;15;9;13;14;29;30;22;24;23;39;41;45;42;50;52;56;58;55;69;73;67;75;70
BINGO CARABOBO;8775;10;2;11;3;6;19;28;21;17;27;36;34;38;31;51;48;54;57;46;65;74;64;63;66
BINGO CARABOBO;8776;5;10;14;1;12;29;26;27;24;25;44;33;40;37;55;57;60;52;47;65;71;73;70;74
BINGO CARABOBO;8777;4;9;8;3;7;18;22;23;19;20;38;43;36;41;54;48;51;59;50;63;64;67;66;69
BINGO CARABOBO;8778;15;6;11;13;2;21;28;17;30;16;39;32;31;42;49;53;56;46;58;75;72;68;62;61
BINGO CARABOBO;8779;9;14;2;12;7;24;21;25;22;29;36;37;33;38;59;50;46;53;52;67;64;69;62;65
BINGO CARABOBO;8780;8;10;6;5;3;20;16;30;19;17;40;43;41;35;55;56;54;58;57;66;70;63;73;72
BINGO CARABOBO;8781;1;11;13;4;15;26;23;18;27;28;42;31;39;45;51;48;47;49;60;74;71;75;68;61
BINGO CARABOBO;8782;13;2;9;5;12;25;18;22;28;23;42;34;45;32;50;51;56;58;55;72;74;64;62;67
BINGO CARABOBO;8783;11;14;4;10;6;26;20;29;19;24;37;36;33;39;59;47;53;48;49;75;63;71;65;66
BINGO CARABOBO;8784;1;8;7;3;15;30;17;27;16;21;43;40;38;35;52;60;54;57;46;70;69;73;61;68
BINGO CARABOBO;8785;7;2;4;9;1;18;30;21;26;27;32;35;43;38;47;56;57;58;55;69;61;66;63;73
BINGO CARABOBO;8786;8;12;13;5;10;19;25;17;16;23;33;37;36;34;46;51;50;52;60;68;71;62;70;72
BINGO CARABOBO;8787;14;11;3;6;15;22;24;29;20;28;41;45;31;44;49;48;54;59;53;67;65;64;74;75
BINGO CARABOBO;8788;2;9;11;10;3;23;19;22;25;26;45;32;42;38;55;59;54;56;57;73;70;69;62;63
BINGO CARABOBO;8789;7;1;14;13;6;28;17;18;20;21;33;34;39;43;48;58;49;50;60;68;74;64;72;65
BINGO CARABOBO;8790;12;5;4;8;15;29;24;16;27;30;36;37;31;35;51;52;47;46;53;67;61;71;75;66
BINGO CARABOBO;8791;1;13;4;7;11;30;23;20;25;18;37;39;43;38;59;52;49;53;58;72;62;69;65;64
BINGO CARABOBO;8792;8;5;9;6;12;21;22;24;19;16;42;40;34;44;54;51;47;57;50;73;63;61;74;67
BINGO CARABOBO;8793;2;10;14;3;15;29;28;27;26;17;41;32;33;31;56;48;55;60;46;68;70;71;75;66
BINGO CARABOBO;8794;2;8;9;5;10;16;30;17;26;21;42;40;36;41;55;47;57;50;60;69;68;72;71;61
BINGO CARABOBO;8795;6;14;7;12;1;23;28;22;20;25;33;37;43;35;46;53;56;58;54;66;63;70;75;73
BINGO CARABOBO;8796;4;3;15;11;13;27;19;24;29;18;38;32;44;31;48;49;52;51;59;65;64;67;62;74
BINGO CARABOBO;8797;5;6;13;15;10;17;24;18;22;19;45;43;39;42;53;60;55;57;58;72;66;68;69;71
BINGO CARABOBO;8798;9;11;2;4;8;29;25;27;20;26;37;44;31;34;56;52;46;49;50;65;61;75;63;64
BINGO CARABOBO;8799;3;7;12;14;1;28;30;23;16;21;38;32;33;41;51;59;48;47;54;67;74;73;62;70
BINGO CARABOBO;8800;14;13;3;1;2;29;17;26;25;24;39;37;32;45;51;58;52;60;49;68;66;69;61;71
BINGO CARABOBO;8801;12;8;4;10;9;23;19;20;22;18;36;33;35;34;57;46;48;53;47;65;64;67;70;63
BINGO CARABOBO;8802;6;11;5;15;7;21;28;27;30;16;40;43;44;38;56;55;54;59;50;74;72;75;73;62
BINGO CARABOBO;8803;4;10;9;7;11;20;16;17;25;30;32;37;40;42;50;51;60;47;57;68;66;64;74;73
BINGO CARABOBO;8804;14;3;2;15;8;28;27;22;21;26;44;41;36;45;54;56;49;53;58;65;69;70;72;61
BINGO CARABOBO;8805;5;12;13;1;6;19;24;29;23;18;35;43;33;31;46;48;52;59;55;67;71;63;62;75
BINGO CARABOBO;8806;5;4;12;8;7;20;18;17;22;23;32;35;41;39;55;54;51;59;48;70;63;64;67;69
BINGO CARABOBO;8807;2;6;13;3;10;26;16;28;29;24;40;38;45;34;57;52;47;50;58;73;65;71;62;74
BINGO CARABOBO;8808;9;14;15;1;11;25;30;19;27;21;36;31;37;44;49;56;60;53;46;66;72;61;68;75
BINGO CARABOBO;8809;7;2;8;4;6;22;18;28;29;19;43;36;41;35;53;57;59;54;52;69;66;65;62;70
BINGO CARABOBO;8810;3;5;10;13;9;21;17;30;26;25;38;34;33;32;49;48;58;60;50;68;61;73;74;75
BINGO CARABOBO;8811;12;11;14;15;1;24;27;20;23;16;31;42;45;39;56;47;55;46;51;72;67;63;64;71
BINGO CARABOBO;8812;10;12;3;13;8;21;17;29;18;28;34;45;33;35;56;49;59;46;53;72;73;62;68;64
BINGO CARABOBO;8813;14;6;7;2;5;22;19;23;24;25;39;41;38;31;60;57;55;48;47;67;70;66;61;69
BINGO CARABOBO;8814;4;9;11;1;15;16;26;20;30;27;43;44;42;32;52;58;51;54;50;74;65;71;75;63
BINGO CARABOBO;8815;12;13;11;10;7;30;28;26;22;17;36;43;35;44;52;55;51;50;54;65;66;69;68;62
BINGO CARABOBO;8816;4;3;5;14;2;18;23;20;21;25;33;45;39;32;59;47;56;53;57;64;71;70;72;73
BINGO CARABOBO;8817;6;9;8;15;1;27;16;24;19;29;38;37;41;31;48;60;49;46;58;74;75;63;67;61
BINGO CARABOBO;8818;15;2;3;5;10;27;17;24;23;16;42;33;35;40;54;47;48;57;55;69;73;65;66;70
BINGO CARABOBO;8819;13;11;4;9;12;20;22;28;18;26;44;45;31;36;59;49;58;52;51;67;68;63;72;62
BINGO CARABOBO;8820;6;8;14;1;7;19;29;25;30;21;38;32;37;41;50;53;56;46;60;74;61;71;64;75
BINGO CARABOBO;8821;10;3;7;9;4;29;21;18;17;28;40;41;44;38;47;49;55;53;54;73;71;70;63;75
BINGO CARABOBO;8822;5;2;6;13;14;20;22;26;19;24;32;35;33;36;48;57;56;60;46;68;74;62;66;67
BINGO CARABOBO;8823;12;8;11;1;15;25;23;30;16;27;42;39;34;43;50;58;51;59;52;64;72;65;69;61
BINGO CARABOBO;8824;7;4;10;5;8;18;22;23;27;17;43;37;39;38;47;54;48;59;55;72;65;74;73;66
BINGO CARABOBO;8825;13;11;3;2;9;19;21;20;16;28;41;34;31;36;50;51;56;49;52;61;67;63;64;69
BINGO CARABOBO;8826;6;14;1;15;12;29;25;26;30;24;45;42;33;35;57;58;46;53;60;71;62;75;68;70
BINGO CARABOBO;8827;10;4;12;8;6;16;22;24;26;21;42;32;44;39;46;56;60;52;48;70;68;73;66;74
BINGO CARABOBO;8828;11;9;15;3;1;17;18;19;20;25;34;36;45;38;55;58;49;54;51;67;71;72;61;63
BINGO CARABOBO;8829;5;13;7;2;14;29;30;28;27;23;40;33;37;31;59;50;53;57;47;65;69;75;64;62
BINGO CARABOBO;8830;5;4;12;13;7;17;20;24;16;21;37;35;38;40;59;50;49;60;57;63;68;69;72;64
BINGO CARABOBO;8831;8;14;2;1;10;26;23;27;25;30;34;33;39;43;55;47;46;54;52;73;65;70;66;71
BINGO CARABOBO;8832;9;6;11;15;3;22;29;28;19;18;44;45;42;31;53;56;51;58;48;75;61;74;62;67
BINGO CARABOBO;8833;14;13;1;12;10;19;17;16;28;20;40;44;43;37;48;50;53;55;58;63;74;68;73;72
BINGO CARABOBO;8834;11;6;15;4;7;29;26;30;21;25;39;32;35;34;47;49;46;52;54;71;75;65;64;66
BINGO CARABOBO;8835;8;5;3;2;9;24;23;22;27;18;42;41;45;33;59;60;56;57;51;70;61;62;67;69
BINGO CARABOBO;8836;12;9;2;6;4;20;17;25;29;28;41;33;45;42;54;51;57;58;59;74;72;63;62;66
BINGO CARABOBO;8837;14;5;7;11;3;22;26;18;27;19;40;44;35;37;55;49;47;48;50;64;70;75;69;67
BINGO CARABOBO;8838;8;13;10;1;15;24;16;23;21;30;36;38;43;34;52;60;56;46;53;61;65;68;73;71
BINGO CARABOBO;8839;1;4;13;2;9;23;27;24;29;22;34;37;43;44;50;53;55;54;47;63;69;66;62;68
BINGO CARABOBO;8840;6;12;14;3;10;16;26;28;30;25;38;39;31;32;48;52;49;51;56;71;65;70;64;67
BINGO CARABOBO;8841;7;11;5;15;8;18;20;21;17;19;41;40;45;33;59;57;60;46;58;73;74;61;75;72
BINGO CARABOBO;8842;4;11;15;3;14;28;27;23;24;26;44;33;35;43;54;48;47;60;57;64;70;74;68;72
BINGO CARABOBO;8843;2;1;7;8;10;18;29;20;19;16;40;42;45;36;49;58;55;59;50;67;69;73;65;66
BINGO CARABOBO;8844;6;12;9;5;13;21;22;25;17;30;39;38;41;31;53;52;51;46;56;63;71;62;61;75
BINGO CARABOBO;8845;12;14;11;1;3;17;30;26;23;25;35;36;43;32;48;58;54;47;59;67;66;73;63;71
BINGO CARABOBO;8846;8;15;13;4;5;27;24;22;20;19;45;40;38;42;57;51;55;46;56;69;61;65;70;74
BINGO CARABOBO;8847;6;9;2;7;10;18;28;29;21;16;44;31;41;33;53;50;60;49;52;64;75;62;72;68
BINGO CARABOBO;8848;4;6;13;5;7;23;27;25;16;18;43;31;39;42;59;52;54;51;57;70;72;64;62;69
BINGO CARABOBO;8849;3;15;10;11;12;28;24;19;21;20;33;34;41;44;50;58;55;60;46;71;67;68;75;61
BINGO CARABOBO;8850;9;8;2;14;1;30;26;29;17;22;36;40;32;37;56;47;49;53;48;74;65;66;63;73
BINGO CARABOBO;8851;4;14;15;2;7;18;17;24;21;19;40;34;31;35;50;55;58;49;51;63;61;62;74;64
BINGO CARABOBO;8852;3;5;9;6;8;23;26;29;28;25;45;43;39;38;56;47;57;46;53;72;70;68;65;71
BINGO CARABOBO;8853;1;12;13;11;10;22;16;27;30;20;33;44;36;37;60;59;52;54;48;67;73;69;75;66
BINGO CARABOBO;8854;3;11;5;14;12;28;20;23;26;21;39;32;34;37;57;48;46;56;52;68;70;69;66;74
BINGO CARABOBO;8855;8;10;7;4;13;27;17;19;25;22;38;36;42;45;54;53;51;55;49;63;72;65;62;61
BINGO CARABOBO;8856;15;6;2;9;1;24;18;29;30;16;31;44;41;35;47;58;60;50;59;71;64;67;75;73
BINGO CARABOBO;8857;2;6;1;13;15;28;19;18;24;30;43;32;41;33;58;52;50;51;56;74;61;73;72;68
BINGO CARABOBO;8858;8;7;12;9;11;22;20;17;26;29;36;38;44;37;57;55;53;46;54;70;64;65;71;63
BINGO CARABOBO;8859;10;14;4;5;3;21;25;23;16;27;31;39;45;42;48;47;59;60;49;66;75;67;69;62
BINGO CARABOBO;8860;10;3;6;9;7;28;24;26;19;20;35;37;34;38;54;48;59;51;50;67;72;65;73;74
BINGO CARABOBO;8861;13;5;14;11;15;29;17;25;27;18;44;39;42;40;47;53;56;46;49;62;71;69;68;75
BINGO CARABOBO;8862;1;12;2;4;8;21;23;22;16;30;41;33;31;45;58;60;55;57;52;70;64;63;61;66
BINGO CARABOBO;8863;4;7;12;11;2;22;30;28;17;18;41;33;35;45;48;55;47;54;58;64;70;62;65;73
BINGO CARABOBO;8864;3;9;15;10;5;19;24;21;25;16;43;36;37;34;52;53;49;51;59;61;66;68;72;74
BINGO CARABOBO;8865;8;1;6;13;14;26;23;27;29;20;38;42;31;44;56;50;57;60;46;63;69;67;75;71
BINGO CARABOBO;8866;6;12;13;10;7;28;18;19;20;16;35;41;44;40;59;57;48;51;56;70;68;65;66;75
BINGO CARABOBO;8867;5;9;8;4;11;26;17;29;24;22;34;39;31;43;49;54;52;50;47;64;67;71;61;72
BINGO CARABOBO;8868;2;3;14;15;1;23;25;30;27;21;32;42;36;37;55;60;53;46;58;73;69;63;74;62
BINGO CARABOBO;8869;8;10;3;6;11;20;28;29;17;18;34;39;37;41;52;59;58;47;50;67;66;69;74;75
BINGO CARABOBO;8870;14;15;13;9;2;25;24;19;21;26;38;40;42;35;48;56;55;51;53;62;65;72;71;64
BINGO CARABOBO;8871;5;4;1;12;7;27;16;23;22;30;43;36;44;31;57;46;60;54;49;63;68;61;73;70
BINGO CARABOBO;8872;10;9;14;11;2;29;22;23;17;25;39;33;42;41;55;52;46;59;58;61;73;62;70;65
BINGO CARABOBO;8873;13;8;15;6;3;28;18;27;16;26;32;34;44;38;57;56;53;50;54;74;71;68;72;75
BINGO CARABOBO;8874;4;1;12;7;5;20;21;24;19;30;35;40;43;45;49;60;48;51;47;67;63;64;69;66
BINGO CARABOBO;8875;9;1;8;15;4;26;30;21;28;18;43;33;32;31;58;56;47;49;50;67;69;75;64;63
BINGO CARABOBO;8876;7;2;10;6;11;17;22;20;25;16;42;37;38;40;51;57;46;48;59;73;68;72;71;65
BINGO CARABOBO;8877;14;12;5;3;13;27;29;19;24;23;36;34;35;44;54;53;55;52;60;74;70;62;66;61
BINGO CARABOBO;8878;12;14;11;3;5;22;29;27;23;24;38;40;35;39;56;47;54;57;48;73;64;69;62;72
BINGO CARABOBO;8879;10;2;8;7;6;18;25;26;28;20;42;31;34;32;49;58;46;53;52;75;71;63;70;74
BINGO CARABOBO;8880;4;13;15;1;9;30;16;17;19;21;41;37;36;45;60;50;55;59;51;67;68;66;65;61
BINGO CARABOBO;8881;6;10;7;8;12;19;20;18;22;29;43;39;33;44;51;55;48;57;50;67;69;66;71;74
BINGO CARABOBO;8882;1;15;11;9;4;17;24;27;21;23;35;42;45;32;58;56;46;59;54;75;62;63;65;70
BINGO CARABOBO;8883;5;13;14;3;2;26;25;28;16;30;38;36;31;41;52;60;53;47;49;64;73;61;72;68
BINGO CARABOBO;8884;8;10;5;15;13;29;28;25;19;22;41;37;42;43;56;55;47;52;59;72;62;64;69;74
BINGO CARABOBO;8885;7;6;11;4;3;17;26;24;21;27;32;36;38;34;46;57;48;50;54;70;67;63;68;66
BINGO CARABOBO;8886;9;2;14;12;1;23;20;30;16;18;35;44;39;45;60;49;51;53;58;71;65;61;73;75
BINGO CARABOBO;8887;9;12;11;2;3;17;22;20;26;29;34;37;39;43;50;53;55;52;46;62;69;66;68;63
BINGO CARABOBO;8888;4;15;7;10;13;24;21;28;19;23;42;32;31;35;48;57;47;51;56;65;67;72;74;73
BINGO CARABOBO;8889;6;1;5;8;14;16;27;30;25;18;33;40;36;44;54;60;49;58;59;71;64;70;61;75
BINGO CARABOBO;8890;9;5;12;4;7;26;20;27;17;28;40;44;36;39;50;49;48;47;52;65;73;67;66;63
BINGO CARABOBO;8891;15;13;8;11;2;21;23;22;25;19;42;33;41;38;51;54;56;58;53;75;68;62;74;64
BINGO CARABOBO;8892;14;3;6;10;1;29;18;24;30;16;35;37;45;31;55;57;46;60;59;61;71;72;70;69
BINGO CARABOBO;8893;2;5;8;15;9;27;18;20;17;23;45;31;44;39;49;51;52;48;56;63;64;73;69;62
BINGO CARABOBO;8894;3;11;13;4;12;26;22;29;28;30;37;38;40;35;50;58;57;54;53;75;66;68;61;70
BINGO CARABOBO;8895;7;6;14;10;1;21;16;25;19;24;33;41;32;42;59;55;47;46;60;72;74;67;65;71
BINGO CARABOBO;8896;14;5;4;12;6;28;21;25;17;22;32;41;42;34;56;60;49;52;57;69;62;73;61;74
BINGO CARABOBO;8897;11;10;9;15;8;27;24;20;30;18;35;45;36;38;46;55;50;54;48;75;71;65;68;64
BINGO CARABOBO;8898;13;2;3;7;1;16;19;23;29;26;37;31;44;33;51;58;53;59;47;63;72;67;70;66
BINGO CARABOBO;8899;2;12;15;3;1;22;23;29;19;21;36;34;41;33;49;55;51;58;48;64;71;75;63;67
BINGO CARABOBO;8900;9;8;7;13;4;30;17;18;25;20;37;40;32;31;56;47;52;50;53;66;65;72;70;62
BINGO CARABOBO;8901;6;11;10;5;14;24;16;27;28;26;43;44;42;45;60;54;59;46;57;68;73;61;69;74
BINGO CARABOBO;8902;7;14;12;13;10;27;19;28;17;16;33;40;32;38;58;55;59;46;57;68;70;74;62;72
BINGO CARABOBO;8903;11;6;8;9;2;25;22;29;26;23;44;42;36;39;48;52;49;53;54;63;61;64;75;65
BINGO CARABOBO;8904;5;4;1;15;3;30;18;21;24;20;34;37;41;45;56;47;60;50;51;71;69;66;73;67
BINGO CARABOBO;8905;11;14;1;3;4;19;28;27;26;22;43;40;31;39;54;52;60;49;55;65;67;75;68;66
BINGO CARABOBO;8906;9;5;12;7;6;16;23;25;30;21;33;38;37;44;46;56;51;50;58;71;72;70;69;62
BINGO CARABOBO;8907;13;2;15;10;8;20;18;24;29;17;42;34;36;45;59;53;48;57;47;63;61;74;64;73
BINGO CARABOBO;8908;2;10;11;15;3;19;21;28;22;24;37;43;41;35;52;51;54;47;49;70;66;61;65;71
BINGO CARABOBO;8909;7;12;4;14;6;20;27;18;29;17;34;44;36;38;53;59;48;50;55;64;67;69;68;62
BINGO CARABOBO;8910;9;8;5;13;1;25;23;26;30;16;40;45;31;33;56;57;46;60;58;63;74;73;72;75
BINGO CARABOBO;8911;5;15;6;14;9;21;20;24;28;17;38;34;41;40;57;53;46;55;59;65;64;72;74;63
BINGO CARABOBO;8912;13;7;12;10;8;19;29;18;25;23;39;36;35;37;58;51;49;54;50;68;71;67;73;62
BINGO CARABOBO;8913;2;4;1;11;3;30;16;26;27;22;44;42;45;31;48;56;60;52;47;66;69;70;61;75
BINGO CARABOBO;8914;7;13;8;11;12;30;23;25;16;19;34;43;36;37;50;53;48;47;49;63;62;74;66;65
BINGO CARABOBO;8915;9;14;3;2;6;26;20;18;21;22;42;35;39;32;58;54;55;57;60;71;72;67;68;64
BINGO CARABOBO;8916;10;1;5;4;15;24;29;28;17;27;31;41;45;40;52;59;51;56;46;70;73;75;61;69
BINGO CARABOBO;8917;5;8;4;13;9;25;23;24;18;21;38;44;37;35;54;50;47;55;48;63;64;70;66;69
BINGO CARABOBO;8918;14;3;6;2;15;17;22;26;27;19;41;31;45;42;51;49;56;53;46;74;72;67;68;62
BINGO CARABOBO;8919;10;11;7;12;1;29;16;30;28;20;40;32;43;39;58;60;57;59;52;71;73;75;65;61
BINGO CARABOBO;8920;6;5;4;8;13;26;24;19;29;28;32;36;34;43;48;50;47;52;56;63;65;62;71;73
BINGO CARABOBO;8921;14;3;12;1;15;20;16;18;22;21;38;41;44;33;49;53;54;55;59;72;70;69;67;68
BINGO CARABOBO;8922;7;9;10;11;2;30;23;25;27;17;31;39;37;40;58;46;51;60;57;66;74;64;61;75
BINGO CARABOBO;8923;8;9;10;1;11;23;19;29;22;25;37;32;34;41;50;55;48;51;59;65;72;70;75;62
BINGO CARABOBO;8924;14;13;5;3;12;27;20;26;21;30;43;40;36;38;46;57;52;53;49;61;73;66;71;67
BINGO CARABOBO;8925;6;4;7;15;2;17;18;24;16;28;44;42;33;35;60;47;56;58;54;63;64;74;68;69
BINGO CARABOBO;8926;1;14;3;11;13;26;27;25;23;24;33;36;37;44;56;52;50;51;60;69;70;75;66;68
BINGO CARABOBO;8927;9;6;12;5;4;22;30;19;28;16;34;39;31;45;48;58;49;53;47;72;71;62;64;61
BINGO CARABOBO;8928;8;2;10;7;15;29;17;20;21;18;41;35;32;43;46;57;59;55;54;73;65;74;67;63
BINGO CARABOBO;8929;2;3;13;14;6;21;29;18;27;24;44;32;35;38;49;54;51;50;59;61;64;63;71;62
BINGO CARABOBO;8930;12;1;5;9;8;26;17;16;25;22;42;43;40;41;60;48;57;58;46;72;66;69;75;68
BINGO CARABOBO;8931;11;7;10;4;15;30;20;23;28;19;37;45;34;33;56;53;55;52;47;70;67;65;74;73
BINGO CARABOBO;8932;12;15;2;10;13;29;30;18;27;22;41;37;32;40;51;50;47;57;52;64;69;63;71;66
BINGO CARABOBO;8933;4;7;8;9;11;20;21;19;25;23;33;42;35;31;54;59;53;58;49;68;70;67;73;62
BINGO CARABOBO;8934;5;3;1;6;14;24;26;28;16;17;43;38;45;44;46;55;56;48;60;65;74;72;75;61
BINGO CARABOBO;8935;9;2;6;15;3;28;21;29;24;23;43;40;33;37;51;58;54;53;50;62;64;67;65;63
BINGO CARABOBO;8936;10;12;8;13;11;25;26;20;16;22;38;34;36;41;57;55;47;52;60;72;75;68;71;61
BINGO CARABOBO;8937;7;1;4;14;5;18;17;30;27;19;32;35;42;39;46;49;56;48;59;66;74;70;73;69
BINGO CARABOBO;8938;9;11;6;14;2;27;22;18;25;17;36;31;43;44;53;56;60;49;51;71;65;63;64;62
BINGO CARABOBO;8939;10;13;12;3;4;20;23;26;16;24;37;42;45;35;47;52;59;57;50;67;72;73;74;69
BINGO CARABOBO;8940;7;5;15;1;8;21;30;28;29;19;38;41;40;34;55;48;54;58;46;75;70;61;66;68
BINGO CARABOBO;8941;2;12;15;8;3;19;29;17;24;18;34;44;35;42;51;53;48;52;47;73;63;74;64;75
BINGO CARABOBO;8942;11;1;7;13;4;21;27;22;25;16;31;38;41;43;57;50;54;49;55;67;72;66;68;61
BINGO CARABOBO;8943;14;10;6;9;5;26;28;30;20;23;45;37;33;39;56;58;59;60;46;62;69;70;65;71
BINGO CARABOBO;8944;8;3;13;10;7;26;27;28;24;17;35;33;34;42;48;59;53;46;56;66;63;64;69;71
BINGO CARABOBO;8945;2;6;12;4;11;16;19;30;25;18;43;36;32;39;47;50;52;51;57;65;67;75;68;74
BINGO CARABOBO;8946;14;5;9;15;1;22;23;29;21;20;40;37;45;31;54;58;55;49;60;62;72;73;61;70
BINGO CARABOBO;8947;10;6;14;9;8;26;18;17;21;24;40;39;35;36;58;56;51;52;46;62;70;64;68;65
BINGO CARABOBO;8948;5;15;12;3;11;25;19;23;28;20;38;32;37;43;54;55;53;59;48;75;69;74;63;61
BINGO CARABOBO;8949;2;4;1;7;13;27;16;30;22;29;42;33;45;44;50;49;60;47;57;71;67;73;66;72
BINGO CARABOBO;8950;11;8;7;13;2;24;21;29;17;18;44;41;38;39;53;52;60;48;51;70;61;72;74;64
BINGO CARABOBO;8951;12;9;10;3;1;22;23;27;28;16;33;43;35;40;47;55;49;56;58;63;66;69;75;62
BINGO CARABOBO;8952;6;5;15;4;14;26;25;20;30;19;45;31;37;36;50;59;54;57;46;71;73;67;65;68
BINGO CARABOBO;8953;2;10;12;3;5;23;22;24;19;20;35;38;33;43;47;46;58;50;51;69;75;68;63;71
BINGO CARABOBO;8954;1;11;8;9;13;17;27;18;30;28;42;37;41;40;57;54;56;55;53;65;66;73;72;67
BINGO CARABOBO;8955;14;6;7;15;4;25;21;26;16;29;45;36;31;44;59;49;60;48;52;62;74;70;64;61
BINGO CARABOBO;8956;10;7;9;11;3;26;18;19;30;20;39;38;32;44;53;57;48;51;55;70;71;73;74;67
BINGO CARABOBO;8957;14;4;2;6;1;22;16;17;25;23;42;37;43;34;58;54;47;52;56;65;68;62;63;61
BINGO CARABOBO;8958;8;13;12;5;15;28;21;27;29;24;36;33;31;41;60;49;46;59;50;69;66;72;64;75
BINGO CARABOBO;8959;4;2;12;6;7;26;24;18;28;20;37;38;41;33;55;57;49;59;46;62;73;70;64;67
BINGO CARABOBO;8960;14;8;10;11;15;17;19;25;21;23;39;44;40;45;47;60;48;53;56;69;65;74;63;68
BINGO CARABOBO;8961;3;5;1;13;9;30;22;16;29;27;42;32;31;43;58;52;51;54;50;61;66;72;71;75
BINGO CARABOBO;8962;4;7;6;14;15;28;23;29;22;30;45;44;40;32;56;49;48;53;51;62;65;69;63;64
BINGO CARABOBO;8963;8;13;3;12;5;17;27;19;21;25;36;34;39;37;55;52;59;50;60;67;68;73;71;74
BINGO CARABOBO;8964;10;2;9;11;1;26;24;16;20;18;41;35;43;31;58;54;46;47;57;66;72;70;75;61
BINGO CARABOBO;8965;3;14;11;9;4;17;20;29;24;18;44;41;42;35;56;52;59;58;54;65;70;68;71;62
BINGO CARABOBO;8966;2;8;5;7;6;25;21;23;22;27;43;36;45;37;60;47;55;53;48;73;72;69;67;66
BINGO CARABOBO;8967;10;12;13;15;1;19;30;28;26;16;33;31;32;38;57;49;46;50;51;61;64;75;63;74
BINGO CARABOBO;8968;3;7;11;2;4;20;25;24;26;23;44;33;41;37;52;58;57;49;59;63;70;67;69;73
BINGO CARABOBO;8969;6;10;8;13;15;19;18;17;29;16;34;39;36;40;48;60;54;47;55;62;64;71;66;68
BINGO CARABOBO;8970;5;12;14;9;1;30;22;27;28;21;42;45;43;38;56;51;46;50;53;74;75;65;72;61
BINGO CARABOBO;8971;1;6;8;4;13;24;26;27;21;30;36;39;32;37;47;52;48;55;49;71;65;66;74;61
BINGO CARABOBO;8972;11;10;9;12;5;20;18;29;23;19;40;42;44;38;53;56;57;59;50;68;72;69;62;75
BINGO CARABOBO;8973;7;14;3;15;2;25;17;22;28;16;45;34;33;43;51;54;58;60;46;73;70;63;67;64
BINGO CARABOBO;8974;15;4;11;13;3;29;26;28;18;25;40;32;42;39;48;49;51;57;53;70;71;66;64;67
BINGO CARABOBO;8975;14;1;8;2;9;22;19;20;24;27;38;37;44;45;56;60;54;55;46;72;62;74;65;68
BINGO CARABOBO;8976;6;5;12;10;7;16;23;17;30;21;31;41;36;34;50;59;52;58;47;69;73;61;75;63
BINGO CARABOBO;8977;12;10;3;8;5;30;24;29;23;25;34;38;43;41;50;58;60;46;59;70;62;67;65;63
BINGO CARABOBO;8978;2;7;13;9;6;18;17;19;16;22;40;44;42;35;49;57;54;55;51;73;74;64;71;72
BINGO CARABOBO;8979;4;15;11;14;1;21;26;28;20;27;37;36;45;33;53;48;52;56;47;61;68;69;75;66
BINGO CARABOBO;8980;5;13;7;8;15;18;24;20;17;16;36;44;34;45;49;54;55;58;56;68;63;70;62;64
BINGO CARABOBO;8981;10;12;6;9;11;22;26;28;29;25;41;43;40;38;47;51;50;60;48;71;73;75;67;69
BINGO CARABOBO;8982;3;4;2;14;1;27;21;19;30;23;33;35;32;39;52;57;46;53;59;65;72;74;66;61
BINGO CARABOBO;8983;8;6;12;2;9;28;26;19;20;29;39;42;41;43;60;56;53;57;46;65;70;73;68;67
BINGO CARABOBO;8984;3;7;10;11;14;18;24;25;22;16;32;31;45;37;58;55;51;50;48;64;72;71;61;74
BINGO CARABOBO;8985;1;5;13;15;4;30;17;23;27;21;44;38;33;40;49;52;54;47;59;75;63;62;66;69
BINGO CARABOBO;8986;11;2;3;6;8;24;23;26;17;29;41;37;32;39;57;47;56;60;54;67;66;69;71;74
BINGO CARABOBO;8987;4;12;14;9;10;18;25;19;28;21;35;36;44;38;55;51;49;48;46;72;70;75;62;73
BINGO CARABOBO;8988;5;7;1;15;13;22;27;20;30;16;33;31;40;43;52;53;59;58;50;64;68;65;61;63
BINGO CARABOBO;8989;10;6;12;14;13;26;27;19;23;24;38;33;32;34;55;47;52;59;56;74;69;75;61;64
BINGO CARABOBO;8990;9;11;8;5;7;18;29;30;20;25;43;39;37;40;54;48;51;57;46;73;65;67;68;66
BINGO CARABOBO;8991;2;4;3;15;1;28;22;16;17;21;31;42;35;45;58;53;50;49;60;70;72;62;63;71
BINGO CARABOBO;8992;4;3;8;9;10;23;22;17;21;18;44;36;40;35;51;58;56;53;52;71;62;64;69;75
BINGO CARABOBO;8993;6;11;14;12;5;19;27;25;28;20;41;37;42;32;47;49;55;57;48;74;65;61;72;68
BINGO CARABOBO;8994;15;1;7;13;2;26;16;29;30;24;38;43;33;45;59;54;60;50;46;66;70;63;67;73
BINGO CARABOBO;8995;8;13;10;6;5;23;28;19;22;18;32;31;39;42;50;51;48;52;46;73;67;65;64;62
BINGO CARABOBO;8996;11;4;9;3;7;21;20;26;25;30;36;44;41;35;47;54;58;53;60;69;66;61;75;68
BINGO CARABOBO;8997;14;1;15;2;12;24;17;27;29;16;40;45;34;33;59;49;55;57;56;72;74;70;63;71
BINGO CARABOBO;8998;4;10;14;8;2;22;24;23;26;27;38;37;42;44;46;48;59;52;55;73;69;64;72;63
BINGO CARABOBO;8999;13;12;3;11;9;16;20;18;21;28;45;39;35;32;53;58;54;51;60;74;66;61;67;62
BINGO CARABOBO;9000;7;15;6;1;5;19;30;17;29;25;36;34;31;43;50;56;57;49;47;68;71;65;75;70
BINGO CARABOBO;9001;4;3;10;15;13;22;23;16;21;25;36;40;44;33;46;50;49;60;52;62;69;75;72;64
BINGO CARABOBO;9002;11;8;12;2;7;29;26;18;20;24;34;31;43;41;57;55;48;53;54;68;74;67;71;70
BINGO CARABOBO;9003;9;6;14;5;1;17;19;28;30;27;35;45;32;37;58;51;59;47;56;66;63;65;73;61
BINGO CARABOBO;9004;1;5;13;11;6;27;22;24;21;28;35;31;36;39;56;50;57;47;53;69;74;73;67;66
BINGO CARABOBO;9005;2;10;14;4;7;18;19;25;20;23;42;44;40;33;51;49;46;54;55;70;62;71;64;68
BINGO CARABOBO;9006;3;15;12;9;8;26;30;17;16;29;34;41;45;32;58;48;59;52;60;63;65;72;75;61
BINGO CARABOBO;9007;2;1;11;10;13;18;25;20;29;27;38;45;37;32;50;57;58;55;59;69;63;61;73;67
BINGO CARABOBO;9008;7;5;8;4;14;23;17;30;26;16;39;35;43;41;46;53;47;48;51;70;68;71;65;75
BINGO CARABOBO;9009;9;12;6;15;3;21;28;24;22;19;36;34;42;31;49;52;56;60;54;72;74;64;66;62
BINGO CARABOBO;9010;2;6;7;4;8;17;21;18;25;16;44;45;35;40;55;49;50;58;48;74;67;66;65;71
BINGO CARABOBO;9011;11;10;3;13;14;24;23;29;26;19;33;31;34;39;52;53;47;59;51;70;72;68;63;69
BINGO CARABOBO;9012;12;5;9;15;1;28;30;22;27;20;41;36;37;38;54;46;56;60;57;64;61;73;75;62
BINGO CARABOBO;9013;7;8;12;10;6;22;29;21;19;18;40;41;45;43;51;53;58;46;48;70;74;71;62;73
BINGO CARABOBO;9014;13;3;2;11;14;25;17;26;23;27;35;34;33;42;54;59;57;49;50;68;75;65;61;63
BINGO CARABOBO;9015;15;4;1;9;5;28;24;30;16;20;44;38;32;39;52;47;56;55;60;69;67;64;66;72
BINGO CARABOBO;9016;13;4;12;8;14;19;22;26;27;20;32;41;40;43;54;47;53;48;58;75;67;73;62;69
BINGO CARABOBO;9017;2;1;3;11;6;21;24;30;23;16;44;37;36;33;59;56;49;57;52;64;68;65;66;72
BINGO CARABOBO;9018;5;10;7;9;15;25;28;29;17;18;38;34;45;31;60;46;51;50;55;63;70;61;71;74
BINGO CARABOBO;9019;12;4;13;15;10;18;24;28;26;23;42;32;37;34;54;60;49;58;55;75;72;63;62;68
BINGO CARABOBO;9020;2;3;5;8;9;29;16;17;19;20;41;43;33;44;48;53;50;57;51;73;64;74;70;61
BINGO CARABOBO;9021;11;14;7;6;1;27;25;30;22;21;45;35;38;31;56;47;52;46;59;69;71;66;65;67
BINGO CARABOBO;9022;14;12;6;5;15;25;27;21;23;24;32;40;44;42;49;53;60;52;51;70;71;72;74;62
BINGO CARABOBO;9023;4;2;7;3;11;29;22;26;19;30;37;39;34;38;48;56;50;57;54;75;66;65;63;64
BINGO CARABOBO;9024;10;13;9;8;1;17;16;28;18;20;43;35;31;45;55;59;58;46;47;69;73;67;61;68
BINGO CARABOBO;9025;4;3;6;14;15;22;21;29;26;17;36;43;42;35;50;49;53;57;56;67;64;73;70;71
BINGO CARABOBO;9026;2;9;5;7;10;28;30;19;20;16;44;32;40;39;47;48;55;46;58;69;74;66;65;68
BINGO CARABOBO;9027;8;11;1;13;12;18;25;27;24;23;33;37;31;45;52;54;51;59;60;62;72;63;75;61
BINGO CARABOBO;9028;8;6;3;12;5;18;29;24;17;21;35;42;43;44;59;49;54;60;57;73;72;62;64;67
BINGO CARABOBO;9029;1;14;10;2;11;25;19;23;20;30;41;32;37;40;56;51;52;50;53;65;71;75;70;68
BINGO CARABOBO;9030;7;13;15;4;9;26;22;16;27;28;39;45;34;38;55;47;58;46;48;63;74;66;69;61
BINGO CARABOBO;9031;2;5;11;10;7;20;23;21;29;27;32;39;45;34;49;51;53;46;52;69;74;67;71;61
BINGO CARABOBO;9032;3;9;15;14;12;18;25;17;30;26;43;35;40;33;57;47;50;48;60;75;68;72;64;65
BINGO CARABOBO;9033;6;8;4;1;13;19;22;28;16;24;42;41;44;31;54;56;55;59;58;66;70;73;62;63
BINGO CARABOBO;9034;7;13;3;14;6;20;24;26;29;17;34;37;39;33;58;52;51;49;46;68;71;64;73;66
BINGO CARABOBO;9035;10;8;12;5;15;22;21;30;25;19;35;40;32;44;54;55;50;56;59;74;62;67;63;72
BINGO CARABOBO;9036;4;9;11;2;1;23;27;28;18;16;36;31;45;42;47;48;60;57;53;70;61;75;65;69
BINGO CARABOBO;9037;6;8;2;5;11;20;23;19;17;30;38;42;32;40;54;51;49;58;48;71;70;62;67;74
BINGO CARABOBO;9038;13;4;7;12;1;29;27;28;24;18;33;44;36;37;53;56;46;52;47;72;68;73;69;63
BINGO CARABOBO;9039;14;15;3;10;9;21;26;22;16;25;35;34;45;31;50;59;57;60;55;65;66;75;61;64
BINGO CARABOBO;9040;10;14;4;9;15;28;17;18;19;21;33;34;42;45;48;55;46;59;51;73;64;70;68;62
BINGO CARABOBO;9041;12;7;2;5;6;20;30;24;27;26;41;40;39;38;49;56;47;54;60;72;67;74;71;61
BINGO CARABOBO;9042;8;11;3;1;13;23;16;22;29;25;44;36;32;31;58;50;53;57;52;69;65;63;66;75
BINGO CARABOBO;9043;12;3;5;10;4;20;21;29;23;24;31;40;38;44;56;46;53;55;57;64;63;65;62;67
BINGO CARABOBO;9044;8;7;13;11;9;27;25;18;19;28;36;41;43;34;58;49;59;50;51;74;61;75;69;72
BINGO CARABOBO;9045;2;14;1;15;6;26;17;22;30;16;39;35;45;32;47;48;54;60;52;71;66;68;70;73
BINGO CARABOBO;9046;8;15;9;7;13;18;21;25;17;19;33;37;36;35;47;53;55;51;60;69;70;71;67;72
BINGO CARABOBO;9047;10;1;11;6;12;28;22;24;27;23;42;41;31;34;54;56;52;50;48;63;74;66;68;64
BINGO CARABOBO;9048;3;14;5;4;2;29;26;30;20;16;43;38;40;44;49;57;46;59;58;73;65;62;75;61
BINGO CARABOBO;9049;7;6;5;2;11;19;24;23;28;20;31;40;44;35;46;55;58;53;57;73;74;63;66;70
BINGO CARABOBO;9050;15;4;3;13;8;27;22;21;26;29;41;37;45;33;59;56;52;48;51;72;68;65;75;67
BINGO CARABOBO;9051;12;14;9;1;10;18;25;30;17;16;36;38;32;43;50;49;60;54;47;64;61;69;71;62
BINGO CARABOBO;9052;12;5;8;11;9;20;27;29;21;18;41;43;36;38;46;52;53;58;50;70;71;64;72;65
BINGO CARABOBO;9053;14;13;3;10;4;26;28;24;16;19;32;39;44;42;54;56;55;51;59;73;63;68;69;75
BINGO CARABOBO;9054;2;1;7;15;6;22;23;30;17;25;45;35;33;40;48;47;57;60;49;66;74;62;67;61
BINGO CARABOBO;9055;11;13;3;2;6;24;28;26;27;23;40;33;35;34;55;58;46;50;57;64;73;62;65;63
BINGO CARABOBO;9056;5;8;14;15;9;25;20;17;18;22;44;39;31;43;48;56;52;54;60;68;72;74;66;67
BINGO CARABOBO;9057;7;4;1;12;10;30;29;19;16;21;36;38;42;37;53;51;49;59;47;70;75;69;61;71
BINGO CARABOBO;9058;10;12;3;5;1;30;20;21;22;18;42;37;32;44;53;47;52;51;57;63;72;66;70;65
BINGO CARABOBO;9059;11;13;9;8;14;26;23;29;25;24;38;31;40;34;48;56;59;58;46;71;61;74;69;64
BINGO CARABOBO;9060;6;4;7;2;15;19;28;27;17;16;41;39;45;33;49;54;55;60;50;68;62;67;73;75
BINGO CARABOBO;9061;12;14;9;13;10;20;28;29;17;21;37;38;36;41;54;60;56;58;49;71;70;75;66;67
BINGO CARABOBO;9062;11;8;15;6;3;25;18;27;24;19;42;32;39;43;48;59;46;53;57;69;63;65;68;73
BINGO CARABOBO;9063;5;4;2;7;1;23;22;16;30;26;34;33;40;45;47;51;50;55;52;64;72;62;74;61
BINGO CARABOBO;9064;15;10;7;8;13;16;20;25;19;26;34;33;41;44;55;48;57;54;53;61;69;62;70;64
BINGO CARABOBO;9065;5;3;6;4;1;30;23;18;22;21;32;35;45;42;52;56;59;60;46;65;73;72;66;75
BINGO CARABOBO;9066;9;12;2;14;11;27;24;28;17;29;37;36;40;43;50;58;51;47;49;71;74;63;68;67
BINGO CARABOBO;9067;1;2;9;14;4;22;28;23;26;27;40;34;44;32;49;59;48;51;52;65;68;62;63;74
BINGO CARABOBO;9068;11;6;13;7;10;29;17;20;21;25;43;36;37;33;58;53;57;54;47;67;72;66;69;71
BINGO CARABOBO;9069;12;8;5;3;15;19;24;16;30;18;38;45;41;42;46;56;55;50;60;64;73;70;75;61
BINGO CARABOBO;9070;14;2;15;6;5;25;28;24;19;22;41;38;34;37;55;49;58;59;47;68;67;69;61;66
BINGO CARABOBO;9071;7;11;4;8;3;23;30;18;17;29;36;39;43;33;51;56;53;50;48;72;70;74;65;75
BINGO CARABOBO;9072;10;12;1;9;13;21;26;27;20;16;31;35;45;32;57;46;60;54;52;64;71;63;73;62
BINGO CARABOBO;9073;4;9;10;12;13;22;23;21;24;29;43;40;45;31;50;56;49;55;47;64;67;65;69;73
BINGO CARABOBO;9074;5;2;7;8;1;16;28;20;26;25;37;42;36;34;57;60;48;54;58;61;66;74;63;71
BINGO CARABOBO;9075;11;14;6;3;15;30;27;17;19;18;41;33;44;38;53;46;52;51;59;70;75;72;68;62
BINGO CARABOBO;9076;5;8;4;13;15;27;28;24;17;23;37;36;44;45;55;54;48;59;47;69;73;67;72;63
BINGO CARABOBO;9077;14;12;9;6;7;19;18;25;21;29;33;41;39;43;50;49;52;57;56;65;62;71;68;70
BINGO CARABOBO;9078;10;11;2;1;3;22;20;26;30;16;34;38;31;42;58;53;60;46;51;64;66;61;75;74
BINGO CARABOBO;9079;11;14;8;13;5;29;18;24;19;20;31;45;41;34;50;54;56;53;49;73;69;66;72;65
BINGO CARABOBO;9080;6;3;10;4;9;28;25;17;22;26;33;38;36;37;57;46;51;58;55;68;67;74;71;75
BINGO CARABOBO;9081;2;1;15;7;12;27;21;23;16;30;35;40;44;32;47;59;60;52;48;63;70;62;61;64
BINGO CARABOBO;9082;7;8;13;9;11;19;24;21;25;17;43;33;44;41;50;53;57;56;58;71;75;61;70;66
BINGO CARABOBO;9083;14;4;10;15;6;26;28;23;30;27;31;38;42;40;49;51;52;46;47;67;72;64;65;68
BINGO CARABOBO;9084;2;5;1;3;12;16;20;29;22;18;36;45;39;34;60;54;55;48;59;63;74;62;73;69
BINGO CARABOBO;9085;4;7;13;6;10;18;21;23;20;25;31;36;35;43;60;56;52;50;58;70;65;62;63;69
BINGO CARABOBO;9086;3;12;11;2;14;29;17;30;16;22;42;41;44;34;49;59;55;53;51;72;74;67;64;73
BINGO CARABOBO;9087;15;8;1;9;5;26;24;19;27;28;38;45;37;33;57;48;47;54;46;66;71;68;61;75
BINGO CARABOBO;9088;3;7;6;13;11;27;20;24;18;21;42;35;38;41;47;58;49;52;50;68;61;72;71;73
BINGO CARABOBO;9089;14;15;10;1;5;29;16;28;22;23;34;36;40;32;51;60;55;48;56;63;64;67;74;66
BINGO CARABOBO;9090;8;9;4;12;2;19;25;17;30;26;44;37;45;39;54;57;53;59;46;69;65;70;75;62
BINGO CARABOBO;9091;8;9;11;14;10;29;16;26;20;22;43;38;45;35;55;60;50;47;48;71;69;73;63;68
BINGO CARABOBO;9092;4;3;7;15;5;30;19;18;24;25;36;41;37;42;54;49;52;53;58;67;72;62;61;74
BINGO CARABOBO;9093;2;1;13;12;6;27;23;17;21;28;34;33;31;44;57;46;56;59;51;70;65;66;75;64
BINGO CARABOBO;9094;10;3;6;7;9;29;22;26;27;21;40;33;42;35;49;59;51;53;50;71;75;65;68;64
BINGO CARABOBO;9095;11;1;4;5;14;17;18;24;16;20;41;34;31;36;55;58;47;52;60;73;70;69;67;72
BINGO CARABOBO;9096;13;12;2;8;15;19;23;28;30;25;44;45;32;37;48;56;54;46;57;63;66;74;61;62
BINGO CARABOBO;9097;3;7;5;9;6;24;19;20;29;28;34;32;37;43;48;57;51;55;49;70;72;66;62;73
BINGO CARABOBO;9098;13;4;14;12;2;22;25;27;18;23;39;36;35;42;52;53;56;50;60;71;74;75;68;63
BINGO CARABOBO;9099;15;8;1;11;10;17;26;16;21;30;45;44;31;41;58;54;59;47;46;69;65;61;64;67
BINGO CARABOBO;9100;5;2;14;13;3;22;24;27;21;20;44;45;34;37;57;56;59;49;47;62;72;67;65;71
BINGO CARABOBO;9101;11;9;7;4;10;25;29;28;19;26;36;41;39;42;51;58;46;48;53;64;68;73;75;66
BINGO CARABOBO;9102;6;12;15;1;8;17;18;23;30;16;38;35;43;40;54;55;52;60;50;70;63;61;74;69
BINGO CARABOBO;9103;11;14;8;13;7;21;19;23;27;18;36;33;44;32;56;54;47;53;51;65;64;75;63;68
BINGO CARABOBO;9104;9;4;12;2;15;26;22;25;30;28;34;37;41;43;48;60;59;50;55;73;66;72;67;69
BINGO CARABOBO;9105;3;5;6;1;10;16;17;29;20;24;38;35;45;31;57;58;52;49;46;71;62;70;61;74
BINGO CARABOBO;9106;9;1;12;13;15;16;21;23;28;29;44;43;42;31;50;53;47;48;59;64;73;70;62;74
BINGO CARABOBO;9107;11;8;3;6;10;25;19;22;20;24;41;37;39;38;57;52;54;58;51;66;61;68;69;67
BINGO CARABOBO;9108;14;2;5;4;7;26;17;27;18;30;35;32;36;45;56;49;60;46;55;72;75;63;65;71
BINGO CARABOBO;9109;5;13;8;11;2;23;17;19;27;20;34;42;37;41;48;58;59;54;51;71;61;67;74;63
BINGO CARABOBO;9110;10;12;3;6;4;29;25;26;24;18;43;36;32;44;50;47;53;55;57;65;64;72;75;62
BINGO CARABOBO;9111;14;9;7;15;1;28;21;30;16;22;33;40;31;38;60;49;52;46;56;69;70;68;66;73
BINGO CARABOBO;9112;4;5;7;9;3;25;22;18;28;16;37;40;43;32;49;47;46;54;58;61;64;65;73;75
BINGO CARABOBO;9113;15;2;12;14;10;21;29;30;20;23;42;44;41;39;48;53;51;55;59;66;63;68;71;69
BINGO CARABOBO;9114;13;11;1;8;6;26;17;27;24;19;38;31;34;35;52;60;57;56;50;72;67;70;62;74
BINGO CARABOBO;9115;13;9;6;12;3;20;27;30;23;28;41;36;38;40;52;53;49;54;58;67;63;64;69;65
BINGO CARABOBO;9116;1;14;8;10;15;17;24;25;19;26;42;39;33;32;59;55;48;47;57;66;62;70;74;71
BINGO CARABOBO;9117;5;4;7;2;11;18;22;16;21;29;34;35;45;31;56;60;51;50;46;68;75;72;61;73
BINGO CARABOBO;9118;14;4;7;1;2;17;28;27;24;30;36;39;41;33;59;54;51;53;48;69;65;71;67;64
BINGO CARABOBO;9119;12;11;15;5;8;26;20;29;18;21;38;34;37;42;50;47;55;56;57;70;75;68;72;63
BINGO CARABOBO;9120;10;6;13;3;9;19;22;23;25;16;40;44;45;32;52;46;58;49;60;61;73;66;74;62
BINGO CARABOBO;9121;13;2;12;3;9;28;29;18;26;25;43;31;42;32;48;52;50;49;58;72;66;67;74;68
BINGO CARABOBO;9122;6;5;4;7;8;16;27;23;21;24;40;39;36;38;59;53;60;46;57;73;69;63;71;64
BINGO CARABOBO;9123;11;15;10;1;14;19;20;30;17;22;37;45;34;35;51;55;56;54;47;65;62;70;75;61
BINGO CARABOBO;9124;11;3;15;13;2;26;27;29;24;19;38;35;33;41;52;56;58;57;50;65;70;74;66;62
BINGO CARABOBO;9125;5;8;4;14;6;21;23;22;25;17;44;42;34;39;53;55;48;54;49;68;71;67;72;75
BINGO CARABOBO;9126;9;7;12;10;1;18;20;30;16;28;43;32;45;31;60;47;51;46;59;63;64;69;61;73
BINGO CARABOBO;9127;13;7;3;12;14;24;28;21;19;25;41;38;44;37;52;55;51;49;48;70;71;72;64;74
BINGO CARABOBO;9128;4;6;2;15;10;22;23;26;30;18;33;31;39;40;56;47;57;53;54;66;69;63;65;73
BINGO CARABOBO;9129;11;9;8;5;1;16;17;27;20;29;45;35;34;36;58;50;59;46;60;75;67;62;61;68
BINGO CARABOBO;9130;6;8;3;15;2;21;20;16;23;19;44;39;42;43;53;56;57;47;51;64;73;61;75;72
BINGO CARABOBO;9131;11;5;12;14;1;27;30;18;28;26;36;41;37;31;52;55;54;50;60;62;67;66;69;63
BINGO CARABOBO;9132;4;13;9;10;7;24;22;29;17;25;45;34;33;35;48;58;59;46;49;70;68;74;71;65
BINGO CARABOBO;9133;9;1;6;13;8;29;18;24;23;16;41;33;37;35;59;49;51;56;53;71;61;65;67;63
BINGO CARABOBO;9134;4;3;11;5;10;26;17;20;22;28;39;44;43;38;47;50;52;48;54;70;74;68;64;73
BINGO CARABOBO;9135;14;15;7;2;12;21;25;27;30;19;42;31;45;34;58;57;60;55;46;72;62;75;69;66
BINGO CARABOBO;9136;3;12;2;9;5;16;29;20;25;18;41;39;44;36;52;55;59;51;47;67;66;64;70;71
BINGO CARABOBO;9137;13;14;4;10;1;27;28;17;30;22;38;45;40;35;53;49;56;50;57;65;63;73;74;62
BINGO CARABOBO;9138;11;7;8;6;15;24;26;19;21;23;34;37;42;31;46;58;54;48;60;69;72;61;75;68
BINGO CARABOBO;9139;10;3;7;4;2;20;26;25;28;30;33;32;39;37;52;47;60;56;48;65;70;63;68;64
BINGO CARABOBO;9140;14;6;13;8;1;22;17;21;16;19;40;34;36;42;58;55;59;49;54;69;75;72;71;67
BINGO CARABOBO;9141;11;12;9;15;5;27;29;23;18;24;45;44;31;35;57;51;50;53;46;74;66;73;61;62
BINGO CARABOBO;9142;14;12;2;3;10;18;29;23;25;24;39;36;33;45;59;54;53;46;47;65;74;66;72;69
BINGO CARABOBO;9143;4;5;1;7;8;26;27;17;16;20;40;35;38;43;52;49;55;58;60;68;71;62;61;67
BINGO CARABOBO;9144;13;15;9;11;6;28;30;22;19;21;32;37;42;34;51;57;48;50;56;64;70;75;73;63
BINGO CARABOBO;9145;8;2;9;5;7;29;28;27;16;30;45;42;40;34;53;56;57;47;55;62;69;67;75;74
BINGO CARABOBO;9146;4;1;6;10;12;25;20;24;22;18;33;41;36;44;48;59;54;58;52;70;65;72;73;66
BINGO CARABOBO;9147;13;15;14;3;11;26;23;17;21;19;35;43;39;31;60;49;50;51;46;63;64;68;61;71
BINGO CARABOBO;9148;6;9;11;10;3;19;21;18;30;20;36;39;32;44;49;50;52;53;55;73;72;71;74;67
BINGO CARABOBO;9149;2;8;4;7;5;23;16;17;29;28;31;42;34;40;60;56;48;57;47;65;69;64;70;66
BINGO CARABOBO;9150;14;12;15;13;1;25;26;27;22;24;38;41;37;33;51;58;59;54;46;68;75;63;62;61
BINGO CARABOBO;9151;4;13;7;6;3;24;27;16;25;19;35;37;42;43;55;52;50;59;49;73;74;70;65;69
BINGO CARABOBO;9152;12;9;8;10;14;29;28;21;18;20;32;38;44;31;48;51;53;60;57;67;62;72;71;75
BINGO CARABOBO;9153;5;1;15;11;2;26;17;22;23;30;45;34;40;33;58;47;54;56;46;64;66;68;61;63
BINGO CARABOBO;9154;14;10;8;2;9;17;16;23;28;21;45;31;32;34;49;53;52;56;57;68;72;70;64;69
BINGO CARABOBO;9155;6;1;5;12;7;19;27;30;22;25;36;33;42;41;58;50;59;47;55;62;73;65;67;71
BINGO CARABOBO;9156;11;15;4;13;3;29;24;26;18;20;38;44;35;43;51;48;54;60;46;63;74;61;75;66
BINGO CARABOBO;9157;7;14;2;3;9;18;21;29;27;22;43;38;31;35;59;55;47;57;54;64;72;63;69;73
BINGO CARABOBO;9158;4;10;6;11;5;20;30;17;19;24;42;37;39;40;58;53;50;51;48;65;66;62;70;71
BINGO CARABOBO;9159;8;12;13;15;1;16;26;25;28;23;34;45;32;36;49;56;60;46;52;67;74;75;61;68
BINGO CARABOBO;9160;4;5;6;11;10;20;18;19;17;22;39;32;36;35;51;53;56;60;52;71;63;65;67;70
BINGO CARABOBO;9161;13;3;2;12;15;29;30;21;26;23;31;42;37;43;58;54;57;48;47;72;75;68;69;73
BINGO CARABOBO;9162;8;9;1;7;14;27;16;24;25;28;44;34;33;45;46;59;50;49;55;66;64;61;62;74
BINGO CARABOBO;9163;14;5;3;4;12;26;27;23;20;29;36;35;43;37;49;54;53;59;46;63;72;71;62;68
BINGO CARABOBO;9164;13;11;10;15;7;17;30;24;21;22;42;40;44;34;55;51;50;56;58;69;73;66;61;65
BINGO CARABOBO;9165;2;6;9;1;8;28;18;19;25;16;31;38;39;45;52;60;48;57;47;70;67;74;75;64
BINGO CARABOBO;9166;3;12;15;9;14;30;17;21;19;28;44;37;42;39;49;51;53;58;56;74;61;71;73;69
BINGO CARABOBO;9167;1;2;11;6;10;18;25;24;20;23;32;41;43;31;60;46;55;54;47;62;67;66;72;68
BINGO CARABOBO;9168;8;5;4;7;13;27;22;26;16;29;35;36;45;34;50;52;59;57;48;70;65;63;75;64
BINGO CARABOBO;9169;14;9;6;11;7;26;17;25;19;20;42;45;36;37;57;50;49;51;59;64;70;63;73;65
BINGO CARABOBO;9170;4;3;10;2;5;23;21;18;30;24;38;40;41;33;46;56;54;60;53;62;74;66;75;71
BINGO CARABOBO;9171;13;15;8;12;1;27;29;22;28;16;39;34;44;32;47;58;48;52;55;67;68;61;69;72
BINGO CARABOBO;9172;9;2;4;8;12;22;28;19;21;20;43;44;33;45;52;57;53;54;50;73;64;68;65;75
BINGO CARABOBO;9173;6;11;7;10;3;24;25;29;18;23;38;40;37;42;59;47;60;55;51;70;62;63;69;66
BINGO CARABOBO;9174;15;14;5;1;13;26;27;17;16;30;36;34;31;41;56;46;49;48;58;71;67;61;74;72
BINGO CARABOBO;9175;5;6;11;10;1;18;17;25;28;23;33;35;32;34;54;48;49;53;52;72;62;69;63;75
BINGO CARABOBO;9176;8;14;7;4;12;29;24;27;21;19;36;37;31;41;57;60;51;55;47;73;65;71;64;74
BINGO CARABOBO;9177;13;2;9;3;15;20;22;26;30;16;44;42;45;39;50;58;56;59;46;66;67;68;70;61
BINGO CARABOBO;9178;3;15;14;2;9;27;26;28;22;24;32;44;36;42;47;55;49;57;59;74;72;62;63;64
BINGO CARABOBO;9179;7;1;6;12;13;20;25;18;17;23;35;33;40;34;50;53;48;51;46;68;69;71;65;75
BINGO CARABOBO;9180;5;8;4;11;10;19;21;29;30;16;37;45;41;31;56;58;60;54;52;67;70;66;61;73
BINGO CARABOBO;9181;15;11;6;1;2;17;29;18;25;20;35;32;31;37;55;47;52;59;46;74;64;69;63;62
BINGO CARABOBO;9182;14;3;10;9;13;28;26;23;19;30;44;39;38;41;49;53;54;57;48;73;68;70;71;67
BINGO CARABOBO;9183;7;4;8;12;5;24;16;21;27;22;33;45;34;42;50;56;51;58;60;66;65;61;72;75
BINGO CARABOBO;9184;2;3;8;11;12;22;25;19;23;18;45;33;38;40;55;48;46;54;56;72;74;62;68;71
BINGO CARABOBO;9185;9;15;5;4;7;29;21;28;24;30;31;37;39;36;50;51;53;57;52;70;69;73;75;67
BINGO CARABOBO;9186;6;10;13;1;14;26;27;20;17;16;42;44;43;35;60;47;49;58;59;64;65;63;61;66
BINGO CARABOBO;9187;2;8;11;13;15;22;28;19;29;21;31;36;38;42;50;51;49;52;46;74;68;67;62;73
BINGO CARABOBO;9188;12;7;1;6;9;25;23;27;20;30;40;37;33;44;48;56;59;54;53;64;65;63;69;71
BINGO CARABOBO;9189;14;3;10;4;5;17;24;18;16;26;43;34;35;45;57;55;58;47;60;66;61;75;72;70
BINGO CARABOBO;9190;9;12;4;10;5;21;23;20;25;29;36;38;44;45;58;57;54;48;55;70;66;63;73;65
BINGO CARABOBO;9191;14;3;7;6;2;17;24;26;27;16;31;43;42;40;52;47;46;59;50;69;72;67;71;62
BINGO CARABOBO;9192;1;11;8;13;15;28;30;19;22;18;41;37;33;35;56;53;60;49;51;64;74;68;75;61
BINGO CARABOBO;9193;9;11;3;7;15;24;29;19;21;26;43;42;32;34;49;53;51;57;46;65;72;75;73;63
BINGO CARABOBO;9194;12;10;13;8;2;23;25;17;20;22;35;31;44;40;58;52;60;50;55;62;68;74;69;66
BINGO CARABOBO;9195;6;5;1;4;14;27;28;18;16;30;37;36;45;39;47;56;48;59;54;67;70;71;61;64
BINGO CARABOBO;9196;6;4;11;9;2;28;19;21;24;17;38;39;42;43;57;51;58;48;59;70;61;72;74;73
BINGO CARABOBO;9197;3;13;7;8;12;26;25;30;16;27;31;44;41;35;52;54;50;56;47;62;67;66;75;68
BINGO CARABOBO;9198;5;15;1;10;14;22;18;23;20;29;32;40;45;34;53;49;55;60;46;64;65;71;69;63
BINGO CARABOBO;9199;8;6;5;4;2;23;26;20;19;17;33;36;32;41;59;47;49;48;52;63;68;70;66;75
BINGO CARABOBO;9200;13;15;3;9;12;29;21;18;22;25;35;42;34;44;57;58;51;50;54;69;71;67;72;64
BINGO CARABOBO;9201;11;7;1;10;14;27;24;16;30;28;43;37;38;31;56;53;60;46;55;62;65;61;74;73
BINGO CARABOBO;9202;10;9;11;7;1;22;20;17;28;23;44;35;40;36;56;52;57;47;53;74;67;71;73;63
BINGO CARABOBO;9203;4;13;6;8;12;30;19;24;16;25;42;43;45;31;48;60;55;50;51;65;66;62;70;72
BINGO CARABOBO;9204;15;5;3;14;2;27;29;21;18;26;33;37;41;32;54;46;49;59;58;68;61;75;69;64
BINGO CARABOBO;9205;13;9;14;1;6;20;27;18;23;21;44;40;35;36;53;54;60;47;51;67;62;63;70;65
BINGO CARABOBO;9206;10;8;5;12;3;29;26;19;24;16;31;32;33;37;46;50;49;56;57;68;72;73;66;71
BINGO CARABOBO;9207;4;11;7;2;15;28;25;30;17;22;38;34;45;41;58;48;55;59;52;64;75;69;74;61
BINGO CARABOBO;9208;5;11;4;12;1;21;24;28;18;23;36;33;34;37;57;49;56;51;50;67;75;62;65;73
BINGO CARABOBO;9209;13;6;8;7;10;25;27;17;30;22;39;31;40;43;47;59;52;48;58;68;61;69;72;63
BINGO CARABOBO;9210;3;9;2;14;15;20;29;16;19;26;35;41;45;44;53;54;46;60;55;71;70;66;74;64
BINGO CARABOBO;9211;2;11;14;10;8;22;24;29;17;27;42;32;34;45;55;60;58;54;50;74;72;63;62;68
BINGO CARABOBO;9212;12;3;4;9;13;21;23;25;20;26;38;36;39;37;57;49;53;46;52;73;66;70;69;71
BINGO CARABOBO;9213;15;5;7;6;1;18;16;19;30;28;31;43;35;44;48;59;47;56;51;67;61;65;64;75
BINGO CARABOBO;9214;10;8;1;6;12;21;28;22;25;26;32;40;31;35;47;49;56;52;55;68;63;74;62;69
BINGO CARABOBO;9215;4;11;9;5;14;29;30;16;20;17;39;43;36;41;53;58;57;48;54;66;73;75;65;70
BINGO CARABOBO;9216;2;3;13;15;7;19;18;27;23;24;45;44;33;37;60;51;50;59;46;71;72;64;61;67
BINGO CARABOBO;9217;7;6;8;14;13;28;23;19;29;20;39;43;42;35;48;47;51;55;58;63;74;68;66;67
BINGO CARABOBO;9218;2;10;12;11;3;27;26;17;18;30;38;31;44;45;60;50;53;57;54;70;71;64;65;72
BINGO CARABOBO;9219;5;4;9;15;1;21;24;22;16;25;34;32;36;41;49;52;59;56;46;73;61;62;69;75
BINGO CARABOBO;9220;4;1;9;2;5;29;28;22;26;17;32;39;41;42;55;49;51;59;47;73;68;62;64;65
BINGO CARABOBO;9221;3;13;10;14;11;23;27;21;30;19;40;44;34;38;58;52;50;53;46;75;69;61;67;74
BINGO CARABOBO;9222;8;7;12;6;15;18;16;25;24;20;36;43;45;35;48;57;56;60;54;72;70;63;71;66
BINGO CARABOBO;9223;2;5;14;9;6;25;20;18;24;22;32;35;42;44;52;60;48;56;58;75;66;73;63;68
BINGO CARABOBO;9224;3;10;15;4;11;29;19;28;16;30;37;40;33;45;57;49;51;53;50;70;62;69;65;61
BINGO CARABOBO;9225;7;12;8;1;13;23;21;26;17;27;39;41;43;31;55;46;59;54;47;71;74;72;64;67
BINGO CARABOBO;9226;2;13;14;6;12;26;30;21;17;20;34;33;36;41;54;52;48;58;57;74;63;70;61;69
BINGO CARABOBO;9227;3;4;8;9;11;27;28;22;23;16;43;35;45;44;49;56;60;50;47;64;72;66;73;68
BINGO CARABOBO;9228;5;10;7;1;15;24;19;25;18;29;37;38;31;40;55;46;53;59;51;67;75;65;71;62
BINGO CARABOBO;9229;10;11;8;1;6;25;27;23;20;19;32;34;41;36;46;56;57;50;54;63;62;70;68;71
BINGO CARABOBO;9230;12;13;9;15;4;21;24;26;18;16;43;42;33;40;58;51;55;49;59;73;69;74;64;65
BINGO CARABOBO;9231;14;5;3;2;7;22;29;17;30;28;31;45;39;44;53;47;60;52;48;66;67;72;75;61
BINGO CARABOBO;9232;2;7;1;6;12;17;25;21;28;29;42;32;44;43;56;55;54;52;58;74;63;68;67;75
BINGO CARABOBO;9233;14;10;4;5;13;30;24;18;26;19;39;31;45;35;57;59;48;53;51;65;66;71;62;73
BINGO CARABOBO;9234;11;15;8;3;9;27;22;20;16;23;37;33;36;41;50;60;46;49;47;70;64;69;72;61
BINGO CARABOBO;9235;8;3;15;2;11;29;30;23;17;19;42;32;34;40;51;56;60;53;50;63;66;67;64;68
BINGO CARABOBO;9236;4;5;9;10;7;25;27;20;22;28;35;37;41;39;54;59;57;48;49;73;71;72;65;69
BINGO CARABOBO;9237;6;13;14;12;1;24;18;21;26;16;43;45;33;44;55;46;47;52;58;70;74;75;61;62
BINGO CARABOBO;9238;7;11;8;3;13;28;30;19;25;17;43;31;33;37;57;48;51;46;55;69;66;67;68;74
BINGO CARABOBO;9239;9;15;6;5;12;24;18;22;29;21;41;40;44;45;54;50;49;53;47;65;72;71;63;61
BINGO CARABOBO;9240;10;2;14;1;4;26;23;16;27;20;35;36;38;32;52;58;59;56;60;70;64;62;75;73
BINGO CARABOBO;9241;2;1;12;13;8;25;30;19;26;21;40;34;43;44;56;49;57;52;51;74;71;62;73;68
BINGO CARABOBO;9242;9;14;6;11;3;18;22;20;24;28;36;38;42;41;54;55;48;59;50;67;65;61;69;75
BINGO CARABOBO;9243;7;15;4;10;5;16;23;27;29;17;39;45;35;31;53;46;47;60;58;66;70;64;72;63
BINGO CARABOBO;9244;7;14;10;4;3;29;28;17;20;19;40;37;31;35;56;50;51;53;60;68;62;64;73;74
BINGO CARABOBO;9245;9;6;13;5;15;25;30;21;24;16;43;44;34;36;46;49;54;58;48;67;72;63;75;69
BINGO CARABOBO;9246;1;12;2;8;11;22;27;23;26;18;39;38;32;41;47;57;55;59;52;66;71;65;70;61
BINGO CARABOBO;9247;4;8;9;12;3;18;27;29;28;25;39;32;33;43;60;53;55;47;56;72;67;70;71;74
BINGO CARABOBO;9248;14;1;11;7;5;26;20;23;24;19;41;42;40;44;46;58;50;52;48;62;65;69;73;68
BINGO CARABOBO;9249;10;2;13;15;6;21;22;30;17;16;45;38;37;31;54;57;51;59;49;61;63;64;75;66
BINGO CARABOBO;9250;5;6;12;14;11;17;22;19;21;23;36;31;42;45;57;54;59;58;53;73;68;64;69;63
BINGO CARABOBO;9251;7;4;3;8;9;28;20;29;27;24;38;40;35;41;49;51;55;48;52;65;71;66;62;74
BINGO CARABOBO;9252;1;10;13;15;2;18;25;16;30;26;34;39;33;37;56;50;46;47;60;72;70;67;75;61
BINGO CARABOBO;9253;6;9;12;4;15;27;24;21;20;25;41;42;34;33;52;58;54;56;59;75;73;64;72;70
BINGO CARABOBO;9254;7;8;5;2;13;18;19;30;26;22;32;40;45;36;55;50;53;47;48;71;66;68;67;69
BINGO CARABOBO;9255;3;1;14;11;10;28;16;23;29;17;43;44;31;35;51;49;46;60;57;74;65;63;61;62
BINGO CARABOBO;9256;10;4;14;13;1;29;23;18;22;17;43;42;34;38;50;57;52;54;53;66;63;71;75;61
BINGO CARABOBO;9257;8;9;15;2;7;20;28;24;26;27;44;39;36;35;51;56;47;49;55;70;67;69;74;68
BINGO CARABOBO;9258;12;6;5;11;3;16;19;25;30;21;31;33;37;41;46;58;48;60;59;65;73;72;62;64
BINGO CARABOBO;9259;9;10;3;5;8;26;23;18;21;24;36;44;37;40;54;52;58;53;55;73;61;67;66;63
BINGO CARABOBO;9260;4;12;2;13;15;17;20;27;29;30;32;41;38;35;50;59;49;46;48;64;71;72;62;74
BINGO CARABOBO;9261;7;14;11;6;1;16;22;28;25;19;42;34;45;33;57;56;60;51;47;65;70;68;69;75
BINGO CARABOBO;9262;8;6;15;5;4;18;25;29;23;27;44;42;36;31;58;49;46;57;51;65;75;62;66;61
BINGO CARABOBO;9263;11;7;10;12;13;20;22;16;19;17;39;34;37;33;54;50;48;60;55;74;71;64;67;72
BINGO CARABOBO;9264;14;2;3;9;1;26;24;28;21;30;40;32;38;45;53;56;47;52;59;68;70;69;73;63
BINGO CARABOBO;9265;10;9;1;2;5;27;25;24;30;23;35;33;38;39;60;48;55;51;56;74;71;65;68;73
BINGO CARABOBO;9266;7;13;6;11;14;20;22;18;17;19;44;36;41;45;46;49;54;47;52;62;67;64;70;63
BINGO CARABOBO;9267;4;12;8;15;3;26;21;28;29;16;32;40;31;42;53;58;57;50;59;61;72;75;66;69
BINGO CARABOBO;9268;14;11;8;3;5;18;19;16;24;27;44;37;34;36;46;56;49;47;51;74;63;71;73;64
BINGO CARABOBO;9269;6;4;10;1;7;25;23;20;21;26;40;32;33;42;53;52;55;59;48;66;62;70;69;68
BINGO CARABOBO;9270;9;15;2;12;13;17;22;29;28;30;43;31;45;35;58;60;50;57;54;67;72;65;61;75
BINGO CARABOBO;9271;11;4;5;12;8;19;23;26;20;21;40;35;33;39;55;58;49;57;51;61;72;69;70;65
BINGO CARABOBO;9272;9;6;14;3;10;16;17;27;28;29;32;42;41;43;52;46;48;54;56;73;68;75;62;71
BINGO CARABOBO;9273;13;2;1;7;15;24;25;22;18;30;38;44;36;45;53;50;59;47;60;66;63;67;64;74
BINGO CARABOBO;9274;11;8;2;14;10;23;28;24;22;17;36;38;32;33;50;53;56;55;57;73;65;63;72;67
BINGO CARABOBO;9275;13;3;6;7;4;29;26;19;25;21;35;40;43;45;49;48;52;59;47;68;74;62;64;69
BINGO CARABOBO;9276;15;5;12;1;9;16;20;30;18;27;37;41;39;34;51;54;58;60;46;71;61;70;66;75
BINGO CARABOBO;9277;7;13;8;2;11;16;23;21;24;27;35;37;31;41;47;49;50;46;52;72;74;66;67;70
BINGO CARABOBO;9278;15;10;12;5;14;29;28;19;17;20;43;42;44;33;55;54;60;57;56;71;62;68;75;65
BINGO CARABOBO;9279;3;1;6;4;9;26;25;22;18;30;38;39;45;32;48;58;59;51;53;61;64;73;63;69
BINGO CARABOBO;9280;4;10;5;14;9;19;27;28;21;23;34;39;32;37;51;48;53;55;49;65;69;66;74;72
BINGO CARABOBO;9281;12;13;1;6;8;29;16;17;25;24;35;36;41;38;50;59;58;54;57;63;61;68;64;71
BINGO CARABOBO;9282;11;15;7;2;3;22;20;26;18;30;43;42;33;44;46;56;60;52;47;73;70;75;62;67
BINGO CARABOBO;9283;13;14;7;15;8;29;16;26;23;25;43;38;41;37;49;59;48;58;60;69;72;73;70;63
BINGO CARABOBO;9284;2;5;3;6;10;28;21;18;22;20;31;34;33;32;50;57;55;53;46;64;66;65;62;74
BINGO CARABOBO;9285;9;4;12;11;1;24;19;17;30;27;44;42;45;36;47;52;51;56;54;67;71;75;61;68
BINGO CARABOBO;9286;14;8;11;6;5;21;28;27;24;20;42;35;33;40;47;53;59;56;55;64;70;71;73;68
BINGO CARABOBO;9287;7;2;1;4;15;30;16;22;29;18;36;43;41;31;58;50;54;48;57;66;69;67;62;65
BINGO CARABOBO;9288;9;3;12;10;13;23;25;17;19;26;38;44;45;34;60;49;51;52;46;74;75;63;61;72
BINGO CARABOBO;9289;3;4;5;6;1;17;26;30;22;24;37;35;36;45;50;48;56;57;51;67;69;73;64;65
BINGO CARABOBO;9290;11;15;13;9;7;18;21;20;28;19;40;42;34;43;47;54;58;52;60;70;71;72;66;75
BINGO CARABOBO;9291;8;12;2;14;10;27;29;23;25;16;44;32;39;31;55;53;59;49;46;63;61;62;68;74
BINGO CARABOBO;9292;8;5;2;7;11;22;26;30;25;28;39;45;36;42;53;52;54;51;49;68;64;66;62;70
BINGO CARABOBO;9293;9;6;3;4;13;24;17;16;21;19;37;44;41;31;55;46;50;60;56;67;63;69;72;75
BINGO CARABOBO;9294;14;1;10;12;15;20;18;23;27;29;32;38;43;40;47;48;59;57;58;74;71;65;73;61
BINGO CARABOBO;9295;1;8;3;9;4;23;18;21;24;26;33;44;41;40;57;54;58;47;60;62;68;61;69;66
BINGO CARABOBO;9296;6;13;5;7;15;16;19;25;28;27;37;42;34;39;53;49;50;55;48;74;70;73;72;71
BINGO CARABOBO;9297;10;11;12;14;2;17;22;29;20;30;32;36;45;31;51;56;52;46;59;64;67;63;75;65
BINGO CARABOBO;9298;4;6;12;3;15;19;21;26;28;29;44;43;35;36;54;52;58;47;55;70;68;66;73;65
BINGO CARABOBO;9299;13;2;10;14;7;24;18;25;23;22;32;41;45;39;53;46;49;57;50;74;67;71;61;75
BINGO CARABOBO;9300;1;8;9;11;5;27;16;17;20;30;37;38;34;42;56;59;51;60;48;63;64;69;72;62
BINGO CARABOBO;9301;6;12;5;14;13;28;30;17;21;27;40;31;42;33;57;46;51;55;52;63;64;70;71;75
BINGO CARABOBO;9302;8;11;3;4;2;16;22;19;20;29;36;45;38;37;54;50;58;56;59;67;62;72;73;68
BINGO CARABOBO;9303;9;7;10;1;15;24;25;23;18;26;34;32;44;35;49;53;48;60;47;69;66;74;65;61
BINGO CARABOBO;9304;3;2;4;6;5;24;17;27;26;25;43;32;45;38;56;57;54;59;58;69;67;64;74;61
BINGO CARABOBO;9305;14;7;11;8;13;18;29;22;28;19;34;37;40;35;48;51;49;50;53;62;75;71;68;66
BINGO CARABOBO;9306;9;12;10;15;1;23;20;16;30;21;33;41;44;31;52;60;47;55;46;70;63;65;72;73
BINGO CARABOBO;9307;5;4;2;7;10;27;19;30;22;17;38;36;33;41;51;52;57;47;49;62;69;68;73;72
BINGO CARABOBO;9308;9;1;13;12;8;16;25;20;24;21;39;37;32;35;53;54;60;58;56;74;70;71;63;61
BINGO CARABOBO;9309;14;15;11;3;6;18;28;23;26;29;42;40;31;34;55;50;46;48;59;67;65;66;75;64
BINGO CARABOBO;9310;9;13;11;5;8;21;28;17;25;29;44;33;34;41;49;59;47;50;54;61;72;64;74;71
BINGO CARABOBO;9311;2;7;1;6;12;24;19;30;16;20;42;32;39;43;56;55;60;57;53;62;73;68;69;63
BINGO CARABOBO;9312;4;14;3;15;10;26;27;22;23;18;38;31;40;37;51;46;52;48;58;65;70;75;66;67
BINGO CARABOBO;9313;15;8;14;4;7;23;24;25;29;28;39;37;36;40;59;57;52;48;47;62;65;69;72;67
BINGO CARABOBO;9314;1;13;11;3;12;17;22;20;30;18;33;32;45;35;56;50;46;49;53;71;66;68;63;75
BINGO CARABOBO;9315;6;2;9;5;10;26;27;19;16;21;34;42;44;31;55;51;54;60;58;73;70;61;74;64
BINGO CARABOBO;9316;8;15;2;14;4;23;28;25;21;17;31;33;44;38;55;59;54;50;53;64;70;68;74;65
BINGO CARABOBO;9317;7;11;3;5;1;22;24;20;26;18;41;42;32;36;46;60;56;49;57;72;73;69;75;62
BINGO CARABOBO;9318;9;10;12;13;6;16;27;29;30;19;40;35;43;45;51;48;58;47;52;66;71;63;67;61
BINGO CARABOBO;9319;2;10;11;4;9;27;23;28;26;17;42;44;32;41;48;55;47;54;52;66;67;72;63;62
BINGO CARABOBO;9320;12;13;7;3;1;18;19;25;20;22;45;37;43;38;58;51;59;53;50;71;70;65;68;69
BINGO CARABOBO;9321;5;6;8;15;14;21;30;24;29;16;39;34;31;35;56;49;57;60;46;73;64;61;75;74
BINGO CARABOBO;9322;13;14;11;15;2;27;22;21;28;24;36;42;31;37;53;54;59;58;49;65;74;72;71;69
BINGO CARABOBO;9323;3;8;7;10;5;20;25;29;17;18;40;34;33;41;50;52;55;47;57;67;63;62;64;73
BINGO CARABOBO;9324;6;4;9;1;12;30;26;19;23;16;32;44;43;45;46;56;60;48;51;66;75;68;70;61
BINGO CARABOBO;9325;8;15;7;2;12;29;21;27;17;16;41;33;32;34;55;46;48;60;56;74;64;65;66;62
BINGO CARABOBO;9326;5;3;10;6;4;25;30;24;23;19;37;38;45;31;51;53;57;54;58;69;72;70;67;71
BINGO CARABOBO;9327;11;13;9;1;14;20;18;22;26;28;36;43;35;44;50;49;52;59;47;73;61;68;75;63
BINGO CARABOBO;9328;3;11;15;10;6;24;25;30;28;19;33;32;40;35;59;47;55;57;56;65;73;74;63;62
BINGO CARABOBO;9329;13;5;4;9;2;26;18;23;22;27;42;37;36;45;48;58;60;53;49;71;68;75;72;66
BINGO CARABOBO;9330;8;7;12;14;1;17;20;29;21;16;31;34;43;44;51;50;46;54;52;67;70;64;69;61
BINGO CARABOBO;9331;5;10;2;9;8;25;18;19;22;28;40;39;36;43;60;57;52;49;58;70;66;72;65;73
BINGO CARABOBO;9332;6;13;4;14;11;29;23;21;16;20;44;33;37;45;54;51;50;55;46;62;61;71;69;68
BINGO CARABOBO;9333;12;15;7;1;3;24;26;17;30;27;35;34;41;31;47;56;53;48;59;75;74;64;63;67
BINGO CARABOBO;9334;8;6;10;14;13;21;18;27;25;24;37;34;35;40;59;47;55;48;50;68;74;65;72;73
BINGO CARABOBO;9335;1;2;5;11;3;20;22;17;29;16;33;36;38;39;54;49;57;52;53;70;63;64;67;75
BINGO CARABOBO;9336;9;15;7;12;4;28;23;19;26;30;31;41;32;45;60;56;51;58;46;71;61;62;69;66
BINGO CARABOBO;9337;13;3;8;9;7;22;20;26;27;30;38;43;39;35;58;47;60;53;51;62;71;69;64;65
BINGO CARABOBO;9338;4;12;2;5;1;25;18;19;17;28;45;37;41;32;57;49;55;52;48;73;63;67;66;74
BINGO CARABOBO;9339;10;15;11;14;6;21;23;24;16;29;40;31;36;33;54;56;50;46;59;70;72;68;75;61
BINGO CARABOBO;9340;5;8;10;2;6;22;28;20;23;26;44;32;45;37;54;58;46;56;59;64;74;73;61;70
BINGO CARABOBO;9341;7;9;11;12;3;25;24;29;18;21;40;36;35;43;50;49;55;57;52;71;72;65;75;69
BINGO CARABOBO;9342;14;1;15;13;4;16;19;27;30;17;39;31;34;41;53;47;60;51;48;63;68;62;67;66
BINGO CARABOBO;9343;14;8;10;5;2;23;26;29;19;28;44;32;34;35;47;49;59;54;48;70;71;66;74;67
BINGO CARABOBO;9344;7;4;3;1;9;17;21;25;20;22;36;40;42;33;50;51;52;58;56;63;75;72;68;73
BINGO CARABOBO;9345;15;13;11;12;6;18;27;24;16;30;43;38;37;31;57;53;60;46;55;65;64;62;69;61
BINGO CARABOBO;9346;6;3;13;9;1;17;16;26;19;24;33;38;34;39;60;49;52;56;57;65;69;71;62;63
BINGO CARABOBO;9347;5;10;4;11;12;25;23;28;22;29;37;35;45;40;53;50;58;55;54;73;68;61;70;67
BINGO CARABOBO;9348;14;7;15;8;2;20;18;27;30;21;41;36;31;42;47;46;48;51;59;66;74;64;75;72
BINGO CARABOBO;9349;6;9;12;8;14;26;28;22;21;30;38;43;34;41;57;58;51;59;46;62;73;66;70;64
BINGO CARABOBO;9350;1;7;13;4;3;29;23;27;16;25;44;42;45;32;49;48;56;55;50;69;74;71;67;63
BINGO CARABOBO;9351;2;15;10;11;5;20;18;19;17;24;39;36;35;40;52;54;60;47;53;72;65;68;75;61
BINGO CARABOBO;9352;12;4;9;10;11;20;19;21;17;22;35;43;37;41;54;57;48;56;47;66;71;73;70;75
BINGO CARABOBO;9353;14;3;13;6;5;29;16;23;26;28;39;44;34;36;55;49;52;51;50;63;64;69;65;68
BINGO CARABOBO;9354;1;7;8;15;2;27;30;25;24;18;42;32;31;45;46;60;58;53;59;61;72;62;67;74
BINGO CARABOBO;9355;5;9;12;11;4;26;30;16;27;20;37;36;44;40;47;52;51;57;50;71;64;69;62;68
BINGO CARABOBO;9356;3;2;6;7;13;28;21;25;23;22;31;35;34;41;58;59;56;46;48;74;72;66;63;65
BINGO CARABOBO;9357;10;14;1;15;8;29;19;18;24;17;38;45;32;43;53;54;55;60;49;73;70;75;61;67
BINGO CARABOBO;9358;7;1;8;9;12;19;21;27;30;22;44;35;31;43;51;47;50;57;53;73;74;66;63;67
BINGO CARABOBO;9359;13;11;10;3;4;24;20;16;23;28;45;40;39;33;59;60;54;56;46;72;62;64;69;68
BINGO CARABOBO;9360;15;6;5;2;14;26;17;29;18;25;32;41;38;36;49;48;58;55;52;70;65;75;61;71
BINGO CARABOBO;9361;13;4;5;10;2;27;18;30;22;26;31;35;43;45;46;55;52;53;58;68;75;67;62;61
BINGO CARABOBO;9362;6;9;11;3;8;19;25;23;21;28;40;42;33;41;59;54;57;47;50;71;70;63;73;69
BINGO CARABOBO;9363;15;12;1;7;14;20;29;17;24;16;38;36;44;32;56;51;48;60;49;74;64;66;65;72
BINGO CARABOBO;9364;4;11;13;2;12;23;18;21;24;26;32;35;42;38;46;54;55;56;51;71;66;67;62;73
BINGO CARABOBO;9365;5;10;6;7;8;28;17;19;25;20;33;45;39;43;59;52;57;50;49;65;69;72;75;68
BINGO CARABOBO;9366;3;9;15;1;14;27;29;22;30;16;36;31;44;37;47;53;58;48;60;74;64;63;61;70
BINGO CARABOBO;9367;10;8;13;15;5;20;22;29;18;25;45;33;43;42;49;59;46;51;53;69;70;63;66;71
BINGO CARABOBO;9368;11;3;6;14;2;28;21;24;23;16;34;35;39;36;57;48;55;52;58;67;68;65;74;62
BINGO CARABOBO;9369;4;9;12;7;1;19;17;26;27;30;37;32;41;38;50;47;56;54;60;73;72;64;75;61
BINGO CARABOBO;9370;8;14;10;12;4;23;21;24;29;26;37;32;43;44;49;56;46;55;58;72;70;74;68;73
BINGO CARABOBO;9371;13;6;5;1;7;28;20;19;18;25;36;38;39;34;48;54;50;52;51;61;64;66;71;69
BINGO CARABOBO;9372;9;15;3;2;11;30;27;22;16;17;35;33;45;31;57;53;60;59;47;63;65;75;67;62
BINGO CARABOBO;9373;11;4;13;10;9;20;17;25;21;29;42;44;39;43;59;50;49;53;54;62;71;72;64;66
BINGO CARABOBO;9374;8;14;6;12;7;27;23;19;22;18;34;40;41;38;47;52;57;51;58;73;67;65;68;63
BINGO CARABOBO;9375;2;5;1;3;15;30;24;26;16;28;31;45;36;32;56;60;48;46;55;69;70;61;74;75
BINGO CARABOBO;9376;5;15;4;7;2;17;29;24;25;20;36;35;40;38;54;57;55;47;51;70;67;69;63;71
BINGO CARABOBO;9377;13;8;12;9;3;16;23;19;22;27;44;34;31;43;58;50;56;53;49;68;74;73;75;66
BINGO CARABOBO;9378;1;11;6;14;10;21;28;26;18;30;37;39;42;32;60;46;48;59;52;62;64;61;72;65
BINGO CARABOBO;9379;9;15;7;4;10;18;28;29;21;27;39;43;45;33;57;56;54;58;48;73;70;66;62;72
BINGO CARABOBO;9380;11;2;6;5;1;17;26;19;20;22;36;35;42;37;47;50;55;60;59;64;71;69;61;75
BINGO CARABOBO;9381;12;14;13;3;8;24;16;23;25;30;40;44;38;32;49;51;52;46;53;68;63;67;74;65
BINGO CARABOBO;9382;4;8;15;1;10;30;17;23;26;16;43;40;32;45;46;48;59;49;56;69;66;65;70;72
BINGO CARABOBO;9383;3;7;13;6;12;20;22;24;28;19;42;41;36;38;51;50;58;54;60;75;67;73;64;61
BINGO CARABOBO;9384;11;2;9;5;14;21;27;25;18;29;33;34;35;31;57;53;47;52;55;68;71;63;62;74
BINGO CARABOBO;9385;10;9;4;14;2;27;17;21;23;29;38;45;44;32;58;47;50;59;54;71;67;66;75;64
BINGO CARABOBO;9386;5;3;1;8;11;25;22;18;16;30;41;37;39;34;51;48;55;57;60;63;70;61;69;72
BINGO CARABOBO;9387;13;12;15;6;7;28;19;26;24;20;43;36;31;35;49;46;53;52;56;73;74;62;65;68
BINGO CARABOBO;9388;11;14;2;9;4;20;30;19;22;29;38;34;33;36;47;52;58;59;51;63;67;71;62;74
BINGO CARABOBO;9389;8;13;5;10;7;18;17;24;26;27;39;43;37;35;57;48;60;50;49;65;70;69;61;66
BINGO CARABOBO;9390;6;1;3;12;15;23;16;25;21;28;31;44;42;40;54;56;53;55;46;73;75;72;64;68
BINGO CARABOBO;9391;11;14;2;3;4;30;20;18;26;22;38;39;35;41;59;48;49;47;53;73;63;66;62;68
BINGO CARABOBO;9392;7;9;10;13;5;23;25;17;19;24;31;37;34;40;52;56;58;57;60;67;65;69;70;61
BINGO CARABOBO;9393;1;8;12;6;15;21;16;28;29;27;42;36;45;33;51;50;46;54;55;71;72;75;64;74
BINGO CARABOBO;9394;9;6;7;11;2;24;25;19;20;28;33;38;44;41;55;49;52;47;50;70;63;71;66;74
BINGO CARABOBO;9395;12;5;8;1;14;18;22;30;21;27;45;31;42;34;58;59;56;48;51;75;73;68;64;69
BINGO CARABOBO;9396;4;15;13;10;3;17;26;23;16;29;35;39;43;32;53;57;60;54;46;61;67;65;62;72
BINGO CARABOBO;9397;10;7;12;2;13;20;27;23;22;19;37;33;40;38;59;46;52;50;53;74;75;61;66;72
BINGO CARABOBO;9398;9;6;3;5;14;26;18;28;17;25;44;34;45;39;58;49;48;56;57;73;64;67;62;65
BINGO CARABOBO;9399;1;8;15;4;11;24;29;21;30;16;35;32;42;31;55;54;47;51;60;63;70;69;71;68
BINGO CARABOBO;9400;13;8;12;7;9;29;18;22;26;17;41;34;38;36;48;55;59;56;51;69;62;74;64;71
BINGO CARABOBO;9401;2;11;1;14;4;19;21;27;25;28;42;32;39;45;46;49;57;50;53;63;73;66;70;65
BINGO CARABOBO;9402;5;10;15;3;6;30;23;20;24;16;33;31;44;40;54;52;47;58;60;68;72;67;75;61
BINGO CARABOBO;9403;2;12;14;1;15;19;21;27;29;22;38;42;40;37;54;49;48;59;58;74;71;62;63;70
BINGO CARABOBO;9404;11;5;7;8;9;30;26;25;24;23;32;41;34;44;55;56;46;52;57;66;69;68;67;73
BINGO CARABOBO;9405;10;3;4;13;6;20;28;16;18;17;36;45;31;43;51;53;60;47;50;72;65;61;64;75
BINGO CARABOBO;9406;13;7;1;9;3;17;22;30;23;18;40;37;39;42;54;53;47;58;57;71;63;64;66;69
BINGO CARABOBO;9407;5;6;10;8;12;24;25;20;19;27;35;36;38;31;55;56;52;48;51;67;74;73;65;70
BINGO CARABOBO;9408;11;4;14;2;15;16;28;26;21;29;41;44;32;33;60;46;59;49;50;62;61;75;68;72
BINGO CARABOBO;9409;12;7;9;4;5;27;22;19;21;26;40;34;32;43;58;60;48;53;55;63;74;69;70;71
BINGO CARABOBO;9410;8;15;3;2;11;18;20;25;29;28;44;41;37;36;47;57;56;49;50;68;72;73;61;64
BINGO CARABOBO;9411;6;10;1;14;13;16;24;23;17;30;39;38;45;33;54;52;51;59;46;67;75;66;62;65
BINGO CARABOBO;9412;4;1;9;8;6;23;24;16;19;22;39;31;44;40;55;49;51;57;58;73;71;62;74;68
BINGO CARABOBO;9413;2;13;12;3;11;26;30;25;29;20;38;43;35;37;50;59;56;54;53;66;75;67;61;63
BINGO CARABOBO;9414;15;5;7;14;10;27;21;18;28;17;36;42;34;45;52;48;60;46;47;70;65;64;72;69
BINGO CARABOBO;9415;3;15;10;12;8;22;24;21;28;26;31;38;42;44;58;54;56;50;59;71;62;73;70;68
BINGO CARABOBO;9416;7;1;4;5;11;17;27;25;29;23;39;40;37;35;49;53;55;52;51;74;66;65;63;75
BINGO CARABOBO;9417;2;13;6;9;14;30;18;16;20;19;45;43;34;41;60;48;47;46;57;67;61;69;72;64
BINGO CARABOBO;9418;9;15;2;8;1;28;18;24;20;22;33;32;35;43;50;48;58;53;54;74;73;65;61;66
BINGO CARABOBO;9419;14;12;4;3;10;26;23;16;21;27;41;39;38;40;59;47;51;55;56;71;72;64;70;75
BINGO CARABOBO;9420;5;11;7;13;6;19;29;25;17;30;42;37;34;45;46;52;49;60;57;69;63;67;68;62
BINGO CARABOBO;9421;13;10;7;11;15;23;26;21;16;19;36;35;41;44;48;56;54;47;51;63;72;64;73;62
BINGO CARABOBO;9422;3;5;2;6;12;29;28;30;22;24;42;40;37;43;57;50;55;49;58;67;66;70;74;71
BINGO CARABOBO;9423;8;4;1;9;14;25;18;20;27;17;32;38;45;31;60;52;59;53;46;61;69;75;65;68
BINGO CARABOBO;9424;12;15;8;10;2;26;19;18;23;21;42;45;41;40;58;55;53;51;57;74;62;68;63;71
BINGO CARABOBO;9425;4;14;5;3;6;16;29;22;25;20;34;35;44;32;56;59;50;52;54;66;75;64;70;72
BINGO CARABOBO;9426;7;9;13;1;11;17;28;27;24;30;38;31;36;39;49;60;47;46;48;67;65;61;69;73
BINGO CARABOBO;9427;6;2;10;12;5;18;22;28;25;21;44;34;32;38;48;58;49;54;55;69;72;71;70;61
BINGO CARABOBO;9428;13;8;14;11;3;26;29;24;23;19;35;36;40;41;56;59;60;51;53;68;67;73;63;65
BINGO CARABOBO;9429;15;4;9;7;1;16;27;17;20;30;31;39;42;37;47;50;52;46;57;64;66;74;75;62
BINGO CARABOBO;9430;13;3;1;14;8;19;26;25;17;28;45;37;33;38;48;50;53;49;57;66;67;68;64;69
BINGO CARABOBO;9431;9;12;6;7;11;18;23;24;20;27;41;40;43;31;59;52;51;54;58;73;71;63;74;75
BINGO CARABOBO;9432;10;2;5;4;15;29;22;30;16;21;39;36;42;35;60;46;56;47;55;65;61;62;70;72
BINGO CARABOBO;9433;12;1;8;3;10;17;23;18;25;20;42;44;37;39;51;55;47;48;53;73;70;75;62;74
BINGO CARABOBO;9434;15;5;11;4;7;19;22;21;26;28;32;35;41;38;50;52;46;57;49;72;68;67;63;65
BINGO CARABOBO;9435;13;2;9;6;14;24;27;29;16;30;36;34;31;45;58;59;54;60;56;64;69;61;71;66
BINGO CARABOBO;9436;9;12;11;8;7;26;25;29;17;24;42;32;39;41;53;52;51;58;55;62;74;65;75;73
BINGO CARABOBO;9437;14;3;10;4;6;19;22;20;21;23;31;38;40;36;49;56;59;47;48;67;64;71;70;72
BINGO CARABOBO;9438;13;5;15;1;2;27;18;30;28;16;37;34;33;45;60;54;46;57;50;69;63;66;61;68
BINGO CARABOBO;9439;3;7;8;14;5;22;30;20;21;18;36;42;44;39;57;50;52;53;59;63;69;71;68;66
BINGO CARABOBO;9440;4;2;9;15;11;23;27;25;26;17;37;38;34;33;54;56;47;48;55;72;62;67;74;64
BINGO CARABOBO;9441;13;6;10;1;12;28;24;16;19;29;40;41;35;45;49;58;51;60;46;70;73;65;61;75
BINGO CARABOBO;9442;13;3;5;2;14;30;22;23;24;28;42;40;36;35;51;49;50;59;52;72;69;64;74;68
BINGO CARABOBO;9443;8;12;11;10;9;19;25;20;18;29;43;31;37;39;60;53;54;48;56;67;73;61;71;63
BINGO CARABOBO;9444;4;1;6;15;7;27;17;21;26;16;34;41;38;32;55;58;57;47;46;62;75;70;65;66
BINGO CARABOBO;9445;3;5;10;6;4;19;17;28;18;22;37;41;40;38;54;60;58;48;53;64;65;66;74;72
BINGO CARABOBO;9446;11;7;1;14;9;29;25;23;21;27;33;39;45;35;49;50;55;47;51;70;63;71;67;73
BINGO CARABOBO;9447;13;8;2;15;12;30;20;26;16;24;42;43;31;32;56;57;52;46;59;69;61;75;62;68
BINGO CARABOBO;9448;8;3;1;13;14;28;17;26;16;27;39;37;42;45;51;48;57;59;58;68;65;72;62;63
BINGO CARABOBO;9449;10;7;11;15;6;29;22;20;19;18;35;38;44;36;56;55;52;50;53;73;67;69;74;66
BINGO CARABOBO;9450;5;4;12;2;9;24;23;30;25;21;33;34;32;40;47;49;46;54;60;64;70;71;61;75
BINGO CARABOBO;9451;11;6;14;1;15;23;29;17;24;21;38;33;37;40;57;56;47;48;53;68;67;62;66;73
BINGO CARABOBO;9452;8;12;3;13;4;20;25;28;16;26;36;44;32;45;51;59;50;49;58;72;65;71;74;64
BINGO CARABOBO;9453;9;5;7;2;10;22;27;18;30;19;39;42;41;34;54;55;60;46;52;70;63;75;61;69
BINGO CARABOBO;9454;13;2;15;5;12;16;23;22;29;28;33;35;41;34;50;56;48;46;52;64;67;71;74;69
BINGO CARABOBO;9455;6;4;8;9;3;24;27;19;20;18;32;40;42;38;51;59;58;55;57;68;66;73;75;63
BINGO CARABOBO;9456;10;11;14;1;7;26;25;21;30;17;44;36;43;31;49;54;53;47;60;61;65;70;62;72
BINGO CARABOBO;9457;9;10;15;14;2;23;22;21;25;29;33;41;35;39;48;52;56;51;53;74;62;70;73;75
BINGO CARABOBO;9458;5;12;6;8;4;27;28;19;30;20;44;42;40;45;47;49;57;54;55;64;68;67;71;63
BINGO CARABOBO;9459;7;13;1;11;3;26;17;18;16;24;38;34;31;43;58;59;50;46;60;61;69;72;65;66
BINGO CARABOBO;9460;12;10;3;13;15;16;18;25;19;23;43;39;38;45;55;52;59;50;53;67;68;62;70;65
BINGO CARABOBO;9461;14;9;11;6;7;21;29;26;24;30;44;36;32;40;49;48;54;58;46;69;64;74;75;73
BINGO CARABOBO;9462;8;2;4;5;1;27;22;17;20;28;42;34;33;37;56;51;57;47;60;72;63;66;71;61
BINGO CARABOBO;9463;5;9;4;10;11;20;25;23;18;22;34;42;41;32;60;48;55;53;46;69;64;66;68;73
BINGO CARABOBO;9464;12;7;15;3;2;29;28;21;26;30;40;36;37;38;49;57;47;52;56;67;70;72;71;63
BINGO CARABOBO;9465;14;8;6;13;1;19;27;17;24;16;35;43;31;39;51;59;58;54;50;62;74;61;65;75
BINGO CARABOBO;9466;2;13;4;1;12;21;29;22;26;17;35;38;44;43;50;49;48;53;55;65;73;70;66;64
BINGO CARABOBO;9467;7;9;5;6;14;28;27;24;16;30;31;37;41;40;51;60;47;57;52;61;68;63;62;72
BINGO CARABOBO;9468;11;8;3;10;15;20;18;25;19;23;34;36;42;32;56;59;58;46;54;75;71;69;67;74
BINGO CARABOBO;9469;12;7;10;14;6;26;18;25;24;28;39;40;34;44;47;58;59;55;48;62;66;65;61;70
BINGO CARABOBO;9470;8;3;5;13;9;29;17;22;23;30;31;32;38;33;52;50;60;53;54;74;73;64;71;63
BINGO CARABOBO;9471;4;11;15;2;1;16;19;21;27;20;45;43;42;36;57;49;51;56;46;72;69;68;75;67
BINGO CARABOBO;9472;2;8;7;12;4;23;17;18;27;19;38;32;36;41;51;52;56;54;48;73;65;71;75;68
BINGO CARABOBO;9473;11;5;3;9;13;21;16;29;25;26;37;39;43;31;53;60;50;59;47;72;67;61;69;70
BINGO CARABOBO;9474;15;6;1;10;14;24;28;22;20;30;44;42;40;45;49;58;46;55;57;74;62;64;66;63
BINGO CARABOBO;9475;5;6;9;4;3;17;20;29;19;23;36;33;37;34;55;46;58;50;54;71;74;66;67;73
BINGO CARABOBO;9476;14;15;10;11;1;26;21;18;25;22;41;43;42;38;59;52;53;49;51;70;75;64;69;63
BINGO CARABOBO;9477;12;8;7;2;13;24;28;27;30;16;35;39;44;31;48;57;56;60;47;68;62;61;65;72
BINGO CARABOBO;9478;7;4;3;5;2;24;19;28;22;16;34;41;37;40;54;46;56;58;55;72;63;71;69;66
BINGO CARABOBO;9479;6;14;12;10;8;30;26;27;23;20;35;42;44;38;59;57;49;52;50;75;62;64;65;73
BINGO CARABOBO;9480;13;9;11;15;1;25;29;18;21;17;31;33;39;43;51;53;48;47;60;68;67;70;61;74
BINGO CARABOBO;9481;7;14;15;1;11;17;19;23;20;28;44;42;31;38;59;57;47;48;56;71;68;62;66;65
BINGO CARABOBO;9482;4;5;3;10;8;22;27;30;24;18;43;36;35;40;49;51;52;50;60;67;69;70;72;75
BINGO CARABOBO;9483;12;2;9;13;6;21;29;16;26;25;45;34;33;41;46;53;54;55;58;63;61;73;64;74
BINGO CARABOBO;9484;13;2;4;8;6;22;27;19;26;29;39;41;32;37;50;48;51;60;47;68;67;62;73;64
BINGO CARABOBO;9485;15;5;12;11;7;25;20;16;23;18;36;31;40;42;54;57;52;49;55;65;61;69;66;74
BINGO CARABOBO;9486;9;10;3;14;1;21;24;28;30;17;33;43;34;38;53;56;46;58;59;72;71;70;75;63
BINGO CARABOBO;9487;8;2;7;15;6;17;16;21;27;28;41;37;45;34;58;53;46;54;48;64;74;67;72;71
BINGO CARABOBO;9488;12;3;14;11;10;29;24;25;19;30;33;36;42;40;57;51;49;55;52;61;70;75;68;69
BINGO CARABOBO;9489;1;4;5;13;9;22;26;20;23;18;38;39;44;31;50;56;60;47;59;63;65;62;66;73
BINGO CARABOBO;9490;5;12;3;2;6;20;26;27;17;16;35;44;36;38;51;55;56;59;54;72;70;68;74;73
BINGO CARABOBO;9491;4;8;9;13;7;28;22;24;25;23;32;41;42;37;50;58;48;49;46;63;67;62;64;61
BINGO CARABOBO;9492;10;11;14;1;15;29;19;21;18;30;33;39;31;40;57;47;53;60;52;66;71;75;65;69
BINGO CARABOBO;9493;3;10;8;13;12;20;29;17;25;28;44;35;42;32;54;59;49;57;52;62;69;71;72;74
BINGO CARABOBO;9494;5;11;1;4;2;27;18;21;23;22;31;39;36;37;55;53;58;47;51;65;64;70;66;75
BINGO CARABOBO;9495;9;14;7;15;6;26;16;30;19;24;38;40;45;34;48;56;50;60;46;61;67;68;63;73
BINGO CARABOBO;9496;12;1;15;3;10;25;20;19;28;24;31;35;34;38;51;53;55;58;47;67;72;68;63;62
BINGO CARABOBO;9497;13;14;2;7;8;30;26;18;22;27;44;36;45;41;48;54;56;50;59;61;75;64;70;69
BINGO CARABOBO;9498;9;6;5;4;11;21;17;16;23;29;40;32;39;42;52;46;57;60;49;71;65;73;66;74
BINGO CARABOBO;9499;9;10;11;3;12;24;20;16;25;27;35;34;43;33;58;48;53;59;51;69;73;75;64;66
BINGO CARABOBO;9500;4;14;7;5;13;29;18;28;26;22;38;36;41;45;50;46;56;57;49;65;63;71;70;68
BINGO CARABOBO;9501;6;2;8;15;1;23;19;17;21;30;39;32;44;31;52;54;47;60;55;62;74;61;67;72
BINGO CARABOBO;9502;2;6;9;14;12;24;17;19;18;23;34;37;44;39;47;53;54;56;50;68;69;74;66;67
BINGO CARABOBO;9503;8;4;11;3;5;26;16;25;29;27;40;33;42;43;52;51;58;59;55;72;71;61;64;73
BINGO CARABOBO;9504;10;7;13;1;15;21;28;30;20;22;35;45;36;38;49;57;46;60;48;70;63;65;75;62
BINGO CARABOBO;9505;10;4;12;5;11;23;28;20;22;24;43;45;42;41;58;50;59;53;48;68;71;69;62;67
BINGO CARABOBO;9506;3;7;6;13;15;26;17;30;18;19;37;39;33;32;60;51;47;57;49;63;70;74;64;61
BINGO CARABOBO;9507;8;1;9;2;14;29;16;25;21;27;34;35;38;31;54;52;55;46;56;75;73;72;66;65
BINGO CARABOBO;9508;15;12;14;11;2;24;28;18;30;22;45;32;43;37;56;58;53;50;57;65;73;71;63;69
BINGO CARABOBO;9509;6;5;10;1;4;21;23;17;19;29;42;35;40;38;48;52;51;47;54;61;64;68;72;74
BINGO CARABOBO;9510;9;7;13;8;3;25;26;16;27;20;44;36;39;33;46;55;59;49;60;62;67;70;75;66
BINGO CARABOBO;9511;4;11;1;7;8;18;26;22;21;27;40;42;44;34;51;58;52;49;48;70;67;65;72;71
BINGO CARABOBO;9512;13;12;6;2;5;25;28;23;16;24;37;33;38;45;55;53;59;50;57;63;64;74;66;69
BINGO CARABOBO;9513;10;9;14;3;15;20;17;29;30;19;32;39;43;35;56;54;60;47;46;73;62;61;68;75
BINGO CARABOBO;9514;3;15;7;9;10;28;23;24;29;18;33;39;41;44;53;51;57;46;49;68;67;65;66;70
BINGO CARABOBO;9515;4;8;11;14;1;19;22;25;20;26;36;43;32;40;48;54;58;59;52;71;63;69;72;73
BINGO CARABOBO;9516;13;12;5;6;2;30;27;17;21;16;37;42;31;45;55;47;50;60;56;61;62;74;64;75
BINGO CARABOBO;9517;4;11;5;13;15;25;21;23;27;19;37;32;38;36;58;46;48;50;60;74;63;73;75;70
BINGO CARABOBO;9518;8;6;10;7;12;26;29;20;24;30;41;40;45;44;52;51;53;49;54;64;69;67;65;62
BINGO CARABOBO;9519;1;3;14;9;2;22;18;17;16;28;31;39;43;34;59;57;47;56;55;72;66;61;71;68
BINGO CARABOBO;9520;7;12;11;8;2;18;16;25;24;29;31;44;35;39;47;52;59;49;50;66;74;71;75;62
BINGO CARABOBO;9521;10;1;5;9;14;21;27;23;22;28;43;36;32;38;48;53;54;51;57;68;70;69;65;73
BINGO CARABOBO;9522;4;15;13;3;6;26;17;20;19;30;40;37;33;42;58;60;55;46;56;63;64;72;67;61
BINGO CARABOBO;9523;7;6;14;2;5;24;29;26;27;19;38;36;44;31;52;48;58;57;49;63;71;61;73;66
BINGO CARABOBO;9524;3;10;9;1;11;18;30;28;22;25;33;42;43;34;56;46;51;50;59;70;64;69;74;68
BINGO CARABOBO;9525;15;12;8;13;4;16;20;21;17;23;35;37;41;40;55;53;47;60;54;67;65;72;62;75
BINGO CARABOBO;9526;9;7;14;3;8;25;22;19;18;20;42;39;43;36;46;47;55;57;49;63;70;65;72;73
BINGO CARABOBO;9527;11;10;13;4;12;17;21;29;16;28;35;41;44;38;56;50;54;48;53;71;75;62;64;68
BINGO CARABOBO;9528;5;2;1;6;15;24;27;26;30;23;32;33;31;45;52;51;58;60;59;66;69;74;67;61
BINGO CARABOBO;9529;7;2;6;12;14;28;23;27;29;26;41;43;36;44;50;49;47;54;48;71;74;70;69;62
BINGO CARABOBO;9530;10;4;13;11;9;20;25;19;24;21;39;33;42;31;56;59;53;55;52;66;72;63;61;64
BINGO CARABOBO;9531;8;5;3;15;1;18;17;30;22;16;40;32;34;35;57;60;46;58;51;68;73;75;67;65
BINGO CARABOBO;9532;8;6;3;13;1;21;23;16;18;22;39;35;44;40;49;53;47;58;60;66;65;64;68;73
BINGO CARABOBO;9533;15;5;7;10;9;25;29;17;28;26;42;38;41;33;52;50;57;54;48;74;61;67;70;71
BINGO CARABOBO;9534;14;2;12;11;4;27;19;20;30;24;36;43;32;31;55;56;59;51;46;72;75;69;63;62
BINGO CARABOBO;9535;12;10;5;3;6;29;20;27;19;26;43;45;32;36;56;47;58;52;50;72;73;66;71;65
BINGO CARABOBO;9536;9;2;7;4;8;18;24;25;21;22;39;37;40;33;51;49;57;54;55;75;70;67;63;74
BINGO CARABOBO;9537;14;1;11;13;15;23;28;17;30;16;31;42;34;44;60;48;59;53;46;68;64;69;62;61
BINGO CARABOBO;9538;10;2;3;9;12;20;29;22;17;19;44;34;43;35;59;52;48;53;50;61;66;68;63;67
BINGO CARABOBO;9539;14;7;13;8;4;23;21;27;30;16;37;33;45;41;51;47;58;54;60;62;73;69;72;75
BINGO CARABOBO;9540;6;5;1;11;15;24;25;26;18;28;39;40;38;32;55;56;49;57;46;65;71;74;70;64
BINGO CARABOBO;9541;5;2;1;13;6;21;23;26;24;28;42;38;45;36;48;49;54;47;59;70;75;66;67;74
BINGO CARABOBO;9542;4;8;12;7;9;17;22;29;18;16;40;39;33;34;50;52;57;60;56;65;69;68;72;73
BINGO CARABOBO;9543;10;11;14;15;3;27;25;30;20;19;35;41;37;32;53;46;55;51;58;63;71;61;64;62
BINGO CARABOBO;9544;2;3;7;12;9;18;21;22;19;23;37;41;44;39;59;56;46;53;58;66;69;71;68;73
BINGO CARABOBO;9545;11;4;5;14;13;28;29;17;27;16;40;31;43;33;51;57;50;60;49;62;65;72;70;75
BINGO CARABOBO;9546;8;10;15;1;6;30;24;25;20;26;32;38;35;36;54;52;55;48;47;63;64;74;61;67
BINGO CARABOBO;9547;4;10;7;5;14;16;21;22;19;27;33;34;43;36;47;48;46;54;50;63;71;61;69;72
BINGO CARABOBO;9548;11;12;9;15;6;20;28;29;24;23;39;42;41;35;53;55;57;58;49;64;66;67;74;73
BINGO CARABOBO;9549;8;13;1;3;2;26;18;25;30;17;45;32;31;40;59;52;51;56;60;70;68;65;62;75
BINGO CARABOBO;9550;3;12;5;14;4;19;17;20;22;30;38;45;40;34;51;52;55;58;54;73;75;69;66;68
BINGO CARABOBO;9551;7;9;8;13;6;26;23;18;27;16;37;36;33;31;48;53;46;56;59;63;70;67;74;65
BINGO CARABOBO;9552;15;10;2;1;11;24;28;25;29;21;32;44;39;42;50;49;47;57;60;71;64;72;61;62
BINGO CARABOBO;9553;14;9;10;11;4;19;28;18;29;27;44;35;43;34;57;51;56;55;54;62;69;73;70;66
BINGO CARABOBO;9554;5;8;12;3;7;22;26;16;25;20;31;36;33;42;58;48;46;49;53;61;72;64;71;74
BINGO CARABOBO;9555;6;1;13;2;15;30;21;23;17;24;41;38;45;32;60;59;47;50;52;75;68;65;63;67
BINGO CARABOBO;9556;8;15;3;6;10;17;27;30;18;29;36;38;31;41;57;49;47;48;60;64;74;73;65;66
BINGO CARABOBO;9557;1;11;2;7;14;20;23;21;24;22;35;34;45;32;52;58;54;50;56;72;75;70;67;69
BINGO CARABOBO;9558;9;12;5;13;4;25;16;28;26;19;42;44;33;39;53;59;51;55;46;63;71;61;62;68
BINGO CARABOBO;9559;1;13;14;12;5;29;19;27;17;25;33;35;37;42;55;48;59;49;52;72;74;62;71;70
BINGO CARABOBO;9560;11;3;6;7;9;26;20;23;21;30;32;36;38;44;46;47;57;54;51;68;75;69;65;73
BINGO CARABOBO;9561;15;10;4;2;8;24;22;28;18;16;34;45;31;41;58;60;50;56;53;64;66;63;67;61
BINGO CARABOBO;9562;15;12;11;1;3;25;20;22;17;29;39;35;45;36;46;54;50;53;49;70;69;73;62;66
BINGO CARABOBO;9563;2;9;13;7;10;16;26;18;19;24;42;43;34;38;52;60;55;57;56;72;71;74;64;63
BINGO CARABOBO;9564;5;4;14;6;8;23;27;28;30;21;41;37;40;31;59;51;48;58;47;68;67;65;75;61
BINGO CARABOBO;9565;9;6;15;2;3;29;26;28;18;17;44;42;38;41;47;53;49;52;54;61;70;72;65;68
BINGO CARABOBO;9566;1;8;12;13;14;30;23;24;16;22;37;43;45;32;51;58;48;55;57;64;74;71;69;67
BINGO CARABOBO;9567;7;10;11;5;4;21;27;20;19;25;39;33;31;40;56;59;46;50;60;66;63;73;62;75
BINGO CARABOBO;9568;4;5;9;10;11;20;23;21;22;17;40;42;31;45;47;54;49;59;50;75;72;74;69;64
BINGO CARABOBO;9569;7;14;6;15;8;28;19;25;27;30;36;32;37;44;58;60;51;53;48;73;63;71;61;68
BINGO CARABOBO;9570;2;1;12;3;13;18;29;24;26;16;34;41;43;33;55;52;56;46;57;65;70;66;62;67
BINGO CARABOBO;9571;14;4;1;11;2;25;20;22;29;21;34;44;37;39;48;49;47;59;55;64;61;72;69;70
BINGO CARABOBO;9572;13;9;8;6;3;19;17;24;26;28;41;38;40;45;53;54;50;52;57;75;65;67;71;73
BINGO CARABOBO;9573;10;15;7;12;5;23;30;16;27;18;33;42;31;43;58;60;51;46;56;74;63;68;66;62
BINGO CARABOBO;9574;9;8;4;14;3;21;19;22;25;29;43;34;40;42;51;52;49;57;48;64;71;73;66;68
BINGO CARABOBO;9575;13;15;6;12;11;17;24;20;18;27;41;39;35;36;47;58;54;53;59;72;63;61;70;65
BINGO CARABOBO;9576;7;1;2;5;10;26;16;30;23;28;33;38;37;45;50;46;56;55;60;69;62;74;75;67
BINGO CARABOBO;9577;13;10;3;12;15;26;27;20;22;28;38;45;33;31;57;47;50;54;55;70;65;66;63;69
BINGO CARABOBO;9578;2;14;8;1;6;24;21;16;30;29;34;40;41;36;51;52;53;58;59;62;71;67;72;74
BINGO CARABOBO;9579;7;5;9;4;11;25;23;18;17;19;37;42;44;32;49;60;48;46;56;73;75;61;64;68
BINGO CARABOBO;9580;9;7;14;8;15;24;19;17;23;30;35;36;38;34;51;56;52;53;60;65;66;70;75;63
BINGO CARABOBO;9581;4;12;1;5;6;22;18;25;20;21;40;43;33;32;58;57;54;46;47;67;71;68;74;62
BINGO CARABOBO;9582;3;11;10;13;2;26;28;16;29;27;44;42;39;45;50;59;48;49;55;72;69;61;73;64
BINGO CARABOBO;9583;6;10;11;9;12;27;17;29;20;28;40;32;38;34;50;57;54;52;56;67;69;71;66;61
BINGO CARABOBO;9584;2;15;1;8;14;30;21;25;26;16;41;36;31;37;46;53;59;55;58;63;64;65;68;73
BINGO CARABOBO;9585;13;4;5;7;3;19;23;24;18;22;43;42;35;33;48;47;51;49;60;74;75;70;62;72
BINGO CARABOBO;9586;10;12;11;7;2;19;26;18;20;27;32;38;40;35;54;51;52;46;48;69;62;70;71;68
BINGO CARABOBO;9587;8;5;1;13;6;28;16;24;23;17;37;41;39;43;55;57;53;58;56;65;67;64;72;61
BINGO CARABOBO;9588;14;4;9;15;3;25;29;22;30;21;45;31;42;44;50;59;49;47;60;73;66;63;75;74
BINGO CARABOBO;9589;4;1;6;9;7;24;28;26;25;22;42;31;40;34;47;52;48;59;49;65;63;74;66;62
BINGO CARABOBO;9590;5;2;13;8;11;29;27;18;21;23;43;33;39;45;56;50;58;57;60;70;73;64;71;69
BINGO CARABOBO;9591;10;15;3;14;12;30;20;16;17;19;32;41;37;44;55;53;46;54;51;68;67;72;61;75
BINGO CARABOBO;9592;13;7;11;6;8;28;17;18;22;27;39;32;36;37;55;48;52;60;56;62;70;61;71;65
BINGO CARABOBO;9593;5;3;2;1;10;23;25;29;24;19;31;43;44;34;50;49;57;47;54;74;64;73;75;67
BINGO CARABOBO;9594;9;14;12;15;4;21;30;20;26;16;40;42;38;33;58;59;51;53;46;63;68;66;72;69
BINGO CARABOBO;9595;9;14;8;2;1;19;25;29;17;28;42;35;38;34;47;57;50;56;55;70;67;73;68;69
BINGO CARABOBO;9596;5;10;13;6;4;22;24;23;21;20;41;45;32;43;48;52;54;53;59;64;66;72;65;74
BINGO CARABOBO;9597;7;12;11;15;3;27;30;16;26;18;44;33;36;31;51;46;58;60;49;61;71;63;75;62
BINGO CARABOBO;9598;6;3;12;13;2;27;29;19;25;21;44;40;37;41;48;53;56;52;51;63;68;69;71;62
BINGO CARABOBO;9599;5;10;11;8;1;26;22;23;18;28;35;33;32;42;49;50;54;58;47;67;61;66;74;75
BINGO CARABOBO;9600;7;9;4;14;15;20;17;16;30;24;45;36;38;43;55;57;59;60;46;65;72;70;64;73
BINGO CARABOBO;9601;5;14;13;9;6;17;27;24;21;28;45;34;40;37;52;51;54;49;56;64;71;66;68;69
BINGO CARABOBO;9602;8;11;3;1;4;20;18;23;25;19;38;43;39;35;60;59;47;50;53;67;70;62;65;72
BINGO CARABOBO;9603;7;10;2;15;12;22;16;30;26;29;42;44;33;31;58;48;55;57;46;75;63;74;61;73
BINGO CARABOBO;9604;6;14;7;10;8;25;21;28;19;18;42;43;40;38;53;48;52;55;59;70;69;74;63;65
BINGO CARABOBO;9605;3;13;1;9;15;27;24;29;23;22;39;45;36;44;56;49;51;54;50;62;68;73;61;72
BINGO CARABOBO;9606;2;5;11;12;4;17;26;20;16;30;37;41;33;31;47;58;57;60;46;66;71;64;75;67
BINGO CARABOBO;9607;11;10;4;12;3;16;19;18;23;28;36;43;45;31;49;51;48;54;59;72;63;75;70;74
BINGO CARABOBO;9608;2;9;6;8;1;21;29;17;22;20;38;40;34;35;58;50;52;53;47;64;61;62;71;69
BINGO CARABOBO;9609;13;5;14;7;15;26;27;24;25;30;42;39;37;32;56;46;57;60;55;66;67;68;65;73
BINGO CARABOBO;9610;13;5;10;12;7;18;19;27;28;30;32;33;38;35;53;47;57;59;55;73;62;68;64;69
BINGO CARABOBO;9611;6;4;11;9;14;22;16;24;26;23;44;36;37;39;48;58;52;56;49;65;66;72;70;63
BINGO CARABOBO;9612;3;8;2;15;1;25;21;29;20;17;42;43;45;31;51;50;46;60;54;61;71;74;75;67
BINGO CARABOBO;9613;10;12;14;2;3;29;26;23;17;20;42;38;43;32;54;59;55;48;53;67;62;69;74;65
BINGO CARABOBO;9614;7;8;9;11;13;21;30;16;27;24;44;39;37;45;52;47;57;49;60;64;63;68;72;73
BINGO CARABOBO;9615;6;4;15;1;5;25;19;22;18;28;34;40;41;31;46;56;58;50;51;66;75;61;71;70
BINGO CARABOBO;9616;2;12;6;11;14;27;30;28;19;22;43;33;41;45;46;54;57;53;59;72;74;65;64;71
BINGO CARABOBO;9617;4;1;9;13;10;23;20;26;17;29;37;39;36;40;52;47;58;49;50;73;68;70;62;75
BINGO CARABOBO;9618;8;7;3;5;15;24;21;25;16;18;32;38;42;44;48;55;56;60;51;67;63;66;61;69
BINGO CARABOBO;9619;7;3;5;8;9;23;20;29;26;22;31;40;37;41;56;59;60;47;48;75;69;68;67;70
BINGO CARABOBO;9620;13;12;4;2;14;27;28;18;19;16;32;34;36;45;51;54;50;57;49;64;62;66;61;72
BINGO CARABOBO;9621;11;15;6;10;1;30;24;21;25;17;38;35;43;39;58;46;53;55;52;65;73;71;74;63
BINGO CARABOBO;9622;7;15;8;3;2;28;19;25;30;23;39;44;43;34;52;58;56;55;49;74;61;63;64;70
BINGO CARABOBO;9623;4;10;6;5;11;27;22;24;26;20;35;36;41;42;51;50;53;54;47;73;69;62;71;72
BINGO CARABOBO;9624;9;14;13;12;1;18;17;29;21;16;45;38;37;32;59;60;48;57;46;66;68;67;75;65
BINGO CARABOBO;9625;11;15;6;2;9;30;20;19;28;21;40;34;32;39;55;49;56;54;60;66;67;65;64;75
BINGO CARABOBO;9626;3;5;12;8;10;26;24;22;25;27;41;42;31;45;59;46;57;52;47;62;71;72;68;70
BINGO CARABOBO;9627;7;4;13;1;14;16;18;17;23;29;44;43;33;35;53;51;50;48;58;73;63;69;61;74
BINGO CARABOBO;9628;2;5;12;14;11;26;25;29;19;18;33;36;32;35;56;51;48;50;58;62;68;63;65;71
BINGO CARABOBO;9629;3;10;7;4;8;27;24;22;23;17;40;31;41;39;55;59;47;57;54;73;69;67;66;74
BINGO CARABOBO;9630;9;1;6;15;13;20;30;21;28;16;38;34;42;45;52;53;46;49;60;72;64;75;61;70
BINGO CARABOBO;9631;7;10;11;12;2;27;23;22;20;21;37;44;32;41;49;56;48;47;52;61;68;70;72;69
BINGO CARABOBO;9632;15;3;8;4;13;17;29;26;30;24;40;35;42;36;60;51;59;46;57;73;74;63;66;71
BINGO CARABOBO;9633;9;5;6;14;1;16;25;18;19;28;43;31;39;33;54;53;55;58;50;75;62;64;65;67
BINGO CARABOBO;9634;1;3;9;6;4;20;25;26;24;22;43;34;44;40;60;57;48;47;53;70;68;62;63;72
BINGO CARABOBO;9635;12;2;5;7;8;16;23;19;17;28;35;42;36;45;58;54;51;50;55;64;66;71;67;75
BINGO CARABOBO;9636;14;13;15;10;11;29;18;27;21;30;32;39;31;38;56;46;52;49;59;61;65;69;73;74
BINGO CARABOBO;9637;11;12;5;4;6;26;20;21;24;23;36;44;43;32;46;49;50;52;58;66;65;68;73;74
BINGO CARABOBO;9638;9;10;13;7;2;18;27;17;16;28;45;42;33;40;56;59;60;53;54;62;67;72;61;69
BINGO CARABOBO;9639;8;3;15;14;1;29;22;19;25;30;41;31;34;35;48;51;47;57;55;63;64;75;70;71
BINGO CARABOBO;9640;5;4;14;10;15;20;26;16;25;17;42;39;33;34;58;55;49;47;48;71;67;75;68;72
BINGO CARABOBO;9641;11;12;2;6;9;22;21;19;30;28;36;37;45;38;54;56;51;50;52;66;64;62;70;65
BINGO CARABOBO;9642;13;7;3;8;1;23;18;29;24;27;31;35;41;44;59;53;57;60;46;63;69;73;61;74
BINGO CARABOBO;9643;6;5;13;3;8;22;27;19;26;23;40;41;37;35;59;58;49;53;54;63;67;72;61;73
BINGO CARABOBO;9644;2;12;4;14;11;21;25;24;30;18;33;39;42;38;51;57;47;60;48;70;64;66;68;74
BINGO CARABOBO;9645;7;1;9;10;15;20;28;29;17;16;36;34;44;45;56;55;50;52;46;65;71;69;62;75
BINGO CARABOBO;9646;7;11;8;13;12;28;20;18;26;23;44;31;41;38;58;49;56;57;47;71;63;68;75;64
BINGO CARABOBO;9647;14;4;10;5;6;17;24;25;27;21;37;42;40;36;55;51;54;48;50;67;65;70;62;72
BINGO CARABOBO;9648;9;1;3;15;2;19;22;29;16;30;33;39;32;45;59;60;46;53;52;66;73;74;69;61
BINGO CARABOBO;9649;3;8;10;13;15;17;21;20;23;30;44;38;42;39;46;49;57;48;53;71;73;66;69;61
BINGO CARABOBO;9650;5;4;12;7;2;18;22;24;28;27;45;40;41;37;59;50;54;51;47;62;64;65;68;63
BINGO CARABOBO;9651;6;11;14;9;1;16;26;29;25;19;34;35;31;43;55;58;56;60;52;74;70;72;67;75
BINGO CARABOBO;9652;9;12;4;13;10;28;27;24;18;21;40;36;41;38;51;50;56;47;55;65;69;73;64;70
BINGO CARABOBO;9653;11;7;8;5;6;30;25;22;19;26;42;45;43;35;52;49;57;54;59;63;61;71;74;72
BINGO CARABOBO;9654;14;2;15;1;3;20;23;29;16;17;39;33;34;44;48;53;58;60;46;68;67;66;62;75
BINGO CARABOBO;9655;13;1;4;9;8;26;29;17;23;30;42;37;38;44;53;55;47;59;52;65;71;73;74;63
BINGO CARABOBO;9656;10;3;11;14;12;24;21;27;19;16;41;33;32;35;54;58;49;50;51;67;68;70;72;69
BINGO CARABOBO;9657;6;15;7;2;5;22;20;25;18;28;34;36;43;45;48;60;46;56;57;66;62;64;61;75
BINGO CARABOBO;9658;12;11;3;10;4;22;16;24;28;23;38;37;44;43;54;52;51;50;55;69;63;71;70;65
BINGO CARABOBO;9659;7;9;5;8;15;17;19;18;25;29;40;33;39;41;59;46;48;56;60;73;62;75;67;72
BINGO CARABOBO;9660;14;1;6;13;2;21;27;20;26;30;34;35;31;36;58;49;47;53;57;74;66;68;64;61
BINGO CARABOBO;9661;6;9;7;15;5;27;30;28;26;17;38;43;41;32;60;47;48;58;52;69;70;65;73;64
BINGO CARABOBO;9662;13;4;11;2;12;21;20;25;22;23;44;42;31;37;53;59;55;54;50;72;74;62;71;66
BINGO CARABOBO;9663;10;8;1;14;3;16;24;19;29;18;35;40;33;36;57;51;49;56;46;61;63;68;67;75
BINGO CARABOBO;9664;4;9;3;11;1;26;19;20;25;30;41;35;33;39;54;55;58;47;49;75;67;74;72;70
BINGO CARABOBO;9665;10;12;7;13;15;21;18;29;24;28;40;42;44;32;52;59;53;48;56;62;73;65;69;64
BINGO CARABOBO;9666;5;8;6;14;2;27;23;16;22;17;31;45;43;36;57;50;60;46;51;63;66;68;71;61
BINGO CARABOBO;9667;10;7;5;12;9;28;25;17;20;21;39;33;40;32;59;51;46;53;57;62;65;70;73;71
BINGO CARABOBO;9668;2;4;13;3;6;29;18;22;26;24;38;42;35;37;49;54;56;52;58;69;74;64;63;72
BINGO CARABOBO;9669;8;1;14;15;11;27;23;16;30;19;45;36;31;43;50;60;55;47;48;75;67;66;61;68
BINGO CARABOBO;9670;11;5;14;13;12;24;16;25;18;19;34;40;31;38;53;51;55;56;52;63;65;70;72;68
BINGO CARABOBO;9671;10;7;8;2;4;28;23;20;29;27;44;37;45;33;58;47;59;48;49;62;69;67;71;66
BINGO CARABOBO;9672;15;9;1;6;3;30;17;26;22;21;43;41;32;35;50;57;54;46;60;64;61;73;75;74
BINGO CARABOBO;9673;7;8;9;10;4;22;16;30;26;25;44;40;39;32;59;57;51;55;48;68;70;66;71;72
BINGO CARABOBO;9674;13;6;2;14;11;19;24;28;17;27;37;31;33;36;53;60;54;50;47;75;74;61;69;62
BINGO CARABOBO;9675;5;15;1;12;3;23;20;21;18;29;38;43;45;35;58;56;52;49;46;64;65;73;63;67
BINGO CARABOBO;9676;13;6;7;10;14;29;16;23;26;28;33;31;45;37;58;57;59;46;49;62;72;64;65;70
BINGO CARABOBO;9677;15;3;12;8;2;25;18;17;24;19;35;43;38;32;51;56;48;47;54;61;66;69;68;67
BINGO CARABOBO;9678;5;9;4;11;1;22;21;27;30;20;36;39;44;40;55;53;52;60;50;73;75;74;63;71
BINGO CARABOBO;9679;12;1;7;2;8;18;30;20;24;16;44;40;33;37;47;58;51;59;53;66;65;73;63;69
BINGO CARABOBO;9680;13;5;15;4;3;21;22;17;26;25;36;39;38;41;55;49;60;50;56;74;64;72;61;68
BINGO CARABOBO;9681;9;6;11;10;14;28;27;23;19;29;43;34;31;42;54;57;46;52;48;71;67;70;62;75
BINGO CARABOBO;9682;8;2;12;15;1;26;23;25;30;17;43;38;44;39;58;47;52;53;49;74;72;70;62;61
BINGO CARABOBO;9683;14;5;9;4;10;28;21;27;24;22;36;45;32;40;59;51;57;46;54;68;75;66;64;65
BINGO CARABOBO;9684;11;7;3;13;6;29;19;18;20;16;37;34;41;33;56;50;60;55;48;69;71;73;63;67
BINGO CARABOBO;9685;3;5;7;13;2;20;18;30;24;27;39;45;40;42;56;48;50;57;49;66;75;67;65;69
BINGO CARABOBO;9686;6;11;14;12;9;22;26;28;17;29;31;35;38;34;53;51;55;59;47;74;72;64;68;61
BINGO CARABOBO;9687;8;10;4;1;15;21;23;19;16;25;44;33;41;36;54;46;60;58;52;63;70;71;62;73
BINGO CARABOBO;9688;14;13;12;3;8;20;18;17;27;28;36;43;41;34;50;52;46;60;54;74;62;73;67;66
BINGO CARABOBO;9689;10;11;5;7;6;19;23;24;26;22;38;42;40;45;57;58;56;47;49;65;61;63;72;64
BINGO CARABOBO;9690;9;4;15;2;1;16;25;29;30;21;39;33;37;44;48;55;53;51;59;69;70;71;68;75
BINGO CARABOBO;9691;11;10;14;5;2;25;20;21;16;19;38;36;39;35;51;52;58;60;49;68;64;74;63;65
BINGO CARABOBO;9692;9;8;15;7;1;22;28;27;23;29;40;34;45;44;53;57;50;48;55;71;70;62;72;66
BINGO CARABOBO;9693;3;13;4;6;12;17;24;18;26;30;33;37;31;42;54;56;59;47;46;69;73;67;75;61
BINGO CARABOBO;9694;8;11;14;4;3;17;28;26;24;25;41;39;40;36;49;59;56;57;47;61;63;71;65;66
BINGO CARABOBO;9695;13;9;6;7;12;22;30;20;16;19;42;32;44;34;51;50;54;58;55;67;69;74;75;72
BINGO CARABOBO;9696;10;2;5;1;15;18;23;27;21;29;33;38;37;31;53;52;60;48;46;70;64;68;73;62
BINGO CARABOBO;9697;6;10;5;8;2;29;21;25;17;27;37;40;38;35;53;58;55;50;60;61;64;68;74;66
BINGO CARABOBO;9698;12;14;11;1;15;30;22;16;24;23;44;45;33;36;46;51;56;54;47;73;62;69;72;63
BINGO CARABOBO;9699;3;7;13;9;4;19;26;20;28;18;34;43;31;32;59;52;57;48;49;67;65;71;70;75
BINGO CARABOBO;9700;8;11;12;9;14;21;26;28;24;18;32;44;41;38;52;48;59;58;51;62;63;61;69;65
BINGO CARABOBO;9701;13;3;4;5;6;29;27;25;23;20;34;40;36;35;54;56;49;57;50;68;70;72;73;64
BINGO CARABOBO;9702;15;10;2;7;1;30;16;19;22;17;39;33;45;31;60;47;53;46;55;66;71;67;74;75
BINGO CARABOBO;9703;6;14;3;11;13;20;28;21;19;25;32;33;40;35;56;49;59;58;54;73;74;70;75;71
BINGO CARABOBO;9704;7;9;5;15;10;22;23;18;24;30;44;41;43;34;47;55;48;53;60;64;67;61;68;72
BINGO CARABOBO;9705;8;4;2;1;12;26;17;16;29;27;39;42;45;31;46;57;50;51;52;66;65;62;63;69
BINGO CARABOBO;9706;6;3;13;11;14;27;21;22;28;19;36;45;44;32;51;55;58;48;54;63;72;73;74;70
BINGO CARABOBO;9707;5;9;8;2;4;25;29;17;23;24;39;35;37;41;50;56;47;46;53;62;68;69;71;65
BINGO CARABOBO;9708;7;1;12;15;10;20;18;26;30;16;40;31;43;42;57;49;59;52;60;66;67;64;75;61
BINGO CARABOBO;9709;3;10;9;7;2;28;21;24;16;23;37;33;41;40;59;46;52;53;50;65;69;66;67;63
BINGO CARABOBO;9710;12;13;4;8;11;29;22;27;19;26;43;31;38;42;58;56;57;55;54;74;70;61;75;71
BINGO CARABOBO;9711;15;6;1;5;14;30;17;18;20;25;36;45;32;44;49;51;48;60;47;64;72;68;62;73
BINGO CARABOBO;9712;9;3;4;14;13;26;23;29;16;22;40;34;32;44;48;51;58;52;47;65;62;74;64;67
BINGO CARABOBO;9713;10;11;1;7;12;18;21;24;20;27;31;37;36;45;55;56;57;53;54;66;68;75;71;63
BINGO CARABOBO;9714;6;15;8;2;5;25;28;17;19;30;41;42;38;33;49;59;46;50;60;70;72;73;61;69
BINGO CARABOBO;9715;11;13;4;1;15;24;30;16;21;25;41;39;36;34;54;49;59;47;53;65;72;70;75;69
BINGO CARABOBO;9716;2;7;6;9;12;22;17;20;27;18;37;45;40;32;48;50;55;56;57;68;63;71;67;66
BINGO CARABOBO;9717;5;3;8;10;14;19;29;28;23;26;33;35;31;38;60;52;51;58;46;73;64;61;74;62
BINGO CARABOBO;9718;14;1;5;9;12;29;26;20;22;23;35;33;44;40;51;49;57;59;48;67;73;68;71;72
BINGO CARABOBO;9719;4;15;8;2;13;21;24;27;28;30;37;32;39;43;55;47;53;58;50;70;69;61;64;65
BINGO CARABOBO;9720;7;6;3;10;11;18;19;17;25;16;42;31;45;38;54;46;56;52;60;74;66;63;62;75
BINGO CARABOBO;9721;1;10;8;13;11;30;25;29;26;24;41;44;35;31;47;48;58;50;51;68;74;69;62;70
BINGO CARABOBO;9722;6;2;15;14;4;21;17;23;20;19;36;42;33;39;57;54;56;55;53;64;66;72;73;67
BINGO CARABOBO;9723;5;12;9;3;7;16;27;18;28;22;32;40;38;45;60;59;52;46;49;65;71;63;75;61
BINGO CARABOBO;9724;8;5;7;1;4;21;27;23;19;25;34;40;33;44;54;58;48;49;52;71;70;69;66;63
BINGO CARABOBO;9725;14;6;9;10;3;22;17;16;29;26;38;37;42;32;50;47;57;60;53;61;64;68;73;74
BINGO CARABOBO;9726;12;11;15;13;2;18;28;30;20;24;36;31;39;45;56;46;51;59;55;65;67;72;62;75
BINGO CARABOBO;9727;11;12;6;1;3;18;19;22;16;23;44;37;40;45;56;59;54;55;58;74;61;68;62;66
BINGO CARABOBO;9728;8;13;14;2;5;17;21;27;25;28;33;39;38;32;57;52;53;48;49;64;72;69;70;63
BINGO CARABOBO;9729;9;10;7;4;15;26;29;24;20;30;31;42;34;43;51;47;50;60;46;71;73;75;67;65
BINGO CARABOBO;9730;12;4;14;7;9;23;29;20;16;19;33;34;44;35;49;52;53;51;48;74;64;66;61;75
BINGO CARABOBO;9731;11;5;10;3;15;21;24;26;30;18;37;32;40;41;50;54;58;55;59;71;73;67;69;70
BINGO CARABOBO;9732;2;8;6;1;13;22;25;27;28;17;39;45;38;31;57;47;46;56;60;63;68;65;62;72
BINGO CARABOBO;9733;2;13;11;9;15;17;20;26;21;28;39;35;36;43;49;60;51;47;58;68;73;67;69;72
BINGO CARABOBO;9734;12;4;14;8;10;18;24;25;30;16;37;40;45;42;50;53;56;57;54;66;65;64;71;70
BINGO CARABOBO;9735;7;1;5;3;6;27;22;23;29;19;38;33;31;34;48;55;46;52;59;61;74;62;63;75
BINGO CARABOBO;9736;6;2;8;13;9;18;21;22;30;17;37;41;34;40;55;57;56;49;58;66;69;65;64;70
BINGO CARABOBO;9737;11;14;10;4;7;27;25;26;20;24;42;44;36;43;48;59;60;52;47;73;62;72;68;71
BINGO CARABOBO;9738;15;5;12;3;1;28;16;19;23;29;45;32;31;38;51;50;53;54;46;61;75;67;74;63
BINGO CARABOBO;9739;10;11;13;8;14;17;19;29;26;20;41;36;44;35;50;55;51;53;47;70;63;65;72;73
BINGO CARABOBO;9740;2;3;1;5;9;23;21;30;27;25;38;40;39;34;52;54;56;58;60;64;61;74;68;66
BINGO CARABOBO;9741;12;4;7;15;6;18;24;28;16;22;45;32;31;37;59;46;48;49;57;67;69;71;62;75
BINGO CARABOBO;9742;9;13;5;4;10;20;18;22;21;29;41;44;35;33;59;60;48;50;57;67;69;64;70;72
BINGO CARABOBO;9743;2;3;15;8;14;28;25;24;17;19;39;38;40;42;52;55;49;53;56;65;73;66;74;61
BINGO CARABOBO;9744;7;6;1;11;12;26;30;23;27;16;31;32;45;37;47;58;51;54;46;62;75;68;71;63
BINGO CARABOBO;9745;3;2;12;5;15;24;19;23;18;21;43;31;37;42;59;53;55;54;52;65;72;62;63;73
BINGO CARABOBO;9746;14;6;8;1;4;25;20;17;16;27;38;40;41;34;58;51;49;50;47;68;67;74;66;64
BINGO CARABOBO;9747;11;13;9;10;7;26;29;28;30;22;36;32;45;35;56;46;57;48;60;70;71;61;69;75
BINGO CARABOBO;9748;8;1;11;10;4;21;29;22;19;17;41;32;37;33;58;50;52;53;49;65;75;64;70;71
BINGO CARABOBO;9749;13;3;14;12;2;23;26;27;16;28;42;44;38;39;57;46;59;51;60;63;67;66;73;62
BINGO CARABOBO;9750;7;9;6;15;5;30;20;24;25;18;43;45;40;35;56;48;55;54;47;72;68;69;74;61
BINGO CARABOBO;9751;15;12;4;11;5;24;22;17;28;21;33;36;43;42;51;47;59;49;48;68;73;62;69;67
BINGO CARABOBO;9752;14;10;13;8;1;25;29;30;26;19;32;44;39;34;57;56;53;54;60;65;72;64;74;66
BINGO CARABOBO;9753;6;9;7;2;3;20;23;18;27;16;45;38;31;40;50;55;46;52;58;71;75;70;61;63
BINGO CARABOBO;9754;6;12;13;10;3;20;21;23;28;25;39;34;36;42;50;49;59;51;60;74;68;71;72;62
BINGO CARABOBO;9755;11;5;8;2;7;27;18;29;22;16;40;37;31;41;58;53;48;52;47;66;67;70;61;75
BINGO CARABOBO;9756;15;1;14;4;9;17;19;24;26;30;43;35;45;38;55;56;57;46;54;65;69;73;63;64
BINGO CARABOBO;9757;12;8;3;1;2;18;26;19;23;20;32;43;41;40;49;56;47;53;51;64;73;65;63;68
BINGO CARABOBO;9758;4;5;13;11;15;29;25;28;17;27;34;33;36;37;50;55;46;54;59;62;72;74;71;70
BINGO CARABOBO;9759;9;10;7;6;14;22;24;30;16;21;44;31;39;45;57;58;48;60;52;69;61;66;67;75
BINGO CARABOBO;9760;3;2;8;12;11;22;21;19;25;29;41;44;32;42;60;54;52;47;48;62;67;69;73;63
BINGO CARABOBO;9761;9;15;5;4;10;28;27;16;20;26;34;43;45;37;56;58;57;46;55;64;68;74;75;71
BINGO CARABOBO;9762;6;7;13;1;14;18;24;17;30;23;31;35;38;33;51;50;53;49;59;65;70;66;61;72
BINGO CARABOBO;9763;2;7;4;1;10;17;24;29;16;27;40;39;32;35;57;56;59;46;54;67;74;70;68;64
BINGO CARABOBO;9764;12;8;6;3;5;26;23;25;22;18;43;37;34;42;52;53;49;51;48;71;66;63;65;69
BINGO CARABOBO;9765;11;13;14;9;15;28;30;21;19;20;44;36;33;41;55;58;50;47;60;62;61;75;73;72
BINGO CARABOBO;9766;11;14;4;12;2;23;25;22;26;27;35;33;39;37;53;55;51;58;47;66;62;69;61;70
BINGO CARABOBO;9767;13;10;3;9;8;16;29;30;18;19;38;36;32;31;60;50;46;48;54;64;72;67;73;68
BINGO CARABOBO;9768;7;1;15;5;6;20;28;17;24;21;41;43;42;34;59;49;56;57;52;71;75;65;74;63
BINGO CARABOBO;9769;5;3;10;1;6;28;24;19;25;26;39;42;32;33;58;48;47;53;56;72;64;68;66;74
BINGO CARABOBO;9770;2;14;7;11;15;27;22;18;21;23;36;35;45;40;50;52;60;49;51;69;75;67;71;73
BINGO CARABOBO;9771;8;4;13;9;12;20;29;17;30;16;37;31;44;38;57;54;55;59;46;63;65;61;62;70
BINGO CARABOBO;9772;8;13;5;4;11;30;25;27;28;18;42;37;40;32;52;60;51;57;48;64;69;70;63;65
BINGO CARABOBO;9773;12;6;15;3;7;21;20;24;22;23;36;39;33;43;59;56;54;47;46;67;73;68;72;75
BINGO CARABOBO;9774;2;10;9;14;1;17;16;26;19;29;45;35;41;31;50;55;49;53;58;66;71;61;62;74
BINGO CARABOBO;9775;12;9;10;8;5;27;16;24;20;29;40;32;41;34;56;58;60;57;47;73;69;67;64;62
BINGO CARABOBO;9776;2;15;3;11;4;25;18;28;26;19;39;35;44;43;48;51;55;54;49;65;66;68;70;75
BINGO CARABOBO;9777;1;7;13;14;6;21;30;23;22;17;42;38;33;31;52;50;59;46;53;72;74;63;71;61
BINGO CARABOBO;9778;12;11;13;9;5;22;25;21;17;28;44;35;41;36;56;50;49;59;51;71;61;65;66;73
BINGO CARABOBO;9779;8;6;2;14;10;19;20;24;18;26;42;39;40;31;54;57;53;46;48;74;72;69;63;67
BINGO CARABOBO;9780;3;7;4;15;1;23;30;27;29;16;33;43;37;45;52;55;47;58;60;64;75;68;62;70
BINGO CARABOBO;9781;9;13;2;15;8;18;21;28;16;29;32;33;42;39;50;51;46;49;55;67;62;73;68;65
BINGO CARABOBO;9782;12;3;1;10;11;20;27;22;19;24;34;38;35;40;58;52;53;56;54;63;69;70;64;66
BINGO CARABOBO;9783;7;5;6;4;14;25;23;26;30;17;41;43;31;44;47;60;57;59;48;72;74;61;71;75
BINGO CARABOBO;9784;1;7;15;10;14;28;17;22;25;16;43;37;36;39;47;50;57;52;46;64;71;62;67;70
BINGO CARABOBO;9785;4;13;9;6;12;18;20;26;23;29;41;34;38;44;49;59;53;48;58;68;73;69;66;61
BINGO CARABOBO;9786;5;11;3;8;2;27;21;24;30;19;33;42;40;45;54;55;56;60;51;74;72;65;75;63
BINGO CARABOBO;9787;11;2;12;13;9;22;27;20;19;30;42;32;35;31;46;52;58;55;50;68;66;72;65;73
BINGO CARABOBO;9788;8;10;14;4;6;18;24;23;21;26;41;45;36;43;57;59;56;51;47;63;70;67;64;71
BINGO CARABOBO;9789;7;15;5;3;1;17;16;28;29;25;38;44;40;34;49;48;54;60;53;69;74;61;75;62
BINGO CARABOBO;9790;11;9;3;4;8;28;30;22;25;26;34;44;33;41;55;46;56;49;52;64;62;63;74;68
BINGO CARABOBO;9791;14;15;2;12;7;17;20;21;18;24;38;40;35;39;50;57;60;51;47;69;61;66;72;73
BINGO CARABOBO;9792;10;13;6;5;1;29;19;16;27;23;42;37;45;31;54;58;53;59;48;71;75;67;65;70
BINGO CARABOBO;9793;9;8;10;4;6;24;22;17;29;28;37;31;41;34;48;47;51;56;49;61;72;67;62;63
BINGO CARABOBO;9794;11;7;1;2;5;26;23;27;30;20;39;43;36;35;55;54;58;50;59;75;64;71;70;73
BINGO CARABOBO;9795;3;12;15;13;14;21;19;18;16;25;42;44;45;40;53;57;52;60;46;68;65;69;74;66
BINGO CARABOBO;9796;3;10;2;11;5;17;27;21;26;29;34;40;37;39;57;58;49;53;52;62;63;68;71;72
BINGO CARABOBO;9797;14;13;12;4;15;19;16;23;20;22;38;42;33;36;47;56;59;55;54;69;75;65;64;67
BINGO CARABOBO;9798;7;8;9;6;1;25;24;28;30;18;41;35;43;32;60;48;46;50;51;66;70;73;61;74
BINGO CARABOBO;9799;2;14;6;10;3;29;17;28;20;22;35;42;36;37;48;50;52;59;53;64;70;63;68;72
BINGO CARABOBO;9800;12;7;15;13;5;27;19;25;23;21;31;38;43;34;51;56;57;55;54;71;65;69;75;67
BINGO CARABOBO;9801;1;8;11;9;4;18;26;30;16;24;32;44;45;33;58;46;60;49;47;62;66;73;61;74
BINGO CARABOBO;9802;2;7;12;14;6;19;23;25;26;30;32;33;34;42;53;47;46;59;56;73;62;69;64;72
BINGO CARABOBO;9803;11;9;1;10;3;21;20;28;27;17;43;44;40;39;48;58;54;57;49;65;68;71;67;66
BINGO CARABOBO;9804;13;8;5;15;4;18;24;29;22;16;38;37;41;31;52;51;50;55;60;74;63;61;75;70
BINGO CARABOBO;9805;7;9;6;13;3;30;18;28;22;21;33;37;42;44;56;54;51;59;49;73;70;63;68;71
BINGO CARABOBO;9806;4;10;11;14;12;23;25;26;19;17;39;34;40;31;53;52;47;55;48;74;69;67;72;62
BINGO CARABOBO;9807;5;15;1;8;2;20;27;16;29;24;41;38;32;36;50;58;57;60;46;66;65;75;61;64
BINGO CARABOBO;9808;8;12;11;3;10;18;24;25;28;29;36;39;33;37;52;59;48;56;47;69;71;63;65;73
BINGO CARABOBO;9809;7;5;15;2;13;27;17;23;30;22;44;40;38;35;46;53;58;51;60;74;66;72;75;61
BINGO CARABOBO;9810;9;14;4;1;6;20;16;21;26;19;34;45;43;41;57;49;50;54;55;68;64;67;62;70
BINGO CARABOBO;9811;13;5;3;15;9;27;26;18;25;16;42;38;36;44;55;60;52;54;53;64;62;63;65;66
BINGO CARABOBO;9812;11;10;1;6;7;21;20;29;17;22;35;39;43;33;57;48;47;50;51;74;75;69;72;67
BINGO CARABOBO;9813;4;12;14;2;8;23;28;30;24;19;40;34;45;32;46;49;58;59;56;70;71;68;73;61
BINGO CARABOBO;9814;14;7;2;11;5;25;27;16;23;24;32;36;37;35;47;53;54;50;59;69;68;70;66;74
BINGO CARABOBO;9815;3;9;6;4;10;19;28;30;18;29;41;42;45;34;55;52;51;56;48;63;72;65;62;75
BINGO CARABOBO;9816;13;8;12;1;15;20;17;22;21;26;40;39;43;44;46;57;49;60;58;64;61;67;71;73
BINGO CARABOBO;9817;6;5;1;12;7;29;19;18;25;20;40;32;42;31;50;58;51;49;55;62;67;71;73;64
BINGO CARABOBO;9818;14;3;9;15;8;26;27;24;28;30;38;35;37;41;56;54;53;57;60;68;65;66;74;63
BINGO CARABOBO;9819;11;10;4;2;13;17;21;22;23;16;39;44;33;45;52;48;46;47;59;69;75;70;72;61
BINGO CARABOBO;9820;11;3;10;14;7;18;29;17;24;20;37;39;32;35;53;48;49;55;47;62;68;63;69;73
BINGO CARABOBO;9821;12;9;2;6;1;27;26;21;25;28;40;42;31;33;50;51;46;58;60;66;70;72;71;67
BINGO CARABOBO;9822;13;15;4;8;5;30;23;19;22;16;36;44;43;34;56;54;59;52;57;64;74;65;75;61
BINGO CARABOBO;9823;2;5;10;13;9;28;18;17;19;30;37;44;32;45;52;55;58;47;53;68;63;67;69;66
BINGO CARABOBO;9824;8;12;3;1;11;20;26;27;29;22;40;35;41;36;59;51;48;54;57;73;62;61;71;72
BINGO CARABOBO;9825;14;6;7;15;4;24;23;16;25;21;42;31;39;33;50;49;56;60;46;74;70;65;64;75
BINGO CARABOBO;9826;14;1;7;9;8;19;24;25;28;26;38;33;32;43;59;56;47;46;55;68;66;74;64;69
BINGO CARABOBO;9827;3;2;15;13;4;17;21;30;23;22;37;42;34;41;49;54;57;52;58;73;63;72;70;62
BINGO CARABOBO;9828;10;6;11;5;12;16;20;27;18;29;44;39;31;40;51;53;48;50;60;67;65;71;61;75
BINGO CARABOBO;9829;6;7;3;9;8;23;16;21;25;27;43;44;42;32;46;53;49;51;58;70;69;71;73;74
BINGO CARABOBO;9830;13;12;14;10;11;18;22;29;24;17;45;36;34;39;48;56;57;52;55;62;67;72;68;64
BINGO CARABOBO;9831;1;15;4;2;5;26;20;30;28;19;33;31;38;40;59;47;60;50;54;65;63;66;75;61
BINGO CARABOBO;9832;13;8;14;12;4;16;23;28;25;18;39;37;34;38;55;52;46;59;58;68;66;61;70;63
BINGO CARABOBO;9833;10;11;2;15;6;22;29;21;26;19;41;40;45;42;56;57;51;54;50;64;73;69;71;67
BINGO CARABOBO;9834;9;1;3;7;5;24;20;27;17;30;33;32;35;43;60;48;49;53;47;65;72;74;62;75
BINGO CARABOBO;9835;10;9;2;5;12;25;16;26;29;17;44;37;45;32;48;54;58;59;60;74;62;71;70;64
BINGO CARABOBO;9836;4;11;3;13;15;24;28;19;20;23;38;34;31;35;51;57;52;46;55;73;66;72;61;67
BINGO CARABOBO;9837;7;6;8;1;14;22;30;21;18;27;40;36;41;42;53;50;47;56;49;65;68;63;69;75
BINGO CARABOBO;9838;8;7;5;6;4;26;29;22;17;21;42;40;32;35;56;48;55;57;60;66;75;62;69;72
BINGO CARABOBO;9839;13;2;10;11;9;27;18;23;20;24;36;41;39;38;52;46;50;59;53;74;71;64;63;68
BINGO CARABOBO;9840;14;15;1;12;3;30;16;19;25;28;31;34;33;45;49;54;58;47;51;73;67;65;61;70
BINGO CARABOBO;9841;9;13;4;3;7;29;28;26;23;17;32;44;43;45;52;55;59;49;58;73;61;69;72;63
BINGO CARABOBO;9842;12;10;5;15;8;19;20;27;18;21;35;41;33;37;48;54;50;57;46;70;71;74;68;65
BINGO CARABOBO;9843;14;11;1;2;6;24;25;22;16;30;31;38;40;34;56;51;60;53;47;64;67;66;62;75
BINGO CARABOBO;9844;10;12;8;5;4;28;27;29;20;26;38;34;39;41;52;51;58;54;50;62;63;72;73;64
BINGO CARABOBO;9845;6;2;7;15;13;21;19;17;18;24;44;36;33;42;53;49;56;47;48;67;65;74;71;70
BINGO CARABOBO;9846;14;3;11;9;1;23;22;25;30;16;32;37;40;45;57;55;59;60;46;68;69;61;66;75
BINGO CARABOBO;9847;15;10;6;11;7;19;24;26;20;21;36;32;44;37;47;50;48;46;56;70;65;73;61;69
BINGO CARABOBO;9848;8;4;9;2;12;28;23;16;22;27;43;38;34;35;59;51;55;60;49;72;71;63;66;67
BINGO CARABOBO;9849;3;5;1;13;14;30;25;17;29;18;33;40;45;39;57;53;54;58;52;64;74;75;68;62
BINGO CARABOBO;9850;3;10;1;9;11;18;22;19;20;29;40;31;42;41;58;47;46;60;49;64;68;65;75;72
BINGO CARABOBO;9851;14;2;8;13;7;24;26;23;28;27;43;34;44;38;55;57;59;52;54;73;63;70;71;62
BINGO CARABOBO;9852;5;15;12;6;4;17;21;25;30;16;36;39;32;45;53;48;56;51;50;69;66;67;61;74
BINGO CARABOBO;9853;11;13;2;4;9;30;19;20;18;23;40;44;43;37;52;48;49;46;57;72;71;67;70;63
BINGO CARABOBO;9854;5;10;14;7;3;26;28;17;16;22;38;39;41;34;51;59;58;53;50;66;69;62;68;61
BINGO CARABOBO;9855;6;1;12;8;15;27;24;29;25;21;35;33;31;45;55;60;54;56;47;65;74;75;73;64
BINGO CARABOBO;9856;6;11;13;4;15;29;22;26;20;18;44;37;36;41;60;56;47;59;53;73;66;62;61;74
BINGO CARABOBO;9857;2;5;3;8;9;24;25;21;17;19;42;39;32;38;54;49;58;51;55;68;67;72;64;70
BINGO CARABOBO;9858;10;12;14;1;7;23;16;28;30;27;34;31;45;43;46;50;48;52;57;71;65;69;75;63
BINGO CARABOBO;9859;3;4;6;9;8;25;26;20;19;24;36;44;35;42;59;53;57;52;56;74;62;67;71;75
BINGO CARABOBO;9860;2;10;14;5;11;17;22;23;28;27;33;38;31;34;49;58;46;55;48;70;72;63;73;66
BINGO CARABOBO;9861;12;7;13;15;1;29;16;21;30;18;32;41;37;43;50;51;54;47;60;65;61;68;69;64
BINGO CARABOBO;9862;12;6;9;8;7;18;25;29;27;21;35;43;33;40;56;53;57;58;55;66;67;72;74;70
BINGO CARABOBO;9863;10;1;14;15;5;17;26;19;28;24;32;41;34;38;52;46;49;50;51;71;69;68;65;73
BINGO CARABOBO;9864;11;4;2;3;13;16;30;22;23;20;36;37;45;39;54;47;48;60;59;63;64;75;61;62
BINGO CARABOBO;9865;12;5;2;3;14;19;28;27;30;29;45;42;32;40;58;53;49;54;48;62;68;61;70;65
BINGO CARABOBO;9866;8;10;6;4;13;21;25;17;23;26;37;39;38;43;60;51;55;59;52;69;72;66;64;73
BINGO CARABOBO;9867;9;15;11;7;1;20;16;18;22;24;36;44;31;35;50;56;47;57;46;63;74;71;67;75
BINGO CARABOBO;9868;11;7;4;9;12;24;26;28;23;22;42;43;32;35;56;55;48;59;57;71;66;72;70;63
BINGO CARABOBO;9869;2;3;10;6;14;20;27;25;18;29;33;39;36;41;58;50;53;52;47;69;73;75;64;68
BINGO CARABOBO;9870;8;13;15;5;1;17;19;16;21;30;34;37;38;31;49;51;46;60;54;61;67;65;74;62
BINGO CARABOBO;9871;2;10;5;12;8;29;27;17;20;24;45;38;35;36;48;46;53;57;55;67;66;74;62;61
BINGO CARABOBO;9872;9;1;11;6;4;16;23;25;19;30;44;32;41;42;60;54;56;47;52;70;73;69;71;63
BINGO CARABOBO;9873;14;13;15;3;7;22;26;21;28;18;34;39;31;43;58;59;51;50;49;68;65;72;64;75
BINGO CARABOBO;9874;5;11;7;9;6;19;28;30;20;22;33;32;37;40;49;53;47;46;58;73;71;69;75;62
BINGO CARABOBO;9875;4;10;14;2;8;18;16;27;29;26;36;43;44;42;60;54;56;57;51;67;64;66;63;65
BINGO CARABOBO;9876;12;13;1;15;3;25;23;24;21;17;39;34;31;45;55;50;59;52;48;70;68;72;74;61
BINGO CARABOBO;9877;4;11;8;2;7;23;21;24;27;19;33;38;32;37;59;54;55;48;56;74;64;69;68;72
BINGO CARABOBO;9878;15;3;5;9;1;26;30;16;17;29;41;44;40;36;52;51;58;53;46;75;71;66;70;62
BINGO CARABOBO;9879;13;12;10;14;6;22;28;20;18;25;42;34;45;31;50;60;47;57;49;65;73;67;63;61
BINGO CARABOBO;9880;3;4;2;6;14;20;18;28;22;25;42;41;33;38;55;52;50;54;47;63;66;64;72;62
BINGO CARABOBO;9881;11;1;10;13;12;16;24;26;29;27;34;36;32;39;51;58;56;53;60;65;67;68;71;73
BINGO CARABOBO;9882;5;8;7;9;15;19;21;17;30;23;37;40;45;31;57;46;48;59;49;74;61;70;69;75
BINGO CARABOBO;9883;14;13;10;4;6;24;17;18;20;22;32;41;43;31;56;57;50;52;58;67;74;62;68;64
BINGO CARABOBO;9884;3;9;5;7;11;26;19;25;16;27;35;33;40;44;48;60;53;51;49;66;63;71;65;69
BINGO CARABOBO;9885;2;8;12;15;1;21;29;23;28;30;45;42;37;39;46;54;59;47;55;70;73;72;75;61
BINGO CARABOBO;9886;9;15;3;12;11;28;24;23;21;26;43;40;42;36;48;58;51;54;47;74;70;71;67;65
BINGO CARABOBO;9887;7;6;10;14;2;25;17;20;27;29;39;35;38;41;55;50;56;57;59;69;72;64;63;61
BINGO CARABOBO;9888;8;1;5;4;13;22;30;16;18;19;37;34;44;45;53;49;60;46;52;73;62;68;75;66
BINGO CARABOBO;9889;10;14;9;6;15;19;21;27;18;20;38;41;39;42;53;58;55;49;60;75;66;65;73;68
BINGO CARABOBO;9890;11;12;7;1;2;23;25;24;28;30;35;37;33;36;46;51;54;56;59;69;63;64;72;62
BINGO CARABOBO;9891;4;8;3;5;13;17;26;16;29;22;34;45;31;32;48;52;57;50;47;70;67;71;74;61
BINGO CARABOBO;9892;7;9;6;4;10;19;20;23;18;16;40;42;37;31;47;51;57;58;53;74;64;62;69;65
BINGO CARABOBO;9893;1;5;13;8;12;22;24;21;25;27;35;33;38;39;55;59;50;56;49;67;70;61;66;72
BINGO CARABOBO;9894;2;14;3;11;15;28;29;17;26;30;36;32;43;45;52;60;48;54;46;71;73;68;75;63
BINGO CARABOBO;9895;13;9;8;3;5;30;20;23;22;26;34;32;40;33;49;48;59;58;55;63;64;67;73;65
BINGO CARABOBO;9896;7;10;4;14;12;24;25;19;17;27;35;44;38;42;47;60;53;51;54;72;62;74;75;68
BINGO CARABOBO;9897;11;15;1;6;2;18;29;21;16;28;45;39;31;36;56;50;52;46;57;69;66;71;70;61
BINGO CARABOBO;9898;7;9;4;2;5;22;20;17;24;25;40;35;38;39;59;48;52;56;47;68;73;75;61;74
BINGO CARABOBO;9899;15;10;3;11;12;19;26;28;21;23;32;44;37;41;49;60;50;46;55;62;70;67;69;65
BINGO CARABOBO;9900;8;6;13;1;14;27;18;30;16;29;36;31;45;33;57;53;54;58;51;71;66;72;63;64
BINGO CARABOBO;9901;4;7;11;9;3;18;25;16;20;27;44;36;43;40;58;49;51;56;53;67;72;61;63;74
BINGO CARABOBO;9902;14;13;6;1;2;22;26;23;24;30;31;34;45;39;47;50;52;48;60;66;70;64;73;69
BINGO CARABOBO;9903;5;10;12;15;8;19;21;28;29;17;35;32;37;33;55;57;54;46;59;68;75;65;71;62
BINGO CARABOBO;9904;14;9;12;5;4;19;18;20;28;22;44;42;33;40;52;54;55;47;46;68;61;73;63;66
BINGO CARABOBO;9905;11;15;7;2;8;30;17;23;21;26;41;34;35;45;51;49;50;60;57;74;72;70;71;65
BINGO CARABOBO;9906;3;10;1;13;6;29;16;25;24;27;39;38;37;31;53;58;59;48;56;67;69;64;75;62
BINGO CARABOBO;9907;11;2;15;10;8;24;30;16;18;25;38;37;34;45;53;47;46;58;52;67;71;65;73;69
BINGO CARABOBO;9908;7;13;1;6;4;20;27;21;28;17;32;42;43;35;50;48;54;56;49;70;62;74;72;66
BINGO CARABOBO;9909;5;9;12;14;3;22;23;26;29;19;44;31;36;39;51;59;57;60;55;64;63;75;61;68
BINGO CARABOBO;9910;12;10;14;3;6;26;23;18;16;17;44;41;38;32;53;49;56;47;48;70;62;68;74;72
BINGO CARABOBO;9911;8;7;11;13;9;30;19;27;25;28;42;36;43;35;52;46;54;50;51;66;69;75;71;64
BINGO CARABOBO;9912;2;5;1;15;4;22;24;21;20;29;39;45;33;40;58;55;59;57;60;61;65;73;67;63
BINGO CARABOBO;9913;2;11;3;7;9;19;20;24;25;26;39;36;37;43;59;47;58;50;53;62;69;67;72;71
BINGO CARABOBO;9914;5;14;12;13;10;22;27;29;23;18;40;31;41;45;57;54;56;55;52;65;68;74;75;70
BINGO CARABOBO;9915;8;4;6;1;15;16;17;28;21;30;34;44;42;33;60;49;51;48;46;64;63;66;61;73
BINGO CARABOBO;9916;3;6;2;9;15;27;28;24;21;25;39;31;40;35;53;49;55;56;57;72;71;70;73;69
BINGO CARABOBO;9917;13;5;14;4;1;29;20;22;19;18;34;38;42;32;47;58;50;52;48;67;68;63;74;65
BINGO CARABOBO;9918;10;7;11;8;12;30;16;23;26;17;44;45;41;37;51;54;59;46;60;64;66;62;61;75
BINGO CARABOBO;9919;2;11;3;15;8;29;18;21;30;20;41;42;44;32;54;52;49;55;57;67;66;64;72;74
BINGO CARABOBO;9920;13;10;9;14;4;19;23;27;25;22;36;43;45;35;56;53;59;51;48;71;68;70;73;62
BINGO CARABOBO;9921;7;6;5;1;12;17;26;24;28;16;34;38;37;31;50;46;58;47;60;69;65;61;63;75
BINGO CARABOBO;9922;3;12;9;11;4;30;24;17;22;28;40;36;35;38;55;59;57;58;56;74;64;63;66;70
BINGO CARABOBO;9923;2;10;6;13;8;26;23;27;18;20;39;34;32;37;60;52;48;50;49;61;75;69;71;65
BINGO CARABOBO;9924;7;1;14;15;5;25;21;19;16;29;33;41;42;31;47;54;53;46;51;72;62;68;67;73
BINGO CARABOBO;9925;3;10;13;6;12;28;17;27;26;20;42;38;41;34;55;52;57;53;50;70;64;71;61;67
BINGO CARABOBO;9926;7;14;5;9;1;23;19;21;25;29;43;39;44;37;59;46;56;49;48;65;63;62;69;68
BINGO CARABOBO;9927;15;2;8;11;4;18;30;24;22;16;36;33;32;45;51;58;54;60;47;74;66;73;72;75
BINGO CARABOBO;9928;9;13;12;4;7;29;23;24;22;25;41;34;38;36;49;55;58;47;56;70;63;65;62;67
BINGO CARABOBO;9929;10;2;11;3;8;21;19;26;16;27;37;42;35;40;48;60;46;53;52;69;74;66;68;71
BINGO CARABOBO;9930;5;6;14;15;1;18;28;20;17;30;44;33;31;45;51;50;57;54;59;73;72;61;64;75
BINGO CARABOBO;9931;9;15;12;8;3;19;21;22;18;23;40;43;35;39;53;58;56;48;54;64;72;71;67;68
BINGO CARABOBO;9932;5;10;7;11;2;26;25;17;28;29;31;45;33;37;57;52;51;55;46;69;73;63;74;61
BINGO CARABOBO;9933;4;14;6;13;1;20;30;16;24;27;34;41;32;42;49;59;50;60;47;65;66;70;75;62
BINGO CARABOBO;9934;14;8;11;6;10;26;28;17;25;21;37;44;40;43;52;53;50;57;56;73;75;69;67;70
BINGO CARABOBO;9935;12;13;5;2;4;24;18;16;23;29;33;42;32;38;47;49;59;60;51;74;65;64;68;66
BINGO CARABOBO;9936;7;1;15;9;3;20;27;19;30;22;39;34;45;31;55;48;46;58;54;71;63;61;72;62
BINGO CARABOBO;9937;12;7;4;10;6;21;26;20;29;19;32;36;42;35;47;58;56;57;54;62;69;73;66;63
BINGO CARABOBO;9938;3;9;14;8;11;24;30;27;25;23;37;38;39;41;55;51;46;48;53;75;71;64;74;72
BINGO CARABOBO;9939;2;5;13;15;1;22;17;28;16;18;31;40;33;45;50;60;49;52;59;65;67;61;70;68
BINGO CARABOBO;9940;8;11;3;6;10;27;18;24;26;23;32;38;40;37;53;60;46;48;56;75;66;70;65;62
BINGO CARABOBO;9941;4;12;7;9;1;29;17;21;28;25;33;44;41;43;49;52;59;55;51;69;61;72;67;74
BINGO CARABOBO;9942;14;13;5;15;2;30;20;19;16;22;36;35;31;39;50;57;54;47;58;64;73;71;63;68
BINGO CARABOBO;9943;14;15;5;4;10;25;23;17;18;27;32;35;33;41;54;47;49;52;46;67;72;64;71;68
BINGO CARABOBO;9944;2;8;13;11;3;28;29;16;26;21;31;36;45;39;57;60;53;51;58;65;70;63;73;66
BINGO CARABOBO;9945;7;9;1;12;6;22;24;20;30;19;42;40;34;44;48;55;50;56;59;74;75;69;61;62
BINGO CARABOBO;9946;10;7;8;11;2;30;28;17;25;26;45;43;35;40;50;58;59;52;57;74;72;70;73;75
BINGO CARABOBO;9947;15;6;9;4;12;29;19;27;24;18;37;34;44;36;48;53;49;47;51;64;65;67;71;66
BINGO CARABOBO;9948;14;13;5;1;3;22;21;20;16;23;39;32;41;31;55;56;60;54;46;62;63;69;68;61
BINGO CARABOBO;9949;11;7;1;14;15;23;21;28;25;18;32;42;44;34;50;55;47;54;58;65;69;74;64;67
BINGO CARABOBO;9950;3;5;12;9;10;29;26;22;27;19;37;31;35;36;57;60;46;51;53;63;72;73;75;70
BINGO CARABOBO;9951;6;8;4;13;2;17;24;20;16;30;43;33;45;41;56;49;52;48;59;71;66;62;61;68
BINGO CARABOBO;9952;4;5;8;10;11;24;26;17;21;30;39;45;33;34;60;52;50;58;47;62;64;66;73;63
BINGO CARABOBO;9953;9;2;7;3;14;25;19;27;20;28;38;44;35;32;56;48;49;53;57;65;61;68;69;75
BINGO CARABOBO;9954;12;13;6;1;15;22;29;18;23;16;31;40;37;43;54;55;51;59;46;71;72;70;67;74
BINGO CARABOBO;9955;6;8;1;13;2;25;18;22;29;24;34;38;40;31;58;57;46;48;56;69;65;64;74;70
BINGO CARABOBO;9956;15;12;4;9;10;27;26;30;21;16;37;36;44;39;59;47;52;53;54;61;73;67;71;72
BINGO CARABOBO;9957;3;7;11;14;5;23;20;28;19;17;42;32;33;43;55;51;50;60;49;66;63;62;68;75
BINGO CARABOBO;9958;2;6;13;4;9;24;26;23;28;17;40;42;32;31;55;56;52;59;51;67;64;74;68;72
BINGO CARABOBO;9959;15;5;7;14;12;18;20;21;25;29;33;34;39;37;47;57;50;48;54;62;61;71;63;73
BINGO CARABOBO;9960;10;1;3;11;8;22;16;27;30;19;36;45;35;43;49;46;58;60;53;70;66;65;75;69
BINGO CARABOBO;9961;6;5;8;14;4;30;20;24;29;19;41;44;33;35;47;51;54;58;48;63;71;73;70;62
BINGO CARABOBO;9962;9;7;12;13;1;22;18;27;28;26;38;36;32;45;59;56;50;55;53;65;69;61;68;64
BINGO CARABOBO;9963;10;3;11;15;2;25;16;17;21;23;37;34;40;31;49;60;46;57;52;66;72;74;75;67
BINGO CARABOBO;9964;11;14;5;3;12;24;16;18;20;28;42;43;44;31;49;58;51;55;47;63;68;71;73;74
BINGO CARABOBO;9965;15;8;13;1;4;21;22;25;26;27;35;33;34;37;54;53;52;57;50;61;72;69;65;67
BINGO CARABOBO;9966;10;7;6;2;9;17;29;30;23;19;38;40;32;39;59;48;56;60;46;64;66;70;75;62
BINGO CARABOBO;9967;6;14;15;12;13;28;21;16;29;24;39;42;36;43;51;53;55;54;59;74;64;67;63;61
BINGO CARABOBO;9968;8;11;2;5;10;20;27;25;22;26;35;32;40;34;48;49;50;52;57;73;72;71;75;68
BINGO CARABOBO;9969;9;3;1;4;7;30;19;18;17;23;33;38;45;31;46;56;60;47;58;66;65;70;62;69
BINGO CARABOBO;9970;8;7;9;5;1;19;20;30;25;18;42;32;38;44;53;47;52;57;48;64;73;62;63;67
BINGO CARABOBO;9971;11;3;14;12;10;24;28;27;22;26;36;34;39;40;54;51;56;49;55;68;69;66;71;74
BINGO CARABOBO;9972;6;4;2;15;13;21;23;16;29;17;41;31;43;45;50;58;59;46;60;70;65;75;72;61
BINGO CARABOBO;9973;6;8;11;13;4;27;19;26;30;25;34;31;41;36;52;49;56;58;59;67;70;71;61;69
BINGO CARABOBO;9974;14;10;5;15;3;28;24;17;22;18;43;44;42;40;51;55;57;47;48;72;63;62;73;75
BINGO CARABOBO;9975;2;12;7;1;9;20;16;23;29;21;32;45;33;39;50;46;54;60;53;66;65;74;68;64
BINGO CARABOBO;9976;9;14;7;15;4;20;24;28;19;23;35;43;44;41;49;56;50;46;60;73;66;69;61;68
BINGO CARABOBO;9977;10;3;6;5;11;22;26;16;30;18;31;38;42;33;55;52;57;53;51;74;67;72;64;63
BINGO CARABOBO;9978;2;8;1;12;13;21;29;27;17;25;34;36;32;39;48;58;47;54;59;75;71;70;62;65
BINGO CARABOBO;9979;9;4;3;6;2;26;28;18;22;20;41;31;37;34;50;59;58;54;53;67;65;71;70;63
BINGO CARABOBO;9980;8;12;13;7;10;29;23;21;24;25;42;33;39;38;47;52;56;60;51;72;62;64;66;69
BINGO CARABOBO;9981;11;15;5;1;14;30;19;27;16;17;44;36;45;40;57;48;49;55;46;73;68;75;74;61
BINGO CARABOBO;9982;2;1;10;14;7;28;16;26;17;29;45;40;32;35;48;50;57;53;56;66;70;65;69;61
BINGO CARABOBO;9983;12;4;3;13;8;20;22;23;25;19;39;43;34;38;54;59;55;47;51;71;63;64;74;67
BINGO CARABOBO;9984;9;6;11;5;15;24;21;30;27;18;31;44;33;41;58;52;49;60;46;68;73;72;62;75
BINGO CARABOBO;9985;1;15;3;8;10;16;26;21;24;29;44;37;35;43;50;49;53;57;46;66;63;72;67;68
BINGO CARABOBO;9986;12;7;11;9;13;22;19;25;23;17;42;34;39;36;59;58;47;54;52;65;69;62;64;73
BINGO CARABOBO;9987;6;5;4;14;2;20;28;30;27;18;31;38;45;32;48;51;60;56;55;74;70;71;75;61
BINGO CARABOBO;9988;7;5;3;12;9;22;21;28;16;20;38;44;42;32;54;48;50;56;59;71;67;72;61;63
BINGO CARABOBO;9989;8;2;14;6;1;17;24;30;23;27;31;35;41;37;57;51;47;49;52;74;65;73;64;70
BINGO CARABOBO;9990;13;4;11;15;10;29;19;25;18;26;43;45;36;34;60;55;53;58;46;68;66;69;62;75
BINGO CARABOBO;9991;10;1;11;9;6;17;27;24;29;28;34;37;43;32;60;57;59;54;46;73;64;75;62;66
BINGO CARABOBO;9992;3;12;13;15;4;20;26;21;22;19;41;31;38;33;58;49;50;51;48;68;72;63;69;67
BINGO CARABOBO;9993;8;2;14;7;5;23;25;30;16;18;44;45;36;40;52;55;53;47;56;71;65;61;74;70
BINGO CARABOBO;9994;11;9;10;3;6;20;24;29;26;28;38;39;40;45;55;53;49;58;52;74;63;71;72;66
BINGO CARABOBO;9995;12;7;8;5;14;16;27;22;21;18;32;43;42;41;59;51;50;57;54;73;62;68;64;69
BINGO CARABOBO;9996;2;13;15;4;1;23;25;30;19;17;35;34;33;31;48;56;47;46;60;67;70;65;75;61
BINGO CARABOBO;9997;5;9;8;11;15;22;17;29;23;20;37;33;38;31;60;55;54;48;50;70;68;75;72;62
BINGO CARABOBO;9998;3;2;4;7;13;21;25;26;19;24;42;41;34;40;57;51;56;59;49;64;61;66;67;65
BINGO CARABOBO;9999;12;6;10;14;1;27;30;18;16;28;35;32;44;39;53;46;52;47;58;73;71;74;63;69
BINGO CARABOBO;10000;8;12;9;11;2;22;29;24;28;25;41;44;37;36;57;54;52;58;48;70;73;61;72;66
BINGO CARABOBO;10001;4;15;7;6;3;26;21;30;19;17;33;43;40;32;47;55;59;50;53;69;71;63;67;65
BINGO CARABOBO;10002;5;10;14;13;1;16;27;20;18;23;38;34;31;45;51;60;56;46;49;64;74;75;68;62